# fw=nextui workload=menuidle start=2026-09-13 22:27:19 gov=performance max0=2000000 devfreq=none,none backlight=none gpu_pm=/sys/devices/platform/7001000.gpu-power-domain/power/runtime_status
elapsed_s,cpu_mc,gpu_mc,ddr_mc,bat_mc,cur_khz,cpu_pct,batt_pct,batt_uv,status,c0_busy,c1_busy,c2_busy,c3_busy,irq_s,ctxt_s,df0_hz,df1_hz,backlight,fb_blank,gpu_pm
10830,42639,41366,42036,29800,1800000,19.5,52,3604000,Discharging,38.7,11.3,8.4,19.8,2256,3346,,,,,unsupported
10832,37346,38619,38016,29700,1800000,2.6,52,3639000,Discharging,2.4,2.3,1.9,4.2,1384,1404,,,,,unsupported
10834,36676,38351,37547,29700,1800000,3.1,52,3650000,Discharging,2.8,1.4,2.8,5.6,1419,1414,,,,,unsupported
10836,36743,38083,37212,29700,1416000,2.9,52,3650000,Discharging,2.8,5.1,0.9,2.3,1374,1388,,,,,unsupported
10838,36609,38150,37480,29700,1800000,3.3,52,3650000,Discharging,3.3,1.9,5.5,1.9,1538,1499,,,,,unsupported
10840,36743,38217,37547,29700,1416000,3.1,52,3650000,Discharging,5.6,2.3,2.4,1.9,1327,1411,,,,,unsupported
10842,36676,37882,37346,29700,1416000,2.9,52,3651000,Discharging,2.4,4.2,2.8,2.3,1424,1419,,,,,unsupported
10845,36676,37949,37547,29700,1416000,2.8,52,3650000,Discharging,2.8,1.9,2.8,4.2,914,943,,,,,unsupported
10847,36743,37614,37413,29700,1416000,2.7,52,3638000,Discharging,2.8,2.3,2.8,2.8,1390,1442,,,,,unsupported
10849,36676,37949,37614,29700,1416000,3.2,52,3651000,Discharging,4.7,1.9,3.3,2.8,1574,1488,,,,,unsupported
10851,36609,37480,36810,29700,1800000,2.7,52,3650000,Discharging,2.8,2.3,3.3,2.8,1370,1425,,,,,unsupported
10853,36743,37882,36944,29700,1416000,2.6,52,3650000,Discharging,5.2,2.3,2.3,1.4,1279,1386,,,,,unsupported
10855,36542,37614,37279,29700,1416000,3.4,52,3650000,Discharging,4.2,1.9,1.9,3.7,1331,1413,,,,,unsupported
10858,36676,37748,37145,29700,1800000,3.6,52,3649000,Discharging,3.8,4.2,2.3,4.1,1033,995,,,,,unsupported
10860,36743,38217,37011,29700,1608000,2.9,52,3650000,Discharging,5.6,1.4,2.8,2.8,1372,1442,,,,,unsupported
10862,36207,37882,37145,29800,1416000,2.6,52,3641000,Discharging,2.8,2.3,1.4,3.3,1330,1414,,,,,unsupported
10864,36274,37815,37145,29700,1416000,2.8,52,3650000,Discharging,2.8,3.7,1.4,3.3,1461,1424,,,,,unsupported
10866,36341,37681,37346,29700,1416000,2.6,52,3650000,Discharging,3.3,2.3,2.3,3.3,1368,1406,,,,,unsupported
10868,36609,37748,37279,29700,1416000,3.3,52,3650000,Discharging,4.2,3.3,2.8,1.9,1586,1476,,,,,unsupported
10870,36341,37882,37413,29700,1416000,3.5,52,3650000,Discharging,3.3,3.3,4.6,2.3,1384,1417,,,,,unsupported
10873,36408,37681,37078,29700,1416000,2.9,52,3650000,Discharging,4.7,1.4,4.2,2.3,923,946,,,,,unsupported
10875,36140,37480,37346,29700,1800000,3.0,52,3649000,Discharging,3.8,3.7,2.8,1.9,1366,1417,,,,,unsupported
10877,36743,37748,37212,29700,1416000,3.1,52,3650000,Discharging,1.4,2.8,5.2,2.3,1302,1392,,,,,unsupported
10879,36408,37748,37011,29700,1416000,3.2,52,3650000,Discharging,5.6,2.3,3.3,1.4,1590,1512,,,,,unsupported
10881,36542,37614,37279,29700,1416000,2.9,52,3651000,Discharging,1.9,2.8,5.1,1.9,1410,1428,,,,,unsupported
10883,36408,37748,37145,29700,1416000,3.4,52,3649000,Discharging,7.3,2.8,0.9,1.9,1385,1415,,,,,unsupported
10886,36475,37681,37145,29700,1416000,2.9,52,3649000,Discharging,2.8,1.9,2.8,4.7,901,939,,,,,unsupported
10888,36475,37547,37011,29700,1416000,3.5,52,3649000,Discharging,3.8,2.3,2.3,5.0,1430,1418,,,,,unsupported
10890,36341,37078,37078,29700,1800000,3.3,52,3650000,Discharging,4.2,4.2,2.4,2.3,1572,1489,,,,,unsupported
10892,36207,37480,37011,29700,1416000,2.8,52,3649000,Discharging,3.3,4.2,2.3,2.3,1425,1412,,,,,unsupported
10894,36542,37547,37145,29700,1416000,2.9,52,3650000,Discharging,3.3,1.9,4.7,1.4,1372,1407,,,,,unsupported
10896,36274,37748,36877,29700,1416000,2.6,52,3649000,Discharging,2.8,2.8,2.3,1.9,1424,1412,,,,,unsupported
10899,36609,37681,36944,29700,1416000,3.2,52,3650000,Discharging,3.8,5.1,2.8,1.9,1036,986,,,,,unsupported
10901,36542,37882,36743,29700,1416000,3.4,52,3649000,Discharging,3.3,1.4,6.0,2.3,1434,1429,,,,,unsupported
10903,36475,37748,36676,29700,1800000,3.0,52,3649000,Discharging,2.4,1.9,5.6,1.9,1346,1410,,,,,unsupported
10905,36006,38016,36743,29700,1608000,2.6,52,3637000,Discharging,3.3,2.4,1.9,3.3,1398,1427,,,,,unsupported
10907,36408,37346,37011,29700,1800000,3.2,52,3648000,Discharging,3.3,4.2,1.9,3.8,1427,1438,,,,,unsupported
10909,36475,37681,37078,29700,1416000,3.3,52,3649000,Discharging,3.3,2.3,3.7,3.3,1498,1502,,,,,unsupported
10911,36341,37614,36810,29700,1416000,2.5,52,3649000,Discharging,3.8,1.9,2.8,2.4,1314,1418,,,,,unsupported
10914,36073,37547,36944,29700,1416000,3.0,52,3648000,Discharging,3.8,1.9,1.9,4.7,891,935,,,,,unsupported
10916,36475,37681,36810,29700,1416000,3.0,52,3648000,Discharging,3.3,2.3,1.9,4.6,1410,1416,,,,,unsupported
10918,36475,37413,36810,29700,1416000,3.8,52,3648000,Discharging,3.3,6.0,1.9,3.2,1402,1414,,,,,unsupported
10920,36609,37815,37011,29800,1416000,3.8,52,3640000,Discharging,3.3,2.8,2.8,6.9,1550,1486,,,,,unsupported
10922,36542,37681,36877,29700,1800000,2.9,52,3649000,Discharging,2.3,4.2,2.8,3.2,1368,1435,,,,,unsupported
10924,36073,37681,36877,29700,1800000,3.2,52,3649000,Discharging,3.3,5.1,2.4,0.9,1336,1400,,,,,unsupported
10927,36207,37882,37145,29700,1416000,2.8,52,3649000,Discharging,2.4,4.3,2.3,1.9,867,928,,,,,unsupported
10929,36676,37681,37011,29700,1800000,3.0,52,3648000,Discharging,2.4,4.1,2.3,4.2,1357,1444,,,,,unsupported
10931,36274,37480,37212,29700,1800000,3.1,52,3648000,Discharging,3.3,5.2,1.4,2.3,1500,1480,,,,,unsupported
10933,36274,37480,36542,29700,1416000,3.0,52,3647000,Discharging,2.8,2.8,3.3,2.3,1352,1414,,,,,unsupported
10935,36006,37748,36877,29700,1416000,2.8,52,3648000,Discharging,1.4,4.2,1.9,4.2,1392,1413,,,,,unsupported
10937,36676,37614,36810,29700,1800000,3.4,52,3647000,Discharging,3.7,1.9,3.2,4.6,1429,1451,,,,,unsupported
10940,36274,37346,37078,29700,1416000,3.7,52,3648000,Discharging,3.3,2.8,2.3,6.0,1034,978,,,,,unsupported
10942,36274,37614,36944,29700,1416000,2.8,52,3647000,Discharging,3.8,2.8,2.3,2.8,1362,1395,,,,,unsupported
10944,36408,37480,36743,29700,1416000,3.6,52,3648000,Discharging,4.2,1.9,6.4,1.9,1412,1441,,,,,unsupported
10946,36140,37480,37078,29700,1800000,2.8,52,3647000,Discharging,3.7,2.3,1.4,3.8,1351,1406,,,,,unsupported
10948,36274,37882,37145,29700,1416000,2.6,52,3648000,Discharging,2.4,4.3,2.8,1.4,1336,1426,,,,,unsupported
10950,36408,37279,37011,29700,1416000,3.5,52,3648000,Discharging,4.7,3.2,4.2,2.3,1586,1521,,,,,unsupported
10952,36140,37748,36676,29700,1416000,3.1,52,3647000,Discharging,6.0,2.3,0.9,2.8,1362,1446,,,,,unsupported
10955,36006,37413,37011,29700,1416000,3.2,52,3647000,Discharging,1.9,2.8,5.1,2.8,945,944,,,,,unsupported
10957,36274,37346,36609,29700,1608000,2.9,52,3648000,Discharging,3.7,2.8,3.3,2.8,1346,1401,,,,,unsupported
10959,36274,37346,36877,29700,1416000,3.4,52,3646000,Discharging,4.7,1.9,3.7,2.3,1387,1424,,,,,unsupported
10961,36274,37413,36944,29700,1416000,3.0,52,3647000,Discharging,2.9,4.7,3.2,1.9,1516,1472,,,,,unsupported
10963,35939,37346,36810,29700,1800000,3.2,52,3627000,Discharging,3.3,2.8,2.8,2.8,1322,1397,,,,,unsupported
10965,35939,37212,37011,29700,1608000,2.1,52,3648000,Discharging,3.8,1.4,1.4,2.4,1412,1422,,,,,unsupported
10968,36274,37346,36609,29600,1416000,2.5,51,3647000,Discharging,2.8,2.4,1.9,2.4,908,955,,,,,unsupported
10970,36408,37748,36676,29600,1608000,4.6,51,3648000,Discharging,8.0,2.3,4.2,3.8,1602,1782,,,,,unsupported
10972,35939,37346,36341,29600,1800000,3.2,51,3648000,Discharging,2.8,2.8,3.3,4.2,1474,1488,,,,,unsupported
10974,36341,37346,36676,29600,1416000,2.8,51,3647000,Discharging,2.4,1.9,3.3,4.2,1392,1428,,,,,unsupported
10976,36207,37279,36743,29700,1800000,2.9,51,3648000,Discharging,3.3,3.3,2.8,1.9,1344,1385,,,,,unsupported
10978,36006,37145,36877,29700,1416000,3.0,51,3636000,Discharging,3.3,1.9,5.1,1.4,1379,1410,,,,,unsupported
10981,36274,37212,36877,29600,1800000,3.4,51,3647000,Discharging,4.7,3.3,3.3,1.9,1007,984,,,,,unsupported
10983,36006,37681,36609,29600,1800000,2.7,51,3648000,Discharging,4.7,2.8,2.3,0.9,1310,1420,,,,,unsupported
10985,36006,37145,36877,29600,1416000,2.8,51,3647000,Discharging,2.8,1.9,2.8,3.8,1390,1440,,,,,unsupported
10987,35470,37413,37078,29600,1416000,2.5,51,3647000,Discharging,3.8,2.3,2.3,1.9,1394,1430,,,,,unsupported
10989,35939,37614,36810,29600,1416000,3.2,51,3647000,Discharging,2.8,4.2,3.3,2.3,1368,1411,,,,,unsupported
10991,35604,36877,36542,29600,1416000,2.9,51,3648000,Discharging,3.3,3.3,2.4,2.8,1544,1469,,,,,unsupported
10993,36006,37480,36609,29700,1800000,3.0,51,3648000,Discharging,1.4,5.6,1.9,2.8,1352,1440,,,,,unsupported
10996,35604,37078,36609,29600,1416000,3.3,51,3647000,Discharging,3.3,3.7,4.2,1.9,892,939,,,,,unsupported
10998,35805,37346,37011,29600,1416000,3.0,51,3646000,Discharging,3.3,3.7,2.8,2.3,1338,1430,,,,,unsupported
11000,35738,37279,37011,29600,1416000,2.9,51,3647000,Discharging,3.3,2.8,3.2,2.8,1384,1424,,,,,unsupported
11002,36341,37681,36408,29600,1416000,3.4,51,3647000,Discharging,3.8,2.3,6.5,1.9,1506,1484,,,,,unsupported
11004,36207,37547,36810,29600,1416000,2.9,51,3646000,Discharging,3.3,3.8,2.4,1.4,1356,1426,,,,,unsupported
11006,36073,37748,36743,29600,1416000,2.8,51,3646000,Discharging,1.9,5.1,1.9,1.9,1286,1405,,,,,unsupported
11009,36341,37480,36207,29600,1800000,2.7,51,3647000,Discharging,2.3,3.3,2.8,2.8,887,941,,,,,unsupported
11011,35805,37078,36743,29600,1800000,2.7,51,3647000,Discharging,3.8,1.9,4.7,0.5,1392,1422,,,,,unsupported
11013,36140,36944,36609,29600,1416000,3.2,51,3646000,Discharging,2.8,4.7,2.3,3.3,1491,1461,,,,,unsupported
11015,36073,37145,36676,29600,1416000,2.8,51,3646000,Discharging,1.9,4.7,1.4,2.8,1420,1446,,,,,unsupported
11017,36274,37346,36341,29600,1416000,2.9,51,3646000,Discharging,2.4,2.8,1.9,3.7,1301,1402,,,,,unsupported
11019,35872,37346,36542,29600,1416000,3.0,51,3646000,Discharging,3.8,4.7,2.3,2.3,1382,1406,,,,,unsupported
11022,36207,37145,36542,29600,1416000,3.3,51,3634000,Discharging,5.6,1.4,2.8,2.8,1047,980,,,,,unsupported
11024,36274,37346,36810,29600,1416000,2.9,51,3646000,Discharging,3.3,4.7,1.4,3.3,1418,1434,,,,,unsupported
11026,35805,37346,36676,29600,1416000,2.9,51,3646000,Discharging,5.6,1.9,2.3,1.4,1332,1449,,,,,unsupported
11028,36073,37346,36676,29600,1800000,3.2,51,3646000,Discharging,6.1,1.4,1.9,2.8,1387,1415,,,,,unsupported
11030,36207,37346,36609,29600,1416000,2.5,51,3646000,Discharging,3.3,2.3,1.4,3.3,1432,1416,,,,,unsupported
11033,35738,37346,36743,29700,1416000,3.3,51,3634000,Discharging,5.3,1.3,3.9,3.0,1776,2430,,,,,unsupported
11035,35939,37547,36743,29600,1800000,3.7,51,3645000,Discharging,6.0,2.5,2.5,4.1,4130,6678,,,,,unsupported
11037,36073,37346,36877,29600,1800000,3.7,51,3645000,Discharging,1.7,4.7,4.7,3.3,3484,5614,,,,,unsupported
11040,35872,37212,36542,29600,1416000,3.6,51,3646000,Discharging,3.7,5.5,2.1,2.9,2738,4456,,,,,unsupported
11042,35872,36877,36877,29600,1608000,4.2,51,3646000,Discharging,3.8,6.8,3.8,3.3,3703,5648,,,,,unsupported
11045,35939,37145,36408,29600,1608000,3.9,51,3635000,Discharging,2.9,5.9,1.7,4.5,2676,4399,,,,,unsupported
11047,36542,37547,36274,29600,1800000,3.4,51,3645000,Discharging,3.0,5.2,3.4,2.1,3494,5518,,,,,unsupported
11049,36073,37212,36743,29600,1608000,3.4,51,3645000,Discharging,2.1,4.7,2.5,3.3,4064,6588,,,,,unsupported
11052,35738,37279,36676,29600,1800000,3.7,51,3633000,Discharging,5.8,4.4,3.1,2.2,1536,2185,,,,,unsupported
11054,36207,37547,36609,29600,1800000,3.3,51,3645000,Discharging,4.1,4.5,2.3,2.8,1722,1840,,,,,unsupported
11056,36006,37145,36542,29600,1416000,3.8,51,3645000,Discharging,2.3,5.4,5.0,1.9,1518,1614,,,,,unsupported
11058,35939,37346,36810,29600,1416000,3.5,51,3645000,Discharging,4.1,5.5,2.7,2.3,1504,1749,,,,,unsupported
11060,35738,37145,36676,29600,1416000,3.5,51,3645000,Discharging,4.1,3.6,4.1,2.3,1538,1684,,,,,unsupported
11063,35738,37279,36609,29600,1608000,3.8,51,3635000,Discharging,6.0,4.1,3.2,0.9,1187,1201,,,,,unsupported
11065,35604,37346,36676,29600,1608000,3.4,51,3645000,Discharging,5.5,2.7,1.8,3.6,1742,1979,,,,,unsupported
11067,35939,37346,36810,29600,1608000,3.7,51,3645000,Discharging,4.2,1.9,3.2,5.9,1506,1552,,,,,unsupported
11069,35872,37212,36341,29500,1416000,3.5,51,3645000,Discharging,5.5,2.3,1.8,4.1,1550,1608,,,,,unsupported
11072,35939,37145,36743,29600,1800000,3.3,51,3645000,Discharging,3.7,3.7,2.3,4.2,979,1084,,,,,unsupported
11074,35805,37011,36609,29600,1416000,3.5,51,3645000,Discharging,5.1,2.3,2.3,3.2,1587,1558,,,,,unsupported
11076,35939,37279,36877,29600,1416000,3.4,51,3644000,Discharging,5.1,4.1,2.8,2.3,1581,1660,,,,,unsupported
11078,35805,37145,36408,29600,1416000,3.4,51,3644000,Discharging,5.0,1.8,4.6,1.8,1598,1794,,,,,unsupported
11080,35939,37078,36341,29600,1608000,3.2,51,3644000,Discharging,4.6,4.6,2.8,1.8,1530,1601,,,,,unsupported
11083,35604,37145,36743,29500,1608000,3.7,51,3644000,Discharging,5.9,1.8,4.2,2.3,1089,1147,,,,,unsupported
11085,36207,37078,36676,29500,1416000,3.3,51,3645000,Discharging,5.5,2.3,2.3,3.3,1527,1620,,,,,unsupported
11087,35604,36810,36609,29600,1416000,3.8,51,3645000,Discharging,5.5,3.7,5.0,1.4,1514,1556,,,,,unsupported
11089,35537,37078,36609,29600,1608000,3.6,51,3644000,Discharging,4.6,5.5,1.8,1.8,1442,1506,,,,,unsupported
11091,35671,36877,36408,29500,1416000,4.1,51,3645000,Discharging,4.6,3.2,6.3,2.3,1512,1596,,,,,unsupported
11094,36073,37279,36743,29500,1800000,4.0,51,3645000,Discharging,5.1,4.1,4.1,2.8,1102,1110,,,,,unsupported
11096,36006,37279,36207,29500,1608000,3.4,51,3644000,Discharging,4.6,2.3,4.2,1.8,1484,1544,,,,,unsupported
11098,35805,37212,36341,29600,1608000,3.8,51,3627000,Discharging,6.4,2.7,4.5,2.3,1532,1738,,,,,unsupported
11100,36073,37279,36341,29500,1608000,3.0,51,3644000,Discharging,4.2,5.1,0.5,2.8,1520,1623,,,,,unsupported
11102,35671,37078,36542,29500,1416000,3.7,51,3644000,Discharging,5.5,1.4,5.0,2.3,1456,1513,,,,,unsupported
11105,35805,37011,36676,29500,1608000,3.6,51,3643000,Discharging,4.7,5.0,2.3,3.2,1164,1133,,,,,unsupported
11107,35805,37011,36676,29500,1800000,3.6,51,3644000,Discharging,6.0,1.4,3.7,1.8,1562,1794,,,,,unsupported
11109,36006,37145,36475,29500,1416000,3.1,51,3632000,Discharging,4.2,5.5,0.9,2.3,1344,1430,,,,,unsupported
11111,35671,37212,36609,29500,1608000,4.0,51,3644000,Discharging,3.7,7.1,3.2,1.8,1508,1602,,,,,unsupported
11113,35872,37279,36609,29500,1608000,4.0,51,3644000,Discharging,5.0,3.7,4.6,3.2,1611,1574,,,,,unsupported
11115,35805,37078,36408,29500,1608000,3.3,51,3644000,Discharging,5.0,1.8,1.8,4.6,1540,1694,,,,,unsupported
11118,36140,37145,36408,29500,1608000,3.3,51,3643000,Discharging,5.1,2.3,2.8,2.7,1019,1071,,,,,unsupported
11120,35738,37480,36475,29500,1416000,3.8,51,3644000,Discharging,5.1,2.3,5.4,1.8,1648,1752,,,,,unsupported
11122,36006,36743,36542,29500,1416000,3.2,51,3643000,Discharging,5.9,3.7,2.3,1.8,1509,1670,,,,,unsupported
11124,36274,37078,36475,29500,1416000,3.8,51,3643000,Discharging,4.7,2.8,4.1,3.7,1666,1642,,,,,unsupported
11126,36006,36877,36408,29500,1608000,3.0,51,3643000,Discharging,5.9,1.4,2.8,1.8,1585,1656,,,,,unsupported
11129,35805,37011,36475,29500,1608000,3.4,51,3642000,Discharging,5.5,1.4,3.2,2.8,1017,1112,,,,,unsupported
11131,35738,36877,36341,29500,1416000,3.3,51,3643000,Discharging,5.1,2.7,4.1,2.3,1461,1518,,,,,unsupported
11133,35403,36877,36408,29600,1800000,2.3,51,3631000,Discharging,3.7,1.9,1.4,2.3,1364,1521,,,,,unsupported
11135,35738,37279,36408,29500,1800000,3.6,51,3643000,Discharging,5.1,2.7,1.9,4.1,1714,1701,,,,,unsupported
11137,36006,37078,36408,29500,1608000,3.2,51,3644000,Discharging,6.8,2.3,2.8,2.3,1491,1591,,,,,unsupported
11140,35604,37078,36408,29500,1608000,3.2,51,3643000,Discharging,5.0,2.3,2.3,2.3,1073,1278,,,,,unsupported
11142,36006,36944,36274,29500,1608000,3.4,51,3643000,Discharging,5.1,3.7,3.7,1.8,1484,1562,,,,,unsupported
11144,35805,37212,36743,29500,1608000,3.3,51,3632000,Discharging,5.1,2.8,4.1,1.4,1664,1728,,,,,unsupported
11146,35805,37145,36542,29500,1416000,3.2,51,3643000,Discharging,4.7,1.4,4.2,2.3,1486,1498,,,,,unsupported
11148,35470,36944,36073,29500,1800000,3.7,51,3643000,Discharging,6.8,4.5,1.8,2.3,1541,1612,,,,,unsupported
11151,36006,37145,36475,29500,1416000,3.3,51,3643000,Discharging,5.1,1.4,1.8,4.1,1036,1129,,,,,unsupported
11153,35537,36810,36475,29500,1608000,3.5,51,3642000,Discharging,5.0,4.1,3.7,1.4,1426,1501,,,,,unsupported
11155,35604,37078,36408,29500,1800000,3.6,51,3639000,Discharging,5.1,2.3,1.9,4.6,1742,1696,,,,,unsupported
11157,36006,36944,36676,29500,1608000,3.5,51,3642000,Discharging,4.1,5.9,2.3,2.3,1456,1553,,,,,unsupported
11159,35872,36944,36743,29500,1608000,3.3,51,3642000,Discharging,3.7,5.0,1.4,4.1,1456,1528,,,,,unsupported
11162,35872,37011,36743,29500,1416000,3.3,51,3643000,Discharging,4.1,4.5,1.9,1.8,1087,1240,,,,,unsupported
11164,35671,36944,36475,29500,1800000,3.2,51,3642000,Discharging,3.7,5.1,2.7,0.9,1413,1518,,,,,unsupported
11166,36006,37547,36341,29500,1416000,3.9,51,3642000,Discharging,6.9,2.3,3.2,3.6,1872,1985,,,,,unsupported
11168,35604,37212,36274,29500,1416000,3.2,51,3632000,Discharging,4.2,3.7,2.3,2.3,1442,1556,,,,,unsupported
11170,35939,37145,36676,29500,1608000,3.8,51,3642000,Discharging,5.0,5.0,2.7,2.3,1496,1596,,,,,unsupported
11173,35604,36944,36408,29500,1608000,3.2,51,3641000,Discharging,5.5,2.7,2.8,2.8,1006,1059,,,,,unsupported
11175,35872,37011,36341,29500,1416000,3.4,51,3642000,Discharging,5.6,1.8,3.7,2.3,1674,1629,,,,,unsupported
11177,35604,37011,36274,29500,1800000,3.5,51,3641000,Discharging,4.7,2.3,2.3,4.2,1406,1430,,,,,unsupported
11179,35671,36743,36341,29500,1416000,3.4,51,3641000,Discharging,4.7,2.3,2.3,4.6,1352,1423,,,,,unsupported
11181,35537,36810,36475,29500,1416000,3.4,51,3639000,Discharging,2.8,2.8,1.4,6.0,1387,1410,,,,,unsupported
11183,35939,36810,36140,29500,1416000,3.5,51,3642000,Discharging,4.7,4.6,1.9,2.8,1385,1412,,,,,unsupported
11186,35537,37078,36140,29500,1800000,2.9,51,3642000,Discharging,4.2,1.4,2.3,4.7,1176,1179,,,,,unsupported
11188,35738,37145,36609,29400,1416000,3.1,51,3642000,Discharging,3.3,2.4,2.4,3.3,1362,1394,,,,,unsupported
11190,35738,37078,36341,29400,1800000,3.3,51,3642000,Discharging,1.9,3.7,2.3,5.6,1425,1431,,,,,unsupported
11192,35872,36676,36341,29500,1608000,2.8,51,3642000,Discharging,3.3,1.4,4.2,1.9,1483,1665,,,,,unsupported
11194,35671,36810,36140,29400,1800000,3.0,51,3624000,Discharging,4.2,1.9,3.3,2.8,1539,1713,,,,,unsupported
11196,35738,36944,36609,29400,1800000,3.2,51,3641000,Discharging,2.8,1.9,1.9,6.5,1524,1478,,,,,unsupported
11199,35939,37011,36408,29400,1416000,3.1,51,3641000,Discharging,2.9,4.6,0.9,2.8,915,941,,,,,unsupported
11201,35604,37078,36341,29400,1608000,3.2,51,3641000,Discharging,4.7,1.9,2.8,3.7,1478,1452,,,,,unsupported
11203,35470,36944,36274,29400,1416000,3.4,51,3641000,Discharging,3.3,6.0,1.9,2.3,1558,1744,,,,,unsupported
11205,35470,36944,36341,29400,1416000,2.7,51,3641000,Discharging,2.4,2.4,3.3,2.8,1393,1432,,,,,unsupported
11207,35403,36944,36475,29400,1800000,3.1,51,3640000,Discharging,3.3,3.7,2.3,3.8,1678,1758,,,,,unsupported
11209,35470,36944,36408,29500,1800000,3.3,51,3629000,Discharging,2.8,2.3,0.9,6.5,1449,1642,,,,,unsupported
11212,35939,36810,36475,29400,1800000,3.0,51,3641000,Discharging,2.4,3.3,4.2,2.8,902,948,,,,,unsupported
11214,35336,36877,36475,29400,1416000,3.1,51,3641000,Discharging,3.7,2.8,2.8,2.8,1576,1726,,,,,unsupported
11216,35671,37279,36207,29400,1608000,3.9,50,3642000,Discharging,7.1,2.3,2.3,4.2,1836,2067,,,,,unsupported
11218,35604,36810,36609,29400,1416000,3.2,50,3641000,Discharging,4.7,2.8,2.8,2.8,1420,1534,,,,,unsupported
11220,35470,36877,36542,29400,1416000,3.0,50,3641000,Discharging,3.3,2.3,3.3,2.4,1542,1782,,,,,unsupported
11222,35604,37011,36408,29400,1416000,3.6,50,3641000,Discharging,2.8,3.2,5.9,2.3,1492,1634,,,,,unsupported
11225,35470,36542,36408,29400,1416000,3.3,50,3640000,Discharging,5.1,3.3,2.8,1.9,907,942,,,,,unsupported
11227,35939,37145,36341,29400,1800000,2.8,50,3640000,Discharging,4.2,1.4,2.8,2.4,1474,1475,,,,,unsupported
11229,35470,37078,36207,29400,1416000,2.7,50,3640000,Discharging,2.8,1.9,3.7,3.3,1430,1758,,,,,unsupported
11231,35403,36944,36207,29400,1416000,3.4,50,3640000,Discharging,4.2,1.9,1.9,5.0,1640,1763,,,,,unsupported
11233,35403,36944,36408,29400,1416000,3.2,50,3639000,Discharging,3.3,2.3,1.4,5.1,1358,1406,,,,,unsupported
11235,35403,36810,36341,29400,1416000,2.8,50,3640000,Discharging,3.8,2.3,2.3,3.8,1354,1416,,,,,unsupported
11238,35537,36877,36207,29400,1800000,3.4,50,3621000,Discharging,4.2,3.7,2.8,2.3,1027,983,,,,,unsupported
11240,35671,36676,36475,29400,1416000,3.2,50,3640000,Discharging,2.4,5.6,1.9,2.8,1416,1426,,,,,unsupported
11242,35604,36944,36542,29400,1416000,3.0,50,3641000,Discharging,2.9,1.4,1.4,6.4,1308,1410,,,,,unsupported
11244,35738,36877,36341,29400,1416000,3.5,50,3640000,Discharging,3.3,4.7,1.4,4.7,1384,1432,,,,,unsupported
11246,35872,36877,36207,29400,1800000,2.5,50,3640000,Discharging,2.4,4.1,1.9,1.9,1418,1452,,,,,unsupported
11248,35336,36944,36475,29400,1608000,2.9,50,3640000,Discharging,5.1,2.3,1.9,2.8,1480,1468,,,,,unsupported
11250,35269,36944,36207,29400,1800000,2.9,50,3640000,Discharging,1.9,3.8,2.3,2.3,1375,1440,,,,,unsupported
11253,35269,36944,36006,29400,1800000,3.2,50,3629000,Discharging,3.3,4.2,2.3,2.8,924,935,,,,,unsupported
11255,35336,36877,36274,29400,1416000,3.2,50,3640000,Discharging,2.8,2.8,4.7,2.8,1352,1410,,,,,unsupported
11257,35738,37078,36073,29400,1416000,2.9,50,3638000,Discharging,2.4,2.8,2.8,3.3,1545,1466,,,,,unsupported
11259,35805,36676,36341,29400,1800000,2.7,50,3639000,Discharging,1.9,3.7,2.3,2.3,1303,1398,,,,,unsupported
11261,35202,36542,36341,29400,1416000,3.0,50,3640000,Discharging,3.3,2.3,2.4,5.1,1404,1424,,,,,unsupported
11263,35604,36810,35939,29400,1416000,2.5,50,3640000,Discharging,2.4,2.3,3.8,1.9,1338,1411,,,,,unsupported
11266,35470,36877,36207,29400,1416000,2.7,50,3640000,Discharging,4.7,1.9,1.4,2.8,875,949,,,,,unsupported
11268,35738,36810,36542,29400,1800000,3.6,50,3640000,Discharging,2.4,2.8,4.2,5.6,1538,1468,,,,,unsupported
11270,35269,37145,36475,29400,1416000,2.8,50,3640000,Discharging,2.8,2.8,2.8,1.4,1404,1402,,,,,unsupported
11272,35805,37011,36140,29400,1608000,2.8,50,3640000,Discharging,4.7,1.9,1.9,3.7,1347,1423,,,,,unsupported
11274,35805,36609,36006,29400,1800000,3.0,50,3640000,Discharging,4.7,0.9,3.3,2.3,1344,1439,,,,,unsupported
11276,35939,36609,36274,29400,1416000,2.7,50,3640000,Discharging,3.8,2.8,1.9,2.8,1335,1404,,,,,unsupported
11278,35470,36944,36609,29400,1416000,2.9,50,3640000,Discharging,2.8,2.3,4.2,2.8,1465,1500,,,,,unsupported
11281,35403,37011,35939,29400,1416000,3.0,50,3639000,Discharging,4.2,2.3,1.4,3.7,968,968,,,,,unsupported
11283,35470,36609,36207,29400,1608000,2.8,50,3639000,Discharging,3.7,2.3,1.9,3.8,1364,1404,,,,,unsupported
11285,35604,36810,36140,29400,1416000,3.0,50,3638000,Discharging,3.3,2.8,2.8,2.8,1404,1431,,,,,unsupported
11287,35671,36877,36140,29400,1416000,2.9,50,3639000,Discharging,2.4,4.2,2.3,1.9,1388,1432,,,,,unsupported
11289,35671,36810,36207,29300,1608000,3.0,50,3639000,Discharging,4.2,5.6,2.8,0.9,1455,1462,,,,,unsupported
11291,35470,37145,36274,29400,1608000,3.5,50,3639000,Discharging,2.8,6.0,2.3,2.3,1444,1422,,,,,unsupported
11294,35403,36743,36274,29400,1416000,3.3,50,3639000,Discharging,2.8,6.0,2.3,2.3,931,936,,,,,unsupported
11296,35470,36877,35939,29400,1416000,2.8,50,3628000,Discharging,4.2,2.9,2.8,0.9,1398,1422,,,,,unsupported
11298,35336,36676,36341,29300,1800000,3.4,50,3639000,Discharging,5.1,2.8,3.7,1.4,1490,1470,,,,,unsupported
11300,35470,36676,36073,29300,1800000,2.9,50,3639000,Discharging,3.8,3.3,2.8,1.4,1428,1402,,,,,unsupported
11302,35336,36743,35939,29400,1416000,3.0,50,3639000,Discharging,3.8,0.9,3.7,3.8,1328,1402,,,,,unsupported
11304,35537,36341,36073,29300,1416000,2.7,50,3639000,Discharging,4.2,1.9,2.8,2.4,1408,1422,,,,,unsupported
11307,35537,36877,36475,29300,1416000,2.7,50,3639000,Discharging,3.3,2.8,2.8,1.9,921,945,,,,,unsupported
11309,35537,36743,36140,29300,1800000,3.2,50,3639000,Discharging,2.9,2.8,2.8,4.7,1502,1466,,,,,unsupported
11311,35269,37011,36207,29300,1608000,2.7,50,3627000,Discharging,2.4,1.4,3.3,3.8,1383,1418,,,,,unsupported
