# fw=nextui-drain workload=bloodyroar start=2026-09-14 20:30:36 soak=99C prelaunch=schedutil/1800000 launch_up=3661.72 max0=1800000 gov=schedutil devfreq=none,none backlight=none
elapsed_s,cpu_mc,gpu_mc,ddr_mc,bat_mc,cur_khz,max_khz,batt_pct,batt_uv,status,cpu_busy,c0_busy,c1_busy,c2_busy,c3_busy,irq_s,ctxt_s,df0_hz,df1_hz,backlight
3674,37815,38217,36676,27600,1800000,1800000,89,3975000,Discharging,,,,,,,,,,
3677,37279,38485,37614,27600,1800000,1800000,89,3974000,Discharging,21.0,20.3,18.9,25.8,19.4,2395,2967,,,
3679,38016,38150,37949,27600,1800000,1800000,89,3972000,Discharging,25.8,22.7,23.0,30.0,27.0,3952,4800,,,
3681,37413,38150,37815,27700,1800000,1800000,89,3967000,Discharging,28.0,25.5,15.4,29.6,41.0,3841,4416,,,
3683,36877,38217,37748,27600,1800000,1800000,89,3958000,Discharging,28.5,29.4,15.1,27.1,43.5,3268,3842,,,
3685,37078,37681,37279,27600,1416000,1800000,89,3975000,Discharging,20.8,23.6,14.9,23.9,19.4,3578,4362,,,
3687,36877,37748,37279,27600,1800000,1800000,89,3976000,Discharging,19.5,20.1,15.2,24.9,18.3,3314,4034,,,
3690,36743,38016,37614,27600,1800000,1800000,89,3975000,Discharging,20.6,16.0,12.8,36.4,17.3,2467,2915,,,
3692,36542,38351,37212,27700,1800000,1800000,89,3971000,Discharging,19.5,17.5,8.6,25.2,26.5,3286,4037,,,
3694,36609,37748,37413,27700,1800000,1800000,89,3971000,Discharging,21.2,17.8,13.1,33.2,20.2,3337,4064,,,
3696,36877,38016,37279,27700,1800000,1800000,89,3971000,Discharging,20.9,12.6,13.5,44.4,12.3,3180,3994,,,
3698,36743,38083,37011,27600,1800000,1800000,89,3959000,Discharging,19.9,12.0,14.4,27.8,25.7,3241,4032,,,
3700,36810,38217,37145,27700,1800000,1800000,89,3973000,Discharging,19.8,12.4,11.7,32.1,22.9,3484,4154,,,
3702,36676,37882,36877,27600,1800000,1800000,89,3976000,Discharging,19.7,12.6,10.0,26.6,29.7,3245,4013,,,
3705,36676,37681,36877,27600,1608000,1800000,89,3976000,Discharging,19.8,16.6,16.1,20.5,25.8,2195,2681,,,
3707,36676,37547,37346,27600,1800000,1800000,89,3972000,Discharging,20.2,14.6,17.3,20.8,27.8,3240,4058,,,
3709,36877,38083,37212,27700,1800000,1800000,89,3971000,Discharging,20.7,13.5,16.5,26.5,26.3,3321,4060,,,
3711,36542,38150,37279,27700,1416000,1800000,89,3973000,Discharging,18.6,22.3,13.9,24.9,13.7,3530,4224,,,
3713,36810,38217,37145,27800,1416000,1800000,89,3973000,Discharging,20.8,14.3,12.4,36.6,19.2,3333,4089,,,
3715,36944,38016,37145,27700,1800000,1800000,89,3970000,Discharging,20.5,15.9,10.5,31.9,24.5,3369,4070,,,
3718,36743,37815,37413,27700,1800000,1800000,89,3970000,Discharging,20.0,15.2,13.1,22.6,28.9,2232,2708,,,
3720,36810,37882,37145,27700,1800000,1800000,89,3974000,Discharging,20.5,14.8,16.7,24.1,26.0,3328,4032,,,
3722,36542,37480,37145,27600,1800000,1800000,89,3973000,Discharging,19.6,22.1,17.1,21.6,17.6,3527,4179,,,
3724,37145,37815,37011,27700,1608000,1800000,89,3968000,Discharging,20.8,17.1,15.2,23.1,27.1,3302,4072,,,
3726,36743,37815,37413,27700,1800000,1800000,89,3971000,Discharging,20.1,12.5,12.6,29.0,26.6,3323,4081,,,
3728,36877,38284,37413,27800,1800000,1800000,89,3973000,Discharging,20.0,17.2,12.8,23.8,26.4,3398,4148,,,
3730,37145,37949,37212,27700,1800000,1800000,89,3972000,Discharging,21.3,20.3,13.6,29.0,21.2,3433,4062,,,
3733,36609,37681,37212,27700,1800000,1800000,89,3975000,Discharging,20.0,14.6,16.5,28.0,21.2,2225,2705,,,
3735,37346,38083,37480,27700,1800000,1800000,89,3973000,Discharging,22.2,24.5,18.4,23.0,23.5,3549,4348,,,
3737,37279,38016,38217,27700,1800000,1800000,89,3968000,Discharging,29.2,17.9,22.1,43.7,32.7,3501,4293,,,
3739,38284,38217,37748,27800,1800000,1800000,89,3968000,Discharging,27.3,25.1,15.9,27.4,40.0,3827,4414,,,
3741,37681,38083,38016,27800,1800000,1800000,89,3946000,Discharging,29.2,21.4,18.3,31.6,45.2,3876,4431,,,
3743,37279,38217,37480,27700,1800000,1800000,89,3971000,Discharging,23.0,16.8,21.9,24.7,28.8,3577,4376,,,
3746,37681,38351,38619,27700,1800000,1800000,89,3972000,Discharging,21.6,23.7,13.3,31.1,18.5,2471,3011,,,
3748,37279,38284,37614,27700,1800000,1800000,89,3971000,Discharging,20.3,22.1,14.4,23.8,21.2,3770,4487,,,
3750,37480,38552,38083,27800,1800000,1800000,89,3951000,Discharging,29.1,18.7,19.7,34.3,43.1,4156,4782,,,
3752,40026,39959,39289,27700,1800000,1800000,89,3957000,Discharging,36.1,43.1,30.0,36.1,35.0,4485,4728,,,
3754,40294,39490,39557,27700,1800000,1800000,89,3969000,Discharging,35.5,45.5,22.7,28.6,44.7,4606,4850,,,
3756,40495,39624,40026,27900,1608000,1800000,89,3961000,Discharging,35.4,31.5,35.6,31.6,43.5,4088,4576,,,
3759,39624,38887,39691,27700,1800000,1800000,89,3965000,Discharging,35.0,36.1,28.3,37.9,37.7,2612,2904,,,
3761,39959,39088,39021,27700,1800000,1800000,89,3967000,Discharging,35.8,38.2,36.4,34.4,33.2,4000,4370,,,
3763,40026,39825,39825,27700,1800000,1800000,89,3962000,Discharging,35.1,38.2,37.2,25.2,40.4,4276,4589,,,
3765,39088,39155,39021,27800,1800000,1800000,89,3964000,Discharging,35.8,41.3,28.2,35.3,39.2,3673,4090,,,
3767,38753,38887,39021,27800,1800000,1800000,89,3966000,Discharging,35.2,32.2,33.6,29.9,44.9,3396,3926,,,
3769,38820,38686,38820,27900,1800000,1800000,89,3966000,Discharging,35.4,35.0,32.4,25.0,49.1,3304,3803,,,
3772,38954,39490,39356,27800,1800000,1800000,89,3961000,Discharging,34.4,34.6,30.4,29.5,43.3,2641,2918,,,
3774,38820,38753,39222,27800,1800000,1800000,89,3964000,Discharging,35.4,38.5,39.2,30.0,32.9,3544,4038,,,
3776,39892,39356,39758,27800,1800000,1800000,89,3961000,Discharging,35.6,41.5,28.7,34.4,38.8,4288,4537,,,
3778,38954,39222,38820,27800,1800000,1800000,89,3968000,Discharging,35.4,36.6,44.7,31.5,28.2,3641,4253,,,
3780,39691,39557,39088,27800,1800000,1800000,89,3965000,Discharging,35.6,37.6,38.3,31.9,34.6,4240,4592,,,
3783,40830,40294,40897,27800,1800000,1800000,89,3942000,Discharging,34.3,31.0,31.5,30.7,43.8,3089,3220,,,
3785,39088,39021,39021,27800,1800000,1800000,89,3965000,Discharging,33.5,31.6,27.6,31.6,43.0,3670,4129,,,
3787,38083,38552,38150,27800,1800000,1800000,89,3969000,Discharging,31.0,38.8,24.4,26.8,34.3,3344,3878,,,
3789,37480,38418,38418,27800,1800000,1800000,89,3970000,Discharging,32.7,51.9,30.7,26.4,22.0,2982,3461,,,
3791,38150,38485,38217,27800,1800000,1800000,89,3970000,Discharging,32.8,35.4,36.4,23.7,35.8,3144,3674,,,
3793,37882,38954,38351,27800,1800000,1800000,89,3968000,Discharging,32.4,31.9,31.9,32.5,32.6,3486,3918,,,
3796,38619,38619,38284,27800,1800000,1800000,89,3939000,Discharging,32.7,43.5,19.2,38.5,29.4,2105,2551,,,
3798,37882,38820,38083,27800,1800000,1800000,89,3971000,Discharging,32.3,30.8,21.1,36.0,41.5,3139,3704,,,
3800,37681,38418,37815,27800,1800000,1800000,89,3969000,Discharging,32.3,31.1,32.7,29.7,35.2,3102,3722,,,
3802,37748,38150,38552,27800,1800000,1800000,89,3968000,Discharging,32.1,35.1,39.8,21.0,33.2,3364,3909,,,
3804,38217,38083,38150,27800,1800000,1800000,89,3970000,Discharging,32.2,32.7,35.6,28.8,31.9,3194,3807,,,
3806,37748,38351,37882,27800,1800000,1800000,89,3965000,Discharging,32.8,49.8,23.2,29.7,28.7,3180,3632,,,
3809,37547,38217,37681,27800,1800000,1800000,89,3938000,Discharging,32.6,48.1,18.3,47.7,15.0,1974,2312,,,
3811,37346,38619,38619,27800,1608000,1800000,89,3967000,Discharging,33.2,40.4,44.7,25.9,22.2,3209,3836,,,
3813,38083,38485,38150,27800,1800000,1800000,89,3968000,Discharging,32.6,27.8,35.7,27.3,39.2,3330,3812,,,
3815,38284,38820,38217,27800,1800000,1800000,89,3969000,Discharging,31.0,35.8,26.0,34.3,27.7,3384,3994,,,
3817,37815,38954,38150,27800,1800000,1800000,89,3968000,Discharging,22.5,19.9,18.2,18.7,33.8,3754,4376,,,
3819,37681,38820,38284,27800,1800000,1800000,89,3968000,Discharging,21.6,19.9,21.1,23.1,21.6,3818,4336,,,
3822,37413,38351,37681,27800,1800000,1800000,89,3964000,Discharging,30.5,40.6,25.5,19.0,36.7,2126,2472,,,
3824,38485,38619,37882,27800,1800000,1800000,89,3967000,Discharging,28.3,28.2,23.3,28.1,34.3,3986,4335,,,
3826,37279,38284,37547,27800,1800000,1800000,89,3970000,Discharging,22.9,16.0,16.4,22.6,35.8,3486,4145,,,
3828,37346,38150,37882,27800,1800000,1800000,89,3969000,Discharging,18.5,16.3,12.0,26.2,20.1,3314,4001,,,
3830,37145,38083,37614,27800,1800000,1800000,89,3969000,Discharging,21.3,15.2,20.5,21.4,28.3,3368,3990,,,
3832,36743,37614,37346,27800,1800000,1800000,89,3967000,Discharging,19.3,17.0,12.7,17.3,29.5,3275,4018,,,
3835,36676,38418,37547,27800,1800000,1800000,89,3965000,Discharging,20.1,11.1,13.6,21.4,35.0,2288,2711,,,
3837,37145,38284,37346,27800,1800000,1800000,89,3965000,Discharging,19.4,19.2,12.7,19.5,26.1,3437,4122,,,
3839,37145,38485,37413,27800,1800000,1800000,89,3967000,Discharging,20.5,15.0,15.2,24.3,26.9,3440,4097,,,
3841,37413,38016,37145,27800,1416000,1800000,89,3965000,Discharging,20.3,18.5,9.0,26.1,26.3,3379,4085,,,
3843,36877,38016,37614,27800,1608000,1800000,89,3965000,Discharging,19.0,20.2,10.4,22.0,23.8,3592,4164,,,
3845,36877,38284,37748,27800,1608000,1800000,89,3972000,Discharging,20.0,18.2,16.7,24.9,20.8,3344,4057,,,
3848,36944,38016,37346,27800,1800000,1800000,89,3968000,Discharging,19.6,11.8,15.5,22.0,27.8,2245,2723,,,
3850,37145,38485,37681,27800,1800000,1800000,89,3966000,Discharging,19.8,19.0,12.2,31.3,17.8,3371,4074,,,
3852,36877,38217,37480,27800,1800000,1800000,89,3968000,Discharging,20.7,14.9,14.0,26.8,26.8,3310,4077,,,
3854,37279,38083,37346,27800,1800000,1800000,89,3968000,Discharging,20.3,15.5,13.3,25.2,26.7,3582,4111,,,
3856,36944,37614,37212,27800,1416000,1800000,89,3966000,Discharging,21.9,14.4,16.0,27.3,29.4,3185,3932,,,
3858,36542,37949,37145,27800,1800000,1800000,89,3964000,Discharging,21.0,15.7,15.7,34.1,18.7,4202,5886,,,
3861,36944,38351,37413,27800,1800000,1800000,89,3959000,Discharging,20.1,13.8,15.4,20.9,30.2,4416,6923,,,
3863,37212,37949,37614,27800,1800000,1800000,89,3969000,Discharging,19.0,20.0,11.4,22.3,22.2,7916,12667,,,
3866,37145,37681,37949,27800,1608000,1800000,89,3966000,Discharging,20.5,15.9,15.2,27.8,23.3,4510,6978,,,
3868,37279,38418,37413,27800,1800000,1800000,89,3968000,Discharging,20.4,16.7,14.8,26.6,22.8,7904,12602,,,
3870,37547,38351,37346,27900,1608000,1800000,89,3958000,Discharging,19.7,12.7,15.4,30.1,19.8,6466,10076,,,
3873,37145,38217,37480,27800,1416000,1800000,89,3967000,Discharging,20.9,15.9,14.2,25.2,28.6,2440,3004,,,
3875,37011,37480,37346,27800,1800000,1800000,89,3966000,Discharging,19.7,18.1,11.6,15.3,34.0,3638,4292,,,
3877,37413,38686,37614,27800,1800000,1800000,89,3948000,Discharging,21.5,21.3,18.8,20.0,26.3,3761,4656,,,
3879,37882,38552,38217,27800,1800000,1800000,89,3966000,Discharging,28.7,19.2,11.2,36.7,47.1,3732,4494,,,
3881,37815,38485,37882,27800,1800000,1800000,89,3966000,Discharging,31.0,32.4,22.3,27.4,41.5,3679,4497,,,
3884,37949,38686,38485,27900,1800000,1800000,89,3965000,Discharging,28.4,31.8,23.9,33.0,25.3,2693,3132,,,
3886,37547,38619,38485,27800,1608000,1800000,89,3967000,Discharging,23.1,20.0,15.4,25.8,31.3,3972,4793,,,
3888,37413,38686,38016,27800,1800000,1800000,89,3950000,Discharging,22.2,19.6,16.5,25.6,27.1,4086,5100,,,
3890,37748,38887,37748,27800,1800000,1800000,89,3968000,Discharging,21.5,13.8,18.0,24.9,28.2,3790,4812,,,
3892,38016,39021,38485,27900,1800000,1800000,89,3957000,Discharging,26.8,33.9,16.2,20.1,36.7,4068,4780,,,
3895,40964,40093,40361,27900,1800000,1800000,89,3946000,Discharging,34.1,41.9,25.7,37.3,32.1,3258,3448,,,
3897,39959,39557,39691,27900,1800000,1800000,89,3954000,Discharging,36.2,31.6,36.2,29.0,47.7,4312,4912,,,
3899,40696,39557,39959,27900,1800000,1800000,89,3929000,Discharging,34.9,38.0,29.2,28.6,43.2,4764,5186,,,
3901,39959,40026,39959,27900,1800000,1800000,89,3956000,Discharging,35.4,30.4,31.7,38.6,41.0,4450,4925,,,
3903,40495,39624,39959,27900,1800000,1800000,89,3952000,Discharging,33.4,32.1,30.7,30.1,40.3,4751,5070,,,
3906,39758,39691,39892,27900,1800000,1800000,89,3958000,Discharging,35.1,40.6,33.5,37.2,28.5,2853,3219,,,
3908,39423,39155,39490,27900,1800000,1800000,89,3956000,Discharging,36.1,40.3,25.0,46.8,32.9,3802,4440,,,
3910,39155,39490,39088,27900,1800000,1800000,89,3935000,Discharging,35.8,29.0,37.1,32.4,44.5,4068,4618,,,
3912,40361,39758,39691,27900,1800000,1800000,89,3960000,Discharging,35.8,38.4,25.0,37.9,42.6,4592,4931,,,
3915,41433,40629,40361,27900,1800000,1800000,88,3955000,Discharging,37.7,41.7,36.3,26.7,45.0,3706,4332,,,
3917,39892,39892,39892,27900,1800000,1800000,88,3952000,Discharging,35.9,51.4,21.2,34.7,37.1,3922,4460,,,
3919,40629,40093,40562,27900,1800000,1800000,88,3954000,Discharging,35.8,41.1,32.7,23.5,45.4,4834,5090,,,
3921,41634,40763,40763,28000,1800000,1800000,88,3944000,Discharging,34.5,39.7,25.9,39.6,33.2,4832,5194,,,
3923,39423,40026,40026,27900,1800000,1800000,88,3960000,Discharging,35.3,31.5,35.3,31.0,43.6,3776,4630,,,
3926,39222,39825,39289,27900,1800000,1800000,88,3964000,Discharging,29.2,22.6,31.5,34.6,27.9,2975,3284,,,
3928,38552,39289,39088,27900,1800000,1800000,88,3961000,Discharging,33.5,38.8,32.6,38.6,24.0,3568,4294,,,
3930,38351,39155,38485,27900,1800000,1800000,88,3961000,Discharging,32.1,33.3,25.5,29.0,40.6,3548,4191,,,
3932,38016,39088,38083,27900,1800000,1800000,88,3960000,Discharging,33.0,36.1,26.6,31.5,37.3,3686,4529,,,
3935,38686,38887,38619,27900,1800000,1800000,88,3957000,Discharging,31.8,30.5,36.4,32.9,27.4,2585,2983,,,
3937,38686,38954,38686,27900,1800000,1800000,88,3958000,Discharging,33.5,30.1,40.2,34.2,29.5,3842,4526,,,
3939,38619,38954,39021,27900,1800000,1800000,88,3959000,Discharging,32.9,35.6,35.6,28.9,30.9,3669,4444,,,
3941,37614,39021,39021,27900,1800000,1800000,88,3958000,Discharging,32.5,38.4,27.5,25.1,39.4,3376,3965,,,
3943,38820,39088,39021,27900,1800000,1800000,88,3958000,Discharging,32.8,30.8,30.3,30.9,39.4,3936,4638,,,
3946,38552,38954,38217,27900,1800000,1800000,88,3957000,Discharging,33.2,32.1,24.3,37.2,39.0,2459,2917,,,
3948,39088,39356,39356,27900,1800000,1800000,88,3962000,Discharging,33.4,30.0,35.6,39.8,28.0,3557,4187,,,
3950,38887,38954,38954,27900,1800000,1800000,88,3962000,Discharging,31.2,40.3,29.7,30.6,24.6,3506,4088,,,
3952,38217,39289,38820,27900,1800000,1800000,88,3962000,Discharging,23.3,19.0,20.6,21.7,31.5,3817,4370,,,
3954,38150,39088,38887,27900,1800000,1800000,88,3964000,Discharging,20.9,17.2,20.4,22.6,23.7,3674,4312,,,
3956,38351,38686,38686,27900,1800000,1800000,88,3959000,Discharging,27.0,19.8,17.7,33.5,36.9,3854,4236,,,
3959,38418,38954,38150,27900,1800000,1800000,88,3957000,Discharging,29.9,35.2,24.7,26.6,32.9,2447,2870,,,
3961,37815,38619,38351,27900,1800000,1800000,88,3966000,Discharging,24.0,24.4,19.5,23.0,29.0,3470,4161,,,
3963,37413,38820,38351,27900,1800000,1800000,88,3964000,Discharging,20.4,13.0,14.8,31.2,21.8,3414,4080,,,
3965,37413,38954,37681,27900,1800000,1800000,88,3963000,Discharging,19.5,18.0,14.1,23.2,23.1,3310,4047,,,
3967,37480,38686,37614,27900,1800000,1800000,88,3963000,Discharging,20.8,15.7,16.4,24.3,26.9,3476,4123,,,
3969,37145,38150,37949,27900,1800000,1800000,88,3944000,Discharging,20.1,17.3,16.7,23.1,22.9,3415,4090,,,
3972,37279,38485,37480,27900,1800000,1800000,88,3962000,Discharging,19.6,18.2,12.7,21.1,26.8,2157,2667,,,
3974,37279,38150,37882,27900,1608000,1800000,88,3961000,Discharging,20.6,19.1,13.0,21.7,28.3,3516,4166,,,
3976,37547,38217,37681,27900,1800000,1800000,88,3962000,Discharging,20.2,12.6,15.4,33.6,18.6,3430,4116,,,
3978,37011,38217,37748,27900,1800000,1800000,88,3965000,Discharging,19.9,17.7,16.9,22.3,23.1,3415,4090,,,
3980,37346,38686,37614,27900,1800000,1800000,88,3965000,Discharging,20.4,18.3,14.2,20.7,27.7,3346,4076,,,
3982,37748,38552,37949,27900,1800000,1800000,88,3959000,Discharging,21.1,21.6,11.7,24.3,27.2,3308,4042,,,
3984,37011,38820,37547,27900,1608000,1800000,88,3953000,Discharging,20.4,16.7,11.8,21.6,30.5,3308,4076,,,
3987,37078,38418,37681,27900,1800000,1800000,88,3959000,Discharging,19.5,19.2,15.1,21.6,22.6,2315,2765,,,
3989,37346,38016,37547,27900,1800000,1800000,88,3964000,Discharging,21.1,15.2,14.3,24.8,29.2,3312,4038,,,
3991,37346,38284,37212,27900,1416000,1800000,88,3966000,Discharging,19.7,19.2,15.8,16.4,27.5,3404,4130,,,
3993,37011,38217,37346,27900,1800000,1800000,88,3963000,Discharging,20.5,25.1,11.5,19.2,25.8,3368,4084,,,
3995,37212,38284,37614,27900,1800000,1800000,88,3965000,Discharging,19.4,17.0,15.8,31.6,12.7,3312,4066,,,
3997,37212,38217,37882,27900,1416000,1800000,88,3963000,Discharging,20.5,18.1,16.7,28.1,18.4,3430,4063,,,
4000,37681,38284,37547,27900,1608000,1800000,88,3951000,Discharging,20.0,13.4,22.1,31.5,13.5,2306,2752,,,
4002,37212,38552,37882,27900,1608000,1800000,88,3964000,Discharging,19.9,11.5,9.9,22.9,35.0,3332,4076,,,
4004,37011,38887,37748,27900,1608000,1800000,88,3962000,Discharging,20.3,24.3,16.2,23.1,17.8,3382,4094,,,
4006,37212,38418,37815,27900,1800000,1800000,88,3961000,Discharging,20.4,17.9,16.1,33.9,13.7,3364,4084,,,
4008,37212,38217,37413,27900,1800000,1800000,88,3965000,Discharging,19.8,15.8,14.5,25.7,22.9,3540,4170,,,
4010,37346,38485,37413,27900,1800000,1800000,88,3967000,Discharging,20.8,23.2,10.8,24.6,24.4,3375,4112,,,
4012,37748,38217,38217,27900,1800000,1800000,88,3965000,Discharging,24.1,22.7,19.1,24.3,29.9,3612,4370,,,
4015,38083,38887,38954,28000,1800000,1800000,88,3960000,Discharging,28.1,22.0,16.4,41.0,33.8,2461,2901,,,
4017,38820,38753,38753,28000,1800000,1800000,88,3960000,Discharging,28.1,33.8,24.5,29.7,24.3,3888,4443,,,
4019,38284,38619,38619,27900,1800000,1800000,88,3963000,Discharging,26.7,23.1,16.7,29.9,36.4,3679,4340,,,
4021,38217,38686,38686,27900,1608000,1800000,88,3962000,Discharging,21.5,15.1,12.8,20.9,36.7,3502,4338,,,
4023,37949,38686,38016,27900,1800000,1800000,88,3962000,Discharging,22.9,21.7,11.3,30.0,28.9,3664,4465,,,
4025,37614,38217,38217,27900,1608000,1800000,88,3962000,Discharging,21.3,13.7,16.4,27.1,27.8,3483,4344,,,
4028,38954,39021,39021,27900,1800000,1800000,88,3928000,Discharging,33.8,29.2,19.8,46.8,39.0,2644,2977,,,
4030,38753,39289,39222,28000,1800000,1800000,88,3960000,Discharging,33.9,42.9,20.7,32.2,39.9,3895,4406,,,
4032,39356,39356,39222,28000,1800000,1800000,88,3957000,Discharging,35.3,44.3,30.4,29.9,36.8,3718,4304,,,
4034,40562,40294,40160,28000,1800000,1800000,88,3944000,Discharging,34.9,38.7,27.0,24.4,48.6,4340,4740,,,
4036,39289,39825,39825,28000,1800000,1800000,88,3952000,Discharging,35.2,32.5,37.4,36.6,34.9,3633,4260,,,
4038,41165,40629,40428,28000,1800000,1800000,88,3943000,Discharging,34.6,22.5,43.8,33.3,38.6,4514,4840,,,
4041,39624,39624,39758,28000,1416000,1800000,88,3958000,Discharging,31.5,34.9,12.8,35.2,42.9,2652,3140,,,
4043,40294,39959,39959,28000,1800000,1800000,88,3957000,Discharging,31.2,25.9,24.4,31.8,42.3,4418,4858,,,
4045,40026,39892,39557,28000,1800000,1800000,88,3951000,Discharging,34.5,42.1,31.0,33.5,32.1,4096,4557,,,
4047,41299,39892,40830,28000,1800000,1800000,88,3943000,Discharging,34.4,17.4,36.2,40.2,43.0,4498,4922,,,
4049,39356,39892,39691,28000,1800000,1800000,88,3956000,Discharging,35.3,31.8,22.9,34.1,53.0,4010,4493,,,
4052,39557,39758,39557,28000,1800000,1800000,88,3951000,Discharging,34.9,35.5,41.0,37.4,25.1,2552,2979,,,
4054,39423,39758,39356,28000,1800000,1800000,88,3949000,Discharging,35.7,41.9,16.5,39.8,43.9,3512,4122,,,
4056,39088,39825,39624,28100,1800000,1800000,88,3949000,Discharging,34.7,30.6,25.2,50.2,33.2,3608,4310,,,
4058,38820,39892,39490,28100,1800000,1800000,88,3952000,Discharging,35.2,34.9,33.8,33.2,37.8,3720,4112,,,
4060,38954,39088,38954,28000,1800000,1800000,88,3953000,Discharging,29.0,26.5,26.1,39.2,24.4,3593,4232,,,
4062,39088,39155,38552,28000,1800000,1800000,88,3956000,Discharging,32.2,41.7,17.4,31.2,39.4,3374,4000,,,
4065,38485,39222,38351,28000,1800000,1800000,88,3954000,Discharging,31.9,24.4,14.6,43.9,43.8,2225,2555,,,
4067,37815,38954,38217,28000,1800000,1800000,88,3956000,Discharging,32.9,22.3,27.2,48.4,34.3,2908,3497,,,
4069,38820,39490,38954,28000,1800000,1800000,88,3935000,Discharging,32.3,26.0,39.4,31.9,31.5,3826,4344,,,
4071,38485,39021,38887,28000,1800000,1800000,88,3953000,Discharging,31.9,23.6,37.1,30.5,36.2,3284,4062,,,
4073,38284,39356,38552,28000,1800000,1800000,88,3956000,Discharging,33.4,36.8,35.9,27.6,33.0,3238,3846,,,
4075,38217,39222,38820,28000,1800000,1800000,88,3954000,Discharging,32.4,43.0,22.5,25.5,38.1,3410,4034,,,
4078,38284,39289,39222,28000,1800000,1800000,88,3957000,Discharging,31.1,30.8,19.3,41.5,33.0,2285,2716,,,
4080,38619,39088,38552,28000,1800000,1800000,88,3958000,Discharging,32.7,34.7,30.5,23.0,42.3,3550,4142,,,
4082,38686,39289,38686,28000,1800000,1800000,88,3930000,Discharging,32.1,31.3,25.0,28.6,43.5,3298,3954,,,
4084,38418,38887,38820,28000,1800000,1800000,88,3958000,Discharging,33.0,41.8,28.7,34.1,27.5,3346,3980,,,
4086,37949,39021,38619,28000,1800000,1800000,88,3960000,Discharging,27.1,22.5,15.5,33.3,36.2,3564,4270,,,
4088,38217,38820,38686,28000,1416000,1800000,88,3960000,Discharging,23.5,13.9,19.2,28.7,31.3,3666,4346,,,
4091,38217,38954,38485,28000,1800000,1800000,88,3960000,Discharging,24.1,16.3,12.9,34.6,32.5,2457,2881,,,
4093,38485,38753,38686,28000,1800000,1800000,88,3954000,Discharging,29.6,28.8,23.0,33.5,33.3,3638,4248,,,
4095,37882,38619,39021,28000,1608000,1800000,88,3955000,Discharging,28.2,30.5,28.6,27.3,25.7,3529,3974,,,
4097,37681,38485,37949,28000,1800000,1800000,88,3959000,Discharging,20.4,13.9,13.2,25.8,28.8,3343,4098,,,
4099,37480,38552,38351,28000,1800000,1800000,88,3961000,Discharging,20.6,19.3,12.4,21.9,28.8,3520,4116,,,
4101,37547,38887,38485,28000,1800000,1800000,88,3957000,Discharging,19.3,16.0,14.5,32.5,14.2,3277,4028,,,
4104,37882,38485,37748,28000,1800000,1800000,88,3957000,Discharging,20.5,13.4,9.5,29.7,29.2,2251,2707,,,
4106,37212,38619,37681,28000,1800000,1800000,88,3956000,Discharging,20.0,15.9,14.2,31.8,18.7,3324,4054,,,
4108,37614,38284,37614,28000,1800000,1800000,88,3957000,Discharging,20.2,14.4,15.5,25.1,25.5,3282,4022,,,
4110,37346,38351,37614,28000,1800000,1800000,88,3955000,Discharging,20.3,13.9,10.0,31.3,25.4,3464,4089,,,
4112,37413,38284,37681,28000,1608000,1800000,88,3959000,Discharging,19.1,15.0,9.0,26.7,26.4,3300,4054,,,
4114,37413,38284,37614,28000,1800000,1800000,88,3959000,Discharging,20.6,13.2,13.6,22.3,32.7,3289,4008,,,
4116,37346,38552,38083,28000,1608000,1800000,88,3960000,Discharging,19.4,21.3,11.0,22.8,22.9,3266,3989,,,
4119,37279,38150,37614,28000,1800000,1800000,88,3958000,Discharging,20.4,17.7,10.4,20.5,32.7,2305,2762,,,
4121,37279,38686,37413,28000,1800000,1800000,88,3957000,Discharging,19.9,16.0,13.5,27.8,21.4,3532,4138,,,
4123,37145,38351,38351,28000,1800000,1800000,88,3956000,Discharging,19.7,11.1,14.8,29.9,22.3,3242,4011,,,
4125,36944,38217,37882,28000,1416000,1800000,88,3959000,Discharging,20.0,15.8,12.2,25.5,26.4,3398,4180,,,
4127,37346,38552,37815,28000,1800000,1800000,88,3957000,Discharging,19.4,13.8,13.0,28.4,23.3,3302,4033,,,
4129,37614,38351,37949,28000,1800000,1800000,88,3956000,Discharging,21.1,14.2,13.6,29.3,27.0,3270,4016,,,
4132,37480,38351,37279,28000,1608000,1800000,88,3960000,Discharging,20.4,18.4,10.7,32.1,20.4,2299,2722,,,
4134,37480,38485,37748,28000,1800000,1800000,88,3960000,Discharging,19.3,17.2,9.9,32.1,18.1,3411,4084,,,
4136,37480,38284,37547,28000,1608000,1800000,88,3957000,Discharging,20.2,18.5,20.8,22.6,19.2,3344,4026,,,
4138,37212,38150,37815,28000,1800000,1800000,88,3957000,Discharging,19.8,14.8,9.0,20.3,35.5,3249,3994,,,
4140,37480,38150,37681,28000,1800000,1800000,88,3958000,Discharging,20.2,12.6,18.9,12.7,36.3,3466,4091,,,
4142,37078,38351,37614,28000,1800000,1800000,88,3959000,Discharging,19.8,15.7,14.2,27.2,21.9,3304,4031,,,
4144,37413,38351,37815,28000,1800000,1800000,88,3960000,Discharging,21.0,12.0,11.9,34.1,26.5,3308,4061,,,
4147,37681,38485,38418,28000,1800000,1800000,88,3960000,Discharging,21.2,17.3,17.2,33.5,15.3,2310,2823,,,
4149,37949,38887,38418,28000,1800000,1800000,88,3955000,Discharging,27.8,22.9,16.0,28.8,42.6,3804,4402,,,
4151,38351,38954,38619,28000,1800000,1800000,88,3955000,Discharging,29.0,26.6,17.2,36.6,35.0,3947,4448,,,
4153,38284,39356,39222,28100,1800000,1800000,88,3958000,Discharging,29.5,34.4,14.6,32.4,36.7,3708,4329,,,
4155,38150,39356,38954,28000,1800000,1800000,88,3933000,Discharging,24.7,19.6,25.1,26.8,27.4,3598,4326,,,
4157,37815,38485,38284,28000,1800000,1800000,88,3956000,Discharging,21.6,16.0,21.0,22.0,27.1,3647,4337,,,
4160,38217,38485,38619,28100,1608000,1800000,88,3951000,Discharging,27.8,26.3,20.5,28.0,36.4,2329,2746,,,
4162,38284,39088,38351,28100,1800000,1800000,88,3950000,Discharging,28.0,25.4,20.1,28.7,37.6,3916,4465,,,
4164,37614,38418,38150,28100,1800000,1800000,88,3955000,Discharging,23.0,16.3,18.8,23.1,33.8,3526,4248,,,
4166,37212,38686,38351,28100,1800000,1800000,88,3958000,Discharging,20.4,15.6,15.3,19.6,30.8,3348,4076,,,
4168,37748,38552,38619,28100,1608000,1800000,88,3958000,Discharging,19.8,15.0,13.0,29.8,20.8,3312,4072,,,
4170,37614,38552,38016,28100,1800000,1800000,88,3956000,Discharging,21.2,16.0,12.1,29.4,27.3,3495,4170,,,
4173,37480,38686,38083,28100,1800000,1800000,88,3954000,Discharging,19.9,17.1,12.6,17.7,32.7,2229,2722,,,
4175,37279,38284,38016,28100,1800000,1800000,88,3954000,Discharging,20.6,18.8,14.3,27.8,20.6,3396,4098,,,
4177,37145,38150,37413,28100,1608000,1800000,88,3955000,Discharging,19.5,18.2,16.0,16.6,26.4,3286,4028,,,
4179,37212,38485,37681,28100,1800000,1800000,88,3955000,Discharging,19.4,18.2,15.9,20.8,23.7,3342,4035,,,
4181,37212,38619,37614,28100,1800000,1800000,88,3959000,Discharging,19.5,19.8,11.6,24.3,21.6,3518,4081,,,
4183,37078,38552,38150,28100,1800000,1800000,88,3958000,Discharging,20.0,13.2,12.1,26.8,27.9,3293,4073,,,
4185,37346,38954,37681,28100,1608000,1800000,88,3955000,Discharging,20.5,18.5,20.7,25.1,18.5,3350,4052,,,
4188,37212,38418,37614,28000,1800000,1800000,88,3955000,Discharging,20.0,16.5,11.3,16.9,33.8,2161,2659,,,
4190,37279,38150,37681,28100,1608000,1800000,88,3951000,Discharging,20.4,19.0,10.8,31.1,21.1,3264,4042,,,
4192,36877,38217,37681,28100,1608000,1800000,88,3960000,Discharging,19.6,17.9,12.7,17.8,30.0,3538,4164,,,
4194,37145,38619,37681,28100,1800000,1800000,88,3960000,Discharging,19.8,13.2,11.5,19.9,34.1,3264,4056,,,
4196,37212,38418,37614,28100,1800000,1800000,88,3953000,Discharging,20.5,13.0,15.7,37.9,16.0,3234,4028,,,
4198,36877,38418,38016,28100,1608000,1800000,88,3956000,Discharging,20.3,17.1,8.9,26.5,28.3,3266,4078,,,
4201,37212,38619,37748,28100,1800000,1800000,88,3955000,Discharging,21.0,17.5,16.4,22.1,28.0,2222,2733,,,
4203,37480,38284,37614,28100,1800000,1800000,88,3955000,Discharging,19.1,21.3,11.8,19.4,24.5,3476,4122,,,
4205,37011,38619,37547,28100,1800000,1800000,88,3956000,Discharging,21.6,17.6,15.6,21.8,30.2,3376,4082,,,
4207,37078,38351,38150,28100,1800000,1800000,88,3957000,Discharging,20.2,16.7,11.8,30.7,22.1,3320,4056,,,
4209,37145,38284,37547,28100,1800000,1800000,88,3957000,Discharging,20.2,22.3,8.6,25.6,23.9,3314,4062,,,
4211,37413,38485,37547,28100,1800000,1800000,88,3958000,Discharging,20.4,13.2,10.0,41.3,16.6,3271,4047,,,
4213,37145,38619,37413,28100,1800000,1800000,88,3958000,Discharging,20.8,14.8,8.6,30.7,27.4,3452,4130,,,
4216,37882,38552,38284,28100,1608000,1800000,88,3953000,Discharging,23.9,20.0,21.9,19.8,33.8,2433,2884,,,
4218,37681,38887,38619,28100,1800000,1800000,88,3951000,Discharging,29.9,17.5,33.8,27.4,40.8,3508,4241,,,
4220,38351,38686,38753,28100,1800000,1800000,88,3955000,Discharging,29.3,29.5,24.6,20.3,42.5,3738,4344,,,
4222,37815,39289,38686,28100,1800000,1800000,88,3956000,Discharging,26.8,20.1,27.8,33.5,26.4,3838,4400,,,
4224,37681,38619,38485,28100,1800000,1800000,88,3957000,Discharging,21.2,18.7,13.3,28.2,23.2,3504,4345,,,
4226,37681,38820,38418,28100,1800000,1800000,88,3958000,Discharging,21.8,17.8,17.9,27.6,23.6,3502,4340,,,
4229,38083,38619,37949,28100,1800000,1800000,88,3933000,Discharging,20.7,15.5,16.1,25.1,25.9,2413,2967,,,
4231,40026,39356,39289,28100,1800000,1800000,88,3931000,Discharging,32.9,27.7,27.6,36.6,40.4,4124,4549,,,
4233,38954,39423,38954,28100,1800000,1800000,88,3947000,Discharging,35.8,34.6,19.9,45.6,41.8,3606,4078,,,
4235,38820,39356,38753,28100,1800000,1800000,88,3956000,Discharging,35.3,31.0,30.2,33.8,46.0,3532,4210,,,
4237,39289,39557,38887,28200,1800000,1800000,88,3937000,Discharging,35.0,25.5,22.9,43.9,48.1,3667,4302,,,
4239,40428,40160,40294,28100,1800000,1800000,88,3945000,Discharging,32.6,34.6,24.6,32.4,38.8,4305,4654,,,
4242,40629,39959,39892,28200,1800000,1800000,88,3947000,Discharging,35.2,31.9,37.9,34.0,37.3,2567,2891,,,
4244,39758,39155,40026,28100,1800000,1800000,88,3952000,Discharging,34.7,30.0,24.5,36.4,47.5,4066,4476,,,
4246,39021,40093,39155,28100,1800000,1800000,88,3944000,Discharging,35.9,38.3,28.3,50.2,27.0,3756,4300,,,
4248,40763,40294,41031,28200,1800000,1800000,88,3937000,Discharging,32.0,27.8,27.4,36.7,36.0,4776,4984,,,
4250,40897,40495,40562,28200,1800000,1800000,88,3939000,Discharging,33.7,30.4,18.7,44.4,40.7,4303,4756,,,
4252,39624,39892,39959,28100,1608000,1800000,88,3949000,Discharging,34.6,18.4,24.1,45.3,50.0,3802,4376,,,
4255,39758,40093,39825,28100,1800000,1800000,88,3946000,Discharging,34.3,26.2,34.0,24.9,51.9,2780,3072,,,
4257,40830,40629,40696,28200,1800000,1800000,88,3944000,Discharging,34.2,24.3,24.4,40.6,46.6,4356,4728,,,
4259,39892,40026,39758,28200,1800000,1800000,87,3949000,Discharging,35.8,33.2,34.9,33.5,41.6,4218,4792,,,
4261,40227,40361,40160,28100,1800000,1800000,87,3947000,Discharging,34.2,22.3,33.5,40.4,40.5,3868,4464,,,
4263,39825,40428,39758,28100,1800000,1800000,87,3955000,Discharging,29.9,23.0,28.0,38.8,30.2,4196,4524,,,
4265,39557,40093,39490,28200,1800000,1800000,87,3949000,Discharging,32.5,33.8,35.5,30.0,30.6,3368,3930,,,
4268,38820,39155,39624,28200,1800000,1800000,87,3946000,Discharging,31.8,25.9,31.6,29.9,39.7,2142,2561,,,
4270,38820,39222,39155,28200,1800000,1800000,87,3921000,Discharging,31.3,30.8,20.1,43.5,30.4,3490,4048,,,
4272,38485,39356,39155,28100,1800000,1800000,87,3952000,Discharging,32.4,31.2,35.5,25.0,38.0,3320,3852,,,
4274,38954,39624,39021,28100,1800000,1800000,87,3947000,Discharging,32.0,36.9,42.9,23.0,24.1,3769,4138,,,
4276,38418,39222,39155,28200,1800000,1800000,87,3950000,Discharging,33.0,30.4,30.3,37.6,34.4,3229,3760,,,
4279,38954,39222,39557,28200,1800000,1800000,87,3949000,Discharging,31.5,23.1,29.6,33.6,39.3,2412,2785,,,
4281,39289,39490,38753,28200,1800000,1800000,87,3949000,Discharging,32.4,30.5,38.2,29.1,31.4,3376,3961,,,
4283,39289,39825,39222,28200,1800000,1800000,87,3920000,Discharging,31.4,26.1,23.1,38.8,38.2,3507,4024,,,
4285,38485,39155,38954,28100,1800000,1800000,87,3949000,Discharging,31.7,34.1,23.6,39.5,29.1,3394,3822,,,
4287,38753,38954,39021,28200,1800000,1800000,87,3946000,Discharging,32.9,29.2,33.6,33.9,35.7,3259,3900,,,
4289,37949,39155,38753,28200,1800000,1800000,87,3948000,Discharging,32.3,36.3,20.0,47.2,24.5,3141,3596,,,
4292,38418,39289,38820,28200,1800000,1800000,87,3952000,Discharging,24.4,17.5,24.4,36.6,19.0,2535,2960,,,
4294,38217,39356,39222,28100,1800000,1800000,87,3953000,Discharging,19.1,17.0,22.5,21.5,15.2,4390,4558,,,
4296,38016,38887,38284,28100,1800000,1800000,87,3949000,Discharging,28.3,21.3,32.1,31.3,27.9,3340,3878,,,
4298,38619,38753,39222,28200,1800000,1800000,87,3944000,Discharging,28.9,28.9,15.8,25.7,45.4,3600,4292,,,
4300,38016,39088,38552,28200,1800000,1800000,87,3953000,Discharging,27.7,31.1,31.3,34.0,14.4,3232,3824,,,
4302,37882,39088,38351,28200,1608000,1800000,87,3953000,Discharging,21.4,18.2,19.3,16.8,30.4,3397,4129,,,
4305,38016,38619,38284,28200,1800000,1800000,87,3954000,Discharging,20.1,15.6,11.3,19.2,34.8,2357,2776,,,
4307,37480,38820,38284,28100,1800000,1800000,87,3954000,Discharging,20.6,14.8,13.9,21.1,32.2,3364,4098,,,
4309,37413,38686,37681,28200,1800000,1800000,87,3951000,Discharging,20.9,17.5,14.5,23.2,28.3,3338,4071,,,
4311,37145,38753,37882,28200,1800000,1800000,87,3925000,Discharging,21.1,15.8,16.4,32.2,19.6,3270,3977,,,
4313,37145,38485,37748,28200,1800000,1800000,87,3950000,Discharging,19.8,23.0,12.3,21.0,23.1,3266,4036,,,
4315,37681,38753,38016,28200,1608000,1800000,87,3949000,Discharging,19.2,18.2,9.5,22.1,26.9,3456,4081,,,
4317,37413,38552,38083,28200,1800000,1800000,87,3951000,Discharging,21.1,23.8,13.9,29.6,17.4,3343,4030,,,
4320,37480,37949,37815,28200,1800000,1800000,87,3953000,Discharging,20.4,14.5,10.8,26.9,28.5,2210,2691,,,
4322,37413,38552,38016,28200,1800000,1800000,87,3950000,Discharging,20.9,16.3,8.5,35.7,23.6,3250,3990,,,
4324,36944,38552,37882,28200,1416000,1800000,87,3950000,Discharging,20.3,15.4,13.7,29.1,22.4,3386,4121,,,
4326,37547,38753,37815,28200,1800000,1800000,87,3931000,Discharging,20.2,17.6,15.6,24.6,23.7,3486,4186,,,
4328,37279,38351,37614,28100,1800000,1800000,87,3951000,Discharging,20.5,20.9,10.0,22.1,29.2,3350,4086,,,
4330,37614,38552,37547,28100,1800000,1800000,87,3953000,Discharging,20.0,15.0,11.5,28.3,24.4,3329,4066,,,
4333,37011,38351,37882,28200,1800000,1800000,87,3950000,Discharging,20.8,15.4,13.2,38.3,15.6,2240,2728,,,
4335,37681,38820,37815,28100,1608000,1800000,87,3951000,Discharging,19.6,15.0,13.7,19.0,30.2,3551,4160,,,
4337,37547,38418,38083,28100,1608000,1800000,87,3951000,Discharging,21.2,20.0,14.5,24.6,25.8,3302,4094,,,
4339,37279,38150,37882,28200,1800000,1800000,87,3953000,Discharging,19.9,14.4,16.2,25.5,23.8,3366,4109,,,
4341,37614,38552,37815,28200,1608000,1800000,87,3939000,Discharging,19.8,20.2,15.7,20.0,22.5,3428,4156,,,
4343,37212,38418,37882,28200,1800000,1800000,87,3951000,Discharging,20.1,15.9,17.5,18.5,28.4,3400,4091,,,
4345,37346,38954,37748,28200,1800000,1800000,87,3953000,Discharging,19.8,17.7,15.0,26.9,19.2,3564,4157,,,
4348,37212,38217,38284,28200,1800000,1800000,87,3953000,Discharging,20.5,15.3,14.4,24.1,28.8,2204,2703,,,
4350,37212,38284,37882,28100,1800000,1800000,87,3955000,Discharging,18.9,19.2,14.4,16.9,25.1,3348,4065,,,
4352,37949,38753,38284,28200,1800000,1800000,87,3953000,Discharging,22.0,15.9,17.7,31.0,23.9,3580,4356,,,
4354,38150,38954,38284,28200,1800000,1800000,87,3949000,Discharging,29.7,32.2,19.7,20.1,45.9,3610,4298,,,
4356,38619,38954,38552,28200,1800000,1800000,87,3935000,Discharging,28.8,23.8,24.1,33.5,33.6,3762,4364,,,
4358,38552,39222,38150,28200,1800000,1800000,87,3948000,Discharging,29.4,32.5,13.4,23.4,48.2,3583,4295,,,
4361,38686,38954,38351,28200,1800000,1800000,87,3952000,Discharging,21.6,13.9,16.7,23.5,31.0,2396,2915,,,
4363,37949,38820,38217,28200,1800000,1800000,87,3950000,Discharging,22.1,13.0,20.1,30.4,24.7,3580,4418,,,
4365,37882,39021,38284,28200,1800000,1800000,87,3953000,Discharging,20.3,15.9,12.7,28.0,25.1,3740,4478,,,
4367,38150,38820,38887,28200,1800000,1800000,87,3946000,Discharging,28.5,19.0,18.4,31.8,44.8,3524,4141,,,
4369,38954,39356,39155,28200,1800000,1800000,87,3942000,Discharging,35.0,25.8,32.6,39.4,41.9,3573,4138,,,
4371,39423,40093,40428,28200,1800000,1800000,87,3944000,Discharging,33.9,23.2,22.5,41.1,47.9,4024,4464,,,
4374,39825,39959,40026,28200,1800000,1800000,87,3950000,Discharging,35.6,27.8,30.5,30.7,52.5,2416,2750,,,
4376,39624,39892,39825,28200,1800000,1800000,87,3942000,Discharging,35.5,40.5,21.1,40.1,39.4,3958,4319,,,
4378,39423,39490,39155,28200,1800000,1800000,87,3946000,Discharging,35.3,30.4,36.6,26.8,48.1,3392,3854,,,
4380,39021,39624,39088,28200,1800000,1800000,87,3943000,Discharging,34.5,42.3,26.4,26.9,42.2,3313,3781,,,
4382,38954,39691,39155,28200,1800000,1800000,87,3948000,Discharging,35.9,28.4,40.7,36.7,38.0,3214,3792,,,
4384,39490,39557,39959,28300,1800000,1800000,87,3941000,Discharging,34.8,43.4,31.0,28.9,35.0,3678,4160,,,
4387,39222,39758,39356,28200,1800000,1800000,87,3942000,Discharging,34.9,39.4,28.0,31.0,41.5,2274,2610,,,
4389,39892,40026,39624,28200,1800000,1800000,87,3946000,Discharging,32.0,24.3,34.3,26.5,43.6,4397,4820,,,
4391,39088,39691,39490,28200,1800000,1800000,87,3948000,Discharging,31.0,32.9,31.5,21.7,37.2,3500,4092,,,
4393,38552,39021,39222,28200,1800000,1800000,87,3947000,Discharging,32.0,29.9,11.5,43.0,43.5,3099,3684,,,
4395,38619,39356,38954,28200,1800000,1800000,87,3947000,Discharging,32.3,38.1,32.9,30.4,28.0,3288,3876,,,
4397,38418,39088,39155,28200,1800000,1800000,87,3917000,Discharging,33.8,29.7,44.0,26.4,34.0,3283,3850,,,
4400,39088,39289,39155,28200,1800000,1800000,87,3943000,Discharging,32.4,37.9,35.5,26.0,29.8,2205,2611,,,
4402,39021,39222,39289,28200,1800000,1800000,87,3949000,Discharging,32.1,34.7,16.4,34.3,43.3,3278,3885,,,
4404,38351,39289,38954,28200,1800000,1800000,87,3946000,Discharging,32.7,27.8,40.5,28.6,34.0,3276,3865,,,
4406,38887,38820,38552,28200,1800000,1800000,87,3948000,Discharging,32.4,32.9,34.4,32.9,30.0,3530,4010,,,
4408,38284,39155,39088,28200,1800000,1800000,87,3945000,Discharging,32.2,34.6,29.6,33.6,31.0,3262,3850,,,
4410,38753,39155,38552,28200,1800000,1800000,87,3915000,Discharging,32.6,29.7,29.0,24.3,47.4,3166,3778,,,
4413,38217,38954,38954,28300,1800000,1800000,87,3945000,Discharging,33.3,34.7,31.5,34.1,33.0,2071,2478,,,
4415,38418,39088,39088,28300,1800000,1800000,87,3943000,Discharging,32.0,35.3,31.5,32.5,28.5,3212,3818,,,
4417,38418,38954,39289,28200,1800000,1800000,87,3946000,Discharging,32.4,31.8,21.6,37.7,38.8,3462,3968,,,
4419,38150,39088,38820,28200,1800000,1800000,87,3950000,Discharging,32.7,21.1,35.5,37.3,37.4,3075,3598,,,
4421,38284,39356,39155,28200,1800000,1800000,87,3948000,Discharging,22.4,17.5,16.9,28.8,26.5,3672,4373,,,
4423,38284,39423,38887,28200,1800000,1800000,87,3948000,Discharging,21.3,14.1,19.6,24.4,25.8,3686,4352,,,
4426,38016,39222,38284,28300,1800000,1800000,87,3942000,Discharging,27.4,25.2,25.4,33.3,25.6,2132,2566,,,
4428,38686,38887,38552,28300,1800000,1800000,87,3938000,Discharging,30.8,31.6,32.7,23.3,36.1,3619,4223,,,
4430,37748,38820,38418,28200,1608000,1800000,87,3951000,Discharging,27.5,30.7,21.0,27.8,30.7,3298,3936,,,
4432,37547,39088,38217,28300,1800000,1800000,87,3950000,Discharging,20.1,11.7,11.8,13.3,43.5,3192,3987,,,
4434,37949,38686,38083,28200,1800000,1800000,87,3950000,Discharging,20.8,17.8,14.6,27.1,22.6,3328,4044,,,
4436,37882,38217,37949,28200,1608000,1800000,87,3951000,Discharging,18.8,18.1,16.1,20.9,20.5,3368,4096,,,
4439,37480,38686,37949,28200,1800000,1800000,87,3947000,Discharging,20.3,14.9,13.2,26.7,26.0,2375,2785,,,
4441,37681,38552,37949,28200,1800000,1800000,87,3946000,Discharging,20.4,13.1,19.2,27.1,21.1,3330,4090,,,
4443,36944,38217,37882,28200,1416000,1800000,87,3947000,Discharging,21.2,12.9,16.5,27.2,28.1,3358,4110,,,
4445,37212,38753,37815,28200,1608000,1800000,87,3947000,Discharging,20.0,17.8,14.0,20.4,27.7,3364,4088,,,
4447,37413,38351,37748,28200,1800000,1800000,87,3949000,Discharging,19.9,20.7,12.8,34.1,12.3,3552,4182,,,
4449,37547,38686,37748,28200,1800000,1800000,87,3949000,Discharging,20.0,13.5,13.2,33.8,19.3,3488,4166,,,
4452,37279,39155,37949,28200,1800000,1800000,87,3949000,Discharging,20.3,21.1,15.0,23.9,21.3,2269,2728,,,
4454,37815,38820,38217,28200,1800000,1800000,87,3925000,Discharging,19.7,17.0,14.3,18.5,28.8,3340,4058,,,
4456,37346,38753,37748,28200,1608000,1800000,87,3946000,Discharging,20.2,13.4,15.6,20.1,31.0,3317,4086,,,
4458,37346,38552,37748,28200,1608000,1800000,87,3948000,Discharging,19.8,15.4,15.0,32.6,16.7,3479,4124,,,
4460,37346,38485,37614,28200,1800000,1800000,87,3950000,Discharging,19.5,22.7,11.5,21.4,22.3,3430,4108,,,
4462,37279,38485,37681,28200,1800000,1800000,87,3946000,Discharging,20.4,16.3,12.1,32.5,20.9,3324,4068,,,
4464,37480,38351,38016,28200,1800000,1800000,87,3948000,Discharging,20.6,23.2,9.6,17.9,31.3,3388,4093,,,
4467,37413,38552,37815,28200,1800000,1800000,87,3949000,Discharging,19.8,24.3,12.4,24.2,18.4,2212,2702,,,
4469,37681,38686,38284,28200,1800000,1800000,87,3923000,Discharging,20.0,16.3,16.1,24.8,22.6,3600,4160,,,
4471,37547,38485,37815,28200,1800000,1800000,87,3946000,Discharging,19.8,11.1,12.3,24.6,30.5,3310,4064,,,
4473,37279,38552,37279,28200,1608000,1800000,87,3943000,Discharging,21.3,14.8,12.3,32.5,25.8,3292,4046,,,
4475,37346,38619,37815,28200,1800000,1800000,87,3946000,Discharging,19.9,17.4,11.3,16.6,34.0,3334,4081,,,
4477,37212,38150,38217,28200,1416000,1800000,87,3946000,Discharging,20.6,16.1,10.2,22.1,33.3,3345,4100,,,
4480,37480,38485,38150,28200,1800000,1800000,87,3948000,Discharging,19.5,16.7,15.7,21.8,24.3,2425,2785,,,
4482,37949,38552,38150,28200,1800000,1800000,87,3946000,Discharging,20.7,17.1,21.6,19.9,24.2,3723,4404,,,
4484,38418,39155,38820,28300,1800000,1800000,87,3944000,Discharging,30.9,25.0,25.8,36.9,35.6,3714,4605,,,
4486,38217,39088,38887,28200,1800000,1800000,87,3943000,Discharging,28.6,27.2,17.5,29.0,40.6,3673,4406,,,
4488,38351,38820,38887,28300,1800000,1800000,87,3942000,Discharging,26.8,24.8,23.0,34.1,25.0,3908,4406,,,
4490,38150,38552,38619,28300,1800000,1800000,87,3946000,Discharging,20.5,20.1,19.6,16.0,26.4,3667,4379,,,
4493,38284,38753,38485,28300,1800000,1800000,87,3947000,Discharging,21.8,15.4,15.9,28.4,27.7,2467,3079,,,
4495,38284,39557,38418,28200,1800000,1800000,87,3946000,Discharging,22.1,15.2,18.2,25.9,28.2,3753,4836,,,
4497,38418,38887,39289,28300,1800000,1800000,87,3912000,Discharging,30.3,13.9,24.7,35.5,46.7,3339,4121,,,
4499,40093,40026,39892,28300,1800000,1800000,87,3938000,Discharging,35.4,26.3,25.9,47.2,41.9,4358,4776,,,
4501,39222,39892,39356,28300,1800000,1800000,87,3942000,Discharging,35.3,22.3,30.0,31.6,57.4,3748,4372,,,
4503,40160,40160,40160,28300,1800000,1800000,87,3936000,Discharging,35.6,26.5,22.2,38.0,55.0,4422,5092,,,
4506,41031,40361,39758,28300,1608000,1800000,87,3932000,Discharging,34.7,34.4,40.7,28.2,35.5,2767,3262,,,
4508,39624,39959,39691,28300,1800000,1800000,87,3942000,Discharging,35.0,21.5,26.0,41.9,50.5,3491,4084,,,
4510,40629,40294,40026,28300,1800000,1800000,87,3913000,Discharging,35.1,37.3,25.6,33.8,43.8,4167,4562,,,
4512,40428,40696,40294,28300,1800000,1800000,87,3940000,Discharging,34.1,38.8,27.1,32.1,38.6,4594,5084,,,
4514,39825,40160,39423,28300,1800000,1800000,87,3935000,Discharging,35.5,31.9,39.2,23.6,45.8,4034,4910,,,
4516,39825,39825,39691,28300,1800000,1800000,87,3941000,Discharging,35.1,26.3,30.6,37.7,46.8,3749,4354,,,
4519,40093,40562,39624,28300,1800000,1800000,87,3936000,Discharging,35.9,33.5,24.1,39.2,46.7,2669,2946,,,
4521,39624,39691,39557,28300,1800000,1800000,87,3940000,Discharging,35.4,39.5,33.2,33.8,34.9,4066,4854,,,
4523,39825,39892,39691,28300,1800000,1800000,87,3908000,Discharging,34.7,48.1,34.3,30.7,26.8,3608,4167,,,
4525,40361,40227,40361,28300,1800000,1800000,87,3941000,Discharging,35.7,30.6,29.8,34.6,47.2,3889,4425,,,
4527,40160,40696,40227,28300,1800000,1800000,87,3935000,Discharging,34.6,26.3,40.8,38.0,34.0,4070,4554,,,
4530,40160,40629,40093,28300,1800000,1800000,87,3935000,Discharging,35.7,35.3,29.6,30.2,47.5,2854,3105,,,
4532,39289,40294,39222,28300,1800000,1800000,87,3939000,Discharging,28.9,33.0,24.9,24.9,32.2,3417,4078,,,
4534,39356,39624,39691,28300,1800000,1800000,87,3937000,Discharging,32.5,31.1,27.1,29.1,42.9,3612,4200,,,
4536,39088,39557,38686,28300,1800000,1800000,87,3939000,Discharging,31.8,23.3,23.4,36.3,44.1,3196,3895,,,
4538,38686,39490,39021,28300,1800000,1800000,87,3936000,Discharging,32.7,36.0,37.5,33.0,24.7,3257,3914,,,
4540,38954,39959,39423,28300,1800000,1800000,87,3941000,Discharging,31.2,25.4,28.3,35.8,35.8,3838,4382,,,
4543,39222,39557,39289,28300,1800000,1800000,87,3936000,Discharging,31.3,42.1,20.4,21.6,40.7,2421,2812,,,
4545,38418,39557,39088,28300,1800000,1800000,87,3940000,Discharging,32.8,40.3,24.5,25.5,40.7,3421,4009,,,
4547,38552,39557,39289,28300,1800000,1800000,87,3940000,Discharging,32.0,36.9,42.5,28.6,19.9,3271,3903,,,
4549,38485,39423,39423,28300,1800000,1800000,87,3942000,Discharging,33.5,28.0,34.9,30.8,40.6,3158,3774,,,
4551,39021,39557,39088,28400,1800000,1800000,87,3942000,Discharging,32.4,43.2,23.8,26.8,35.5,3436,3914,,,
4553,38954,39289,39222,28300,1608000,1800000,87,3938000,Discharging,32.4,22.0,26.2,41.4,39.6,3264,3960,,,
4556,38619,38753,38686,28300,1800000,1800000,87,3941000,Discharging,33.1,39.3,22.4,20.2,51.2,2077,2440,,,
4558,38753,39624,39021,28300,1800000,1800000,87,3943000,Discharging,25.9,27.5,17.1,34.9,23.5,3928,4460,,,
4560,38485,39490,38820,28300,1800000,1800000,87,3944000,Discharging,21.3,22.0,21.6,24.1,17.6,3961,4418,,,
4562,38619,38954,38418,28300,1800000,1800000,87,3943000,Discharging,24.9,26.9,16.2,35.0,21.4,3616,4192,,,
4564,38686,39222,38887,28300,1800000,1800000,87,3912000,Discharging,28.6,30.8,25.2,37.4,21.4,3856,4342,,,
4566,37949,39289,38887,28300,1800000,1800000,87,3945000,Discharging,27.3,27.4,19.0,29.6,32.9,3352,3960,,,
4569,38083,39222,38485,28300,1800000,1800000,87,3945000,Discharging,20.1,15.2,9.5,41.0,14.2,2242,2751,,,
4571,38016,39289,38485,28300,1800000,1800000,87,3944000,Discharging,20.7,20.1,9.4,31.1,21.9,3522,4135,,,
4573,38016,39155,38552,28300,1800000,1800000,87,3943000,Discharging,19.3,15.9,11.8,26.8,22.5,3263,3991,,,
4575,37279,39155,38284,28300,1800000,1800000,87,3942000,Discharging,20.1,14.6,14.3,26.9,23.8,3342,4051,,,
4577,37748,38552,37815,28300,1416000,1800000,87,3941000,Discharging,19.1,17.6,28.1,17.5,13.7,3266,3990,,,
4579,37480,38619,37748,28300,1800000,1800000,87,3920000,Discharging,20.8,13.9,13.1,31.3,24.3,3292,4041,,,
4581,37480,38485,38083,28300,1608000,1800000,87,3941000,Discharging,20.8,10.8,9.3,32.1,31.0,3348,4094,,,
4584,37815,38485,38217,28300,1800000,1800000,86,3944000,Discharging,20.0,16.0,10.5,28.0,25.1,2162,2665,,,
4586,37681,38619,38418,28300,1800000,1800000,86,3946000,Discharging,21.7,15.9,17.1,31.0,23.0,3510,4350,,,
4588,37681,38753,38351,28300,1800000,1800000,86,3944000,Discharging,19.6,19.5,9.4,25.0,24.2,3260,3971,,,
4590,37748,38619,38552,28300,1800000,1800000,86,3942000,Discharging,20.7,15.2,17.8,18.4,31.6,3344,4040,,,
4592,37748,38619,38016,28300,1608000,1800000,86,3942000,Discharging,19.9,14.6,11.9,26.1,25.9,3378,4068,,,
4594,37681,39021,38083,28300,1608000,1800000,86,3925000,Discharging,20.9,17.3,13.3,12.9,39.7,3286,4002,,,
4597,37413,38485,37614,28300,1800000,1800000,86,3943000,Discharging,20.1,13.3,16.0,21.8,30.2,2164,2680,,,
4599,37748,39289,37882,28300,1800000,1800000,86,3939000,Discharging,20.2,21.0,9.5,24.9,24.9,3370,4088,,,
4601,37480,38887,38217,28300,1800000,1800000,86,3942000,Discharging,19.6,16.9,13.8,23.6,23.8,3483,4122,,,
4603,37681,38552,38217,28300,1608000,1800000,86,3944000,Discharging,19.7,18.8,13.6,26.0,20.8,3306,4050,,,
4605,37480,38753,38552,28300,1416000,1800000,86,3941000,Discharging,20.3,14.5,16.5,25.0,25.3,3392,4100,,,
4607,37614,38351,37480,28300,1800000,1800000,86,3941000,Discharging,20.4,15.8,14.0,26.8,25.0,3300,4066,,,
4609,37346,38820,38016,28300,1800000,1800000,86,3921000,Discharging,20.7,15.8,9.4,25.5,31.8,3332,4106,,,
4612,37681,38753,37681,28300,1608000,1800000,86,3941000,Discharging,20.5,13.5,12.3,25.9,30.4,2304,2782,,,
4614,37815,38686,37949,28300,1800000,1800000,86,3941000,Discharging,20.4,14.6,10.4,22.9,32.9,3323,4090,,,
4616,37413,38887,37681,28300,1800000,1800000,86,3942000,Discharging,20.4,16.1,10.4,22.6,32.1,3335,4100,,,
4618,37949,38954,38552,28300,1800000,1800000,86,3941000,Discharging,21.1,15.3,20.5,23.6,25.5,3571,4374,,,
4620,38284,39088,38418,28300,1800000,1800000,86,3938000,Discharging,30.4,31.3,17.5,33.0,39.4,3653,4296,,,
4622,38954,39088,38619,28300,1800000,1800000,86,3938000,Discharging,27.9,23.7,18.9,24.4,44.4,3988,4476,,,
4625,38887,39289,39155,28400,1800000,1800000,86,3938000,Discharging,28.9,21.6,18.4,39.8,36.0,2379,2894,,,
4627,38284,39423,38552,28300,1800000,1800000,86,3943000,Discharging,23.3,15.4,16.4,34.0,27.5,3522,4266,,,
4629,38686,39155,38418,28300,1800000,1800000,86,3941000,Discharging,21.5,15.1,14.0,28.8,27.3,3570,4315,,,
4631,38217,38686,38686,28400,1800000,1800000,86,3940000,Discharging,28.8,24.2,20.5,32.9,37.5,3186,3788,,,
4633,38418,39155,38753,28400,1800000,1800000,86,3931000,Discharging,28.9,25.4,23.0,35.0,31.8,3796,4388,,,
4635,38083,39088,38150,28300,1800000,1800000,86,3942000,Discharging,25.3,15.4,14.7,27.1,44.8,3393,4076,,,
4638,37949,39155,38351,28300,1608000,1800000,86,3930000,Discharging,19.8,13.8,13.6,12.6,39.0,2210,2710,,,
4640,37882,38619,38016,28300,1608000,1800000,86,3940000,Discharging,20.2,13.4,10.0,24.4,32.4,3371,4088,,,
4642,37547,38753,37614,28300,1608000,1800000,86,3939000,Discharging,20.1,16.3,18.3,29.9,16.0,3470,4160,,,
4644,37681,38686,38552,28400,1800000,1800000,86,3940000,Discharging,20.1,13.6,9.1,35.2,20.9,3311,4075,,,
4646,37279,38351,38083,28400,1800000,1800000,86,3939000,Discharging,21.1,17.2,11.7,21.1,35.2,3364,4092,,,
4648,37413,38753,38083,28400,1800000,1800000,86,3939000,Discharging,19.0,23.1,14.4,12.8,26.9,3302,4059,,,
4651,37815,38820,38150,28300,1800000,1800000,86,3938000,Discharging,20.7,18.4,10.4,31.8,21.5,2216,2731,,,
4653,37748,38820,38083,28300,1800000,1800000,86,3923000,Discharging,19.6,18.8,11.8,23.7,23.9,3436,4086,,,
4655,37815,38619,38083,28300,1800000,1800000,86,3943000,Discharging,20.4,17.6,8.1,36.6,19.3,3354,4139,,,
4657,37279,38820,37949,28400,1800000,1800000,86,3942000,Discharging,20.6,15.0,11.4,27.8,27.4,3301,4053,,,
4659,38150,38619,37614,28400,1800000,1800000,86,3940000,Discharging,20.7,17.5,9.0,27.5,29.0,3363,4074,,,
4661,37279,38686,37815,28300,1800000,1800000,86,3940000,Discharging,20.5,12.3,18.1,24.4,26.7,3292,4046,,,
4663,37547,38485,37949,28300,1800000,1800000,86,3940000,Discharging,20.1,21.5,14.0,17.1,27.8,3552,4094,,,
4666,37681,38552,38351,28300,1800000,1800000,86,3942000,Discharging,20.1,17.3,13.4,20.3,29.1,2213,2729,,,
4668,38083,39088,38016,28400,1416000,1800000,86,3927000,Discharging,20.0,23.6,16.6,21.0,18.7,3395,4076,,,
4670,37748,38619,38150,28400,1800000,1800000,86,3939000,Discharging,20.8,13.4,11.3,27.2,31.2,3276,4042,,,
4672,37547,38820,37949,28300,1200000,1800000,86,3942000,Discharging,21.1,16.7,13.5,22.8,31.3,3338,4084,,,
4674,37614,38753,37882,28400,1800000,1800000,86,3940000,Discharging,19.2,18.3,9.0,24.2,25.5,3530,4135,,,
4676,37681,38954,37815,28300,1200000,1800000,86,3941000,Discharging,21.7,13.3,14.2,17.4,41.5,3318,4070,,,
4679,37413,38686,37614,28400,1800000,1800000,86,3938000,Discharging,20.1,12.9,15.6,24.3,27.6,2228,2718,,,
4681,37547,38686,37681,28300,1608000,1800000,86,3939000,Discharging,21.2,17.1,12.9,34.1,20.6,3352,4091,,,
4683,37413,38418,37681,28400,1800000,1800000,86,3925000,Discharging,20.5,13.0,11.4,28.6,29.0,3477,4152,,,
4685,37681,38887,38016,28400,1800000,1800000,86,3940000,Discharging,20.2,13.8,12.3,21.9,32.7,3395,4102,,,
4687,38418,38820,38351,28400,1800000,1800000,86,3938000,Discharging,23.9,19.0,28.5,20.0,27.0,3720,4442,,,
4689,37949,39155,38418,28400,1800000,1800000,86,3936000,Discharging,29.1,21.4,16.5,28.2,50.9,3664,4350,,,
4691,38284,38954,38619,28400,1800000,1800000,86,3940000,Discharging,31.3,24.0,24.8,25.1,50.0,3598,4274,,,
4694,39088,39021,38887,28400,1800000,1800000,86,3937000,Discharging,26.3,27.3,18.5,28.4,30.6,2544,2924,,,
4696,38150,39289,38820,28400,1800000,1800000,86,3940000,Discharging,21.9,16.1,15.2,29.4,27.2,3538,4373,,,
4698,38418,39222,38552,28400,1800000,1800000,86,3940000,Discharging,21.9,17.1,19.3,21.1,29.9,3516,4358,,,
4700,38083,38686,38351,28400,1800000,1800000,86,3939000,Discharging,22.0,13.2,10.4,28.5,34.9,3576,4409,,,
4702,39959,39691,40227,28400,1800000,1800000,86,3927000,Discharging,34.9,31.0,19.8,51.6,37.5,4425,4799,,,
4704,39356,39691,38887,28400,1800000,1800000,86,3934000,Discharging,35.6,18.2,23.7,39.8,60.3,3674,4239,,,
4707,40026,40160,39892,28400,1800000,1800000,86,3932000,Discharging,34.8,35.4,27.2,27.4,48.6,2786,3076,,,
4709,39624,40160,39691,28400,1800000,1800000,86,3933000,Discharging,34.7,37.4,24.2,41.6,35.8,3998,4532,,,
4711,41165,40964,40629,28400,1800000,1800000,86,3918000,Discharging,35.6,20.0,34.6,44.0,43.3,4374,4790,,,
4713,40964,40696,40562,28500,1800000,1800000,86,3926000,Discharging,33.9,31.4,36.0,34.0,34.3,4864,5014,,,
4715,40562,40629,40629,28400,1800000,1800000,86,3932000,Discharging,34.8,34.8,28.8,46.5,28.3,4313,4677,,,
4717,39289,39624,40294,28400,1800000,1800000,86,3930000,Discharging,35.9,33.6,15.2,42.3,51.6,3664,4199,,,
4720,40361,40361,40093,28400,1800000,1800000,86,3929000,Discharging,34.3,46.7,24.5,34.7,31.6,2737,3066,,,
4722,39423,40294,39892,28500,1800000,1800000,86,3935000,Discharging,28.7,30.0,27.7,28.0,29.1,3675,4116,,,
4724,38753,39557,39289,28400,1800000,1800000,86,3905000,Discharging,32.2,38.7,23.7,31.9,35.0,3616,4102,,,
4726,39155,39356,39155,28400,1800000,1800000,86,3934000,Discharging,32.9,42.7,36.9,38.5,12.4,3334,3922,,,
4728,38418,38954,39155,28500,1800000,1800000,86,3932000,Discharging,32.2,30.5,37.1,26.4,34.9,3191,3800,,,
4731,37949,39222,39088,28400,1800000,1800000,86,3933000,Discharging,32.3,33.8,22.7,32.4,39.4,2154,2500,,,
4733,39155,39490,39222,28400,1800000,1800000,86,3931000,Discharging,32.6,27.6,35.6,29.6,38.1,3287,3900,,,
4735,39691,39624,40361,28400,1800000,1800000,86,3926000,Discharging,31.8,32.7,20.0,33.3,40.4,3861,4338,,,
4737,38686,39825,38887,28400,1800000,1800000,86,3935000,Discharging,33.8,41.9,30.0,24.8,38.8,3328,3937,,,
4739,38351,39423,39021,28400,1800000,1800000,86,3935000,Discharging,32.3,33.6,40.5,25.8,28.7,3334,3936,,,
4741,38552,39155,38686,28400,1800000,1800000,86,3932000,Discharging,33.1,35.8,36.6,29.4,30.7,3191,3852,,,
4744,38753,39222,38753,28400,1800000,1800000,86,3935000,Discharging,32.4,34.4,29.2,27.3,38.7,2211,2672,,,
4746,38954,39289,38820,28400,1800000,1800000,86,3931000,Discharging,32.3,33.6,35.8,21.7,37.2,3774,4254,,,
4748,38351,39088,38619,28400,1800000,1800000,86,3937000,Discharging,32.6,25.9,34.0,41.1,30.0,2932,3496,,,
4750,38820,39289,38753,28400,1608000,1800000,86,3937000,Discharging,23.7,19.2,18.8,30.1,26.5,3503,4255,,,
4752,39155,39222,38753,28400,1800000,1800000,86,3929000,Discharging,21.9,14.3,19.1,29.6,24.5,3873,4376,,,
4754,38351,39222,38619,28500,1800000,1800000,86,3919000,Discharging,29.0,28.6,14.2,27.6,45.1,3318,3805,,,
4757,38552,39356,38619,28500,1800000,1800000,86,3927000,Discharging,28.6,24.9,20.0,31.9,37.6,2551,2909,,,
4759,38083,38954,38820,28400,1800000,1800000,86,3941000,Discharging,24.0,24.4,16.0,29.6,25.9,3513,4207,,,
4761,38016,38954,38284,28400,1416000,1800000,86,3939000,Discharging,18.9,18.7,12.7,21.2,22.6,3244,4024,,,
4763,37882,39021,38418,28400,1800000,1800000,86,3939000,Discharging,20.4,18.0,18.6,23.0,23.0,3377,4047,,,
4765,37882,38887,37882,28400,1800000,1800000,86,3935000,Discharging,19.9,23.2,13.3,15.4,28.0,3558,4122,,,
4767,37614,39021,38552,28500,1800000,1800000,86,3935000,Discharging,20.7,15.0,21.8,28.1,18.2,3332,4069,,,
4769,37614,38887,37681,28400,1608000,1800000,86,3935000,Discharging,20.6,11.5,10.9,30.2,29.0,3260,4028,,,
4772,37480,38753,37815,28400,1800000,1800000,86,3934000,Discharging,21.1,17.2,15.3,24.8,26.4,2201,2684,,,
4774,37480,39088,38083,28400,1608000,1800000,86,3933000,Discharging,20.0,21.8,9.1,24.3,24.8,3374,4092,,,
4776,37480,38954,37949,28400,1416000,1800000,86,3938000,Discharging,19.7,19.0,10.0,22.1,27.0,3540,4154,,,
4778,38016,38552,37882,28400,1800000,1800000,86,3939000,Discharging,20.1,15.0,13.3,16.3,35.5,3296,4050,,,
4780,37145,38552,37882,28400,1800000,1800000,86,3935000,Discharging,19.7,14.9,11.0,26.4,26.6,3306,4041,,,
4782,37681,38686,37748,28400,1608000,1800000,86,3934000,Discharging,20.5,12.5,10.4,31.6,27.8,3274,4064,,,
4785,37547,38351,38016,28400,1800000,1800000,86,3933000,Discharging,20.5,17.6,11.5,22.9,29.1,2251,2727,,,
4787,37815,38753,38217,28400,1800000,1800000,86,3936000,Discharging,20.0,15.9,14.8,26.5,22.1,3542,4124,,,
4789,37748,38686,38083,28400,1800000,1800000,86,3937000,Discharging,20.3,14.4,10.0,31.9,25.5,3322,4052,,,
4791,37547,38753,37681,28500,1800000,1800000,86,3934000,Discharging,20.2,16.3,11.8,21.1,31.1,4573,6681,,,
4793,37547,38753,38217,28400,1800000,1800000,86,3937000,Discharging,18.9,20.1,17.9,19.8,17.1,7354,11511,,,
4796,37480,38753,38217,28400,1800000,1800000,86,3934000,Discharging,19.5,15.5,12.0,25.5,24.8,5030,7789,,,
4798,37681,39021,38083,28500,1416000,1800000,86,3934000,Discharging,19.8,18.8,12.9,28.2,19.6,7275,11511,,,
4801,37480,38753,38686,28400,1800000,1800000,86,3937000,Discharging,21.5,17.8,12.5,25.1,30.3,4853,7648,,,
4803,37815,38686,37815,28400,1608000,1800000,86,3934000,Discharging,20.5,16.2,11.0,28.1,27.0,6124,9201,,,
4805,37681,38552,37882,28400,1800000,1800000,86,3937000,Discharging,20.9,16.8,15.2,22.6,29.4,3776,4638,,,
4808,38016,38820,38016,28400,1608000,1800000,86,3937000,Discharging,19.8,21.3,17.8,23.3,17.1,2319,2876,,,
4810,38217,38887,38284,28500,1800000,1800000,86,3935000,Discharging,21.2,19.2,15.1,26.0,24.4,3784,4730,,,
4812,38284,39356,38686,28500,1800000,1800000,86,3933000,Discharging,27.8,16.4,29.2,34.2,32.0,3626,4472,,,
4814,39088,39490,39021,28500,1800000,1800000,86,3931000,Discharging,28.4,33.5,22.9,23.2,33.0,4126,4750,,,
4816,38619,39289,38954,28500,1800000,1800000,86,3930000,Discharging,28.4,24.3,19.7,41.8,27.5,4160,4795,,,
4819,38016,39356,38954,28500,1800000,1800000,86,3933000,Discharging,22.3,17.5,20.2,31.2,19.7,2538,3121,,,
4821,38083,39021,38887,28400,1800000,1800000,86,3934000,Discharging,21.7,17.8,14.2,31.2,23.4,3785,4770,,,
4823,38083,39423,38753,28500,1800000,1800000,86,3936000,Discharging,21.2,16.9,18.1,27.3,23.3,3702,4502,,,
4825,38351,39356,38485,28500,1800000,1800000,86,3932000,Discharging,26.4,20.1,17.3,26.4,41.1,3664,4323,,,
4827,39222,39356,39691,28500,1800000,1800000,86,3926000,Discharging,35.6,21.1,33.0,42.4,46.3,4299,4884,,,
4830,39088,39490,39155,28500,1800000,1800000,86,3932000,Discharging,35.5,32.7,18.3,52.7,37.6,2608,3086,,,
4832,40093,39490,40026,28500,1800000,1800000,86,3927000,Discharging,34.9,32.1,24.5,36.9,46.8,4301,4888,,,
4834,39892,40093,39959,28500,1800000,1800000,86,3924000,Discharging,36.4,35.7,34.1,44.9,29.9,4430,5026,,,
4836,40964,40629,40294,28500,1800000,1800000,86,3924000,Discharging,34.2,28.4,23.6,39.3,45.2,4516,4965,,,
4838,39557,40294,40227,28500,1800000,1800000,86,3929000,Discharging,34.9,18.1,24.2,45.3,51.6,4032,4658,,,
4841,40093,40160,39825,28600,1800000,1800000,86,3927000,Discharging,35.5,27.1,25.1,44.7,45.6,2624,3227,,,
4843,40160,40093,40026,28500,1800000,1800000,86,3924000,Discharging,35.5,39.2,25.2,46.2,31.4,4296,4942,,,
4845,40294,40562,40294,28500,1416000,1800000,86,3930000,Discharging,34.7,20.7,40.6,30.0,47.7,4277,4812,,,
4847,39557,39624,39758,28500,1800000,1800000,86,3927000,Discharging,35.7,18.2,27.9,45.2,51.2,3881,4578,,,
4849,41366,40562,41031,28500,1800000,1800000,86,3912000,Discharging,33.4,17.9,22.5,47.9,45.2,4125,4749,,,
4852,40361,40294,40361,28600,1800000,1800000,86,3919000,Discharging,30.9,22.6,22.7,38.9,39.1,2969,3392,,,
4854,40428,40026,39892,28500,1800000,1800000,86,3924000,Discharging,34.5,28.4,25.3,49.5,33.0,4414,5178,,,
4856,39557,40495,39825,28500,1800000,1800000,86,3926000,Discharging,35.5,18.9,23.7,36.6,62.2,3656,4432,,,
4858,40629,40495,40361,28500,1800000,1800000,86,3921000,Discharging,35.1,26.9,35.6,35.2,43.1,4533,5032,,,
4861,39356,39490,39758,28500,1800000,1800000,86,3930000,Discharging,30.7,22.8,25.6,44.0,30.1,2438,2886,,,
4863,39155,39624,39222,28500,1800000,1800000,86,3927000,Discharging,33.3,36.0,34.8,28.4,33.0,3458,4220,,,
4865,38820,39289,39155,28500,1800000,1800000,86,3932000,Discharging,32.2,28.2,24.3,27.9,48.6,3402,4096,,,
4867,39222,39892,39423,28500,1800000,1800000,86,3925000,Discharging,32.8,32.9,28.6,33.8,35.7,3787,4371,,,
4869,38954,39289,39088,28500,1800000,1800000,86,3925000,Discharging,32.8,38.8,23.9,38.0,30.4,3545,4240,,,
4872,38820,39222,39021,28500,1800000,1800000,86,3929000,Discharging,32.0,34.7,28.5,21.6,42.2,2374,2933,,,
4874,38686,39490,38954,28500,1800000,1800000,86,3932000,Discharging,32.7,41.6,23.7,32.9,33.5,3412,4000,,,
4876,38887,40026,39222,28500,1800000,1800000,86,3931000,Discharging,32.2,34.6,29.4,23.4,41.5,3516,4342,,,
4878,39021,39557,39021,28500,1800000,1800000,86,3931000,Discharging,33.3,31.3,24.7,29.4,47.1,3620,4212,,,
4880,38284,39088,39088,28500,1800000,1800000,86,3930000,Discharging,33.0,23.5,22.7,44.4,39.9,3328,3868,,,
4883,38284,38820,39222,28500,1800000,1800000,86,3931000,Discharging,32.7,48.6,34.9,26.5,22.2,2224,2673,,,
4885,38485,39155,39423,28500,1800000,1800000,86,3928000,Discharging,32.5,32.0,33.6,29.0,35.0,3490,4226,,,
4887,38418,39624,39356,28500,1800000,1800000,86,3932000,Discharging,31.7,37.6,14.6,37.2,37.3,3592,4291,,,
4889,38351,39490,39155,28500,1800000,1800000,86,3930000,Discharging,22.8,16.5,20.4,25.5,28.4,3850,4418,,,
4891,39155,39289,39423,28500,1800000,1800000,86,3931000,Discharging,20.5,12.4,18.0,25.5,25.8,3722,4358,,,
4894,38753,39557,39423,28500,1608000,1800000,86,3925000,Discharging,28.6,27.5,27.9,20.7,37.9,2261,2641,,,
4896,38753,39490,38753,28500,1800000,1800000,86,3924000,Discharging,28.6,24.9,20.9,36.4,33.0,3624,4230,,,
4898,38150,38954,38753,28500,1800000,1800000,86,3931000,Discharging,23.5,15.0,24.4,24.0,30.6,3587,4184,,,
4900,37882,39021,38083,28500,1800000,1800000,86,3931000,Discharging,19.3,20.1,11.5,31.1,14.1,3368,4109,,,
4902,37815,38887,37882,28500,1608000,1800000,86,3932000,Discharging,19.6,14.6,11.3,25.0,26.5,3303,4082,,,
4904,37547,39155,38418,28500,1800000,1800000,86,3928000,Discharging,20.3,19.3,17.7,24.4,19.8,3384,4056,,,
4907,38083,38820,38686,28500,1800000,1800000,86,3929000,Discharging,20.0,17.2,11.3,21.0,30.1,2209,2698,,,
4909,38150,39155,38619,28500,1608000,1800000,86,3930000,Discharging,19.4,14.0,11.3,23.6,28.3,3499,4136,,,
4911,37547,38887,38083,28500,1800000,1800000,86,3931000,Discharging,19.7,19.4,11.8,19.7,28.5,3356,4058,,,
4913,37949,38686,38485,28500,1800000,1800000,85,3928000,Discharging,20.3,20.7,11.5,25.5,22.9,3539,4372,,,
4915,37882,38753,38418,28500,1608000,1800000,85,3933000,Discharging,19.5,13.5,13.1,21.8,29.6,3310,4076,,,
4917,37815,38820,37949,28500,1800000,1800000,85,3933000,Discharging,19.5,17.6,13.7,26.4,20.3,3318,4050,,,
4919,37547,38753,38418,28500,1608000,1800000,85,3931000,Discharging,19.9,16.3,12.3,25.0,25.4,3516,4150,,,
4922,37078,38820,38351,28500,1416000,1800000,85,3929000,Discharging,20.6,17.5,14.8,20.2,30.2,2249,2721,,,
4924,38217,39088,38150,28500,1800000,1800000,85,3932000,Discharging,20.8,9.8,13.6,25.5,33.6,3354,4085,,,
4926,37346,38887,38217,28500,1800000,1800000,85,3933000,Discharging,19.8,12.1,12.6,31.5,22.8,3301,4060,,,
4928,37346,38418,38083,28500,1800000,1800000,85,3931000,Discharging,20.2,15.3,15.0,22.3,28.8,3328,4088,,,
4930,37547,38954,38150,28500,1608000,1800000,85,3928000,Discharging,20.7,19.4,13.1,26.8,22.4,3499,4134,,,
4932,37547,38820,37882,28500,1800000,1800000,85,3932000,Discharging,19.2,15.7,16.3,22.0,23.4,3360,4106,,,
4935,38150,38820,38619,28500,1800000,1800000,85,3933000,Discharging,20.2,16.3,9.5,22.3,32.9,2234,2747,,,
4937,37614,38820,37614,28500,1608000,1800000,85,3933000,Discharging,18.8,22.5,12.7,19.0,20.0,3362,4044,,,
4939,37748,39021,38418,28500,1800000,1800000,85,3932000,Discharging,20.8,24.2,12.4,21.9,24.8,3566,4128,,,
4941,37480,38820,37882,28500,1608000,1800000,85,3932000,Discharging,20.2,20.6,17.5,20.0,23.1,3322,4017,,,
4943,37882,38686,37882,28500,1800000,1800000,85,3931000,Discharging,19.4,20.6,12.6,22.1,22.2,3362,4097,,,
4945,37882,38552,38217,28500,1800000,1800000,85,3932000,Discharging,20.0,18.0,14.2,22.6,25.0,3354,4062,,,
4948,37547,38820,38217,28500,1608000,1800000,85,3931000,Discharging,19.5,18.4,11.5,18.4,29.4,2221,2725,,,
4950,38820,39021,38820,28500,1800000,1800000,85,3926000,Discharging,22.8,18.3,19.6,31.1,22.5,4028,4500,,,
4952,38150,39088,38820,28500,1800000,1800000,85,3927000,Discharging,29.8,25.8,20.5,22.2,50.7,3626,4320,,,
4954,38284,39155,38954,28500,1800000,1800000,85,3931000,Discharging,30.3,21.3,21.3,41.0,36.7,3616,4282,,,
4956,38552,39289,39289,28500,1800000,1800000,85,3907000,Discharging,24.5,25.8,17.6,24.8,30.0,3914,4388,,,
4958,38351,39289,38753,28500,1800000,1800000,85,3930000,Discharging,21.7,15.2,13.7,29.1,28.8,3502,4370,,,
4960,38083,39222,39155,28500,1800000,1800000,85,3930000,Discharging,21.8,17.7,11.8,28.0,29.3,3716,4440,,,
4963,38217,39021,38552,28500,1800000,1800000,85,3930000,Discharging,25.0,16.8,19.7,35.7,27.3,2358,2856,,,
4965,39691,40093,39758,28500,1800000,1800000,85,3921000,Discharging,34.7,18.7,24.5,47.0,48.4,4359,4776,,,
4967,39825,39423,39758,28600,1800000,1800000,85,3921000,Discharging,34.9,32.4,42.0,27.2,38.8,3670,4334,,,
4969,39691,39959,39624,28600,1800000,1800000,85,3925000,Discharging,34.4,28.2,34.1,46.0,28.4,3930,4280,,,
4971,40428,40093,40294,28600,1800000,1800000,85,3921000,Discharging,35.3,27.9,33.5,39.5,40.8,4028,4492,,,
4973,40495,40361,40428,28700,1800000,1800000,85,3910000,Discharging,34.5,33.8,22.9,39.6,40.6,4200,4583,,,
4976,41232,40964,41299,28600,1800000,1800000,85,3912000,Discharging,33.5,29.5,30.5,39.8,33.3,3149,3277,,,
4978,39892,40294,39959,28600,1800000,1800000,85,3916000,Discharging,34.7,36.0,26.9,36.0,40.6,3849,4270,,,
4980,42773,41098,41634,28600,1800000,1800000,85,3916000,Discharging,32.7,30.6,30.3,34.9,34.4,4984,5034,,,
4982,42036,40964,41366,28600,1800000,1800000,85,3912000,Discharging,35.0,31.3,25.8,38.1,45.3,4256,4590,,,
4984,40361,40629,40495,28700,1800000,1800000,85,3920000,Discharging,35.1,39.9,27.0,37.2,36.3,3940,4386,,,
4987,38954,39892,39557,28600,1800000,1800000,85,3927000,Discharging,28.9,33.6,28.5,17.8,35.5,2238,2647,,,
4989,39155,39825,38485,28600,1800000,1800000,85,3926000,Discharging,32.0,42.1,25.8,30.7,28.9,3420,4072,,,
4991,39021,39624,39289,28600,1800000,1800000,85,3923000,Discharging,32.0,35.7,31.3,31.2,31.0,3692,4192,,,
4993,38753,39289,39021,28600,1800000,1800000,85,3928000,Discharging,32.5,46.7,26.2,19.7,36.9,3092,3660,,,
4995,39557,39222,39825,28600,1608000,1800000,85,3926000,Discharging,31.6,25.8,31.0,34.3,35.3,3630,4186,,,
4997,38820,40294,39356,28600,1800000,1800000,85,3898000,Discharging,31.9,32.6,34.3,26.0,34.9,3514,4070,,,
5000,38820,39691,39423,28600,1800000,1800000,85,3920000,Discharging,33.1,37.4,38.7,23.6,32.4,2265,2709,,,
5002,39691,40160,40093,28600,1800000,1800000,85,3922000,Discharging,31.3,33.0,31.9,29.7,30.8,3840,4298,,,
5004,39289,39959,39490,28600,1800000,1800000,85,3926000,Discharging,32.5,41.4,23.6,39.6,24.6,3446,4064,,,
5006,38820,39892,39356,28600,1800000,1800000,85,3921000,Discharging,32.7,35.0,23.6,33.0,39.9,3258,3944,,,
5008,38753,39423,39222,28600,1800000,1800000,85,3921000,Discharging,31.8,40.2,20.7,35.5,30.8,3432,4042,,,
5010,38820,39423,39356,28600,1800000,1800000,85,3921000,Discharging,32.1,35.6,25.9,32.7,33.6,3715,4198,,,
5013,38954,39758,39155,28600,1800000,1800000,85,3927000,Discharging,24.1,17.9,14.3,32.9,31.6,2368,2880,,,
5015,38887,39892,39155,28600,1800000,1800000,85,3924000,Discharging,22.2,17.3,23.9,19.4,28.4,3518,4220,,,
5017,38217,38887,38954,28600,1800000,1800000,85,3923000,Discharging,28.9,21.0,25.4,30.7,37.9,3078,3642,,,
5019,39222,39423,38753,28600,1800000,1800000,85,3920000,Discharging,28.1,29.0,16.4,35.4,32.4,3734,4316,,,
5021,38954,39356,39155,28600,1608000,1800000,85,3927000,Discharging,24.2,22.6,13.6,34.7,25.6,3614,4289,,,
5023,38083,39624,38552,28600,1800000,1800000,85,3929000,Discharging,18.9,22.4,13.5,25.4,13.9,3323,4060,,,
5026,37815,39624,38552,28600,1608000,1800000,85,3910000,Discharging,20.6,16.8,12.4,26.4,26.5,2284,2735,,,
5028,37815,39088,38820,28600,1416000,1800000,85,3923000,Discharging,20.3,12.5,15.1,31.8,21.7,3290,4044,,,
5030,37882,39289,38351,28600,1800000,1800000,85,3924000,Discharging,20.9,15.4,14.6,21.1,32.5,3353,4058,,,
5032,37882,38820,38083,28600,1800000,1800000,85,3925000,Discharging,19.2,28.0,11.8,25.2,11.5,3547,4128,,,
5034,37547,39021,38753,28600,1800000,1800000,85,3926000,Discharging,20.4,16.6,10.4,27.1,26.8,3358,4078,,,
5036,37815,39155,38351,28600,1800000,1800000,85,3926000,Discharging,21.1,14.3,14.2,25.0,30.2,3334,4078,,,
5038,37815,38954,38217,28600,1800000,1800000,85,3928000,Discharging,19.6,17.8,13.2,23.3,24.4,3271,4020,,,
5041,38217,38954,38351,28600,1800000,1800000,85,3905000,Discharging,20.8,20.6,18.2,27.8,15.6,2257,2735,,,
5043,37681,39222,38418,28600,1800000,1800000,85,3923000,Discharging,19.4,17.0,9.0,29.0,24.2,3516,4157,,,
5045,37614,39222,38016,28600,1800000,1800000,85,3924000,Discharging,21.3,15.3,15.3,25.8,28.0,3319,4068,,,
5047,37480,38619,38150,28600,1800000,1800000,85,3925000,Discharging,19.3,18.3,15.2,22.3,21.2,3264,4018,,,
5049,37681,38619,38217,28600,1416000,1800000,85,3928000,Discharging,19.7,11.5,13.3,32.5,22.3,3318,4022,,,
5051,37547,38686,38418,28600,1800000,1800000,85,3928000,Discharging,19.9,12.1,10.0,36.6,19.6,3388,4056,,,
5053,37748,39021,38217,28600,1608000,1800000,85,3924000,Discharging,20.2,14.9,10.4,32.9,22.3,3260,3981,,,
5056,38351,39088,38083,28600,1800000,1800000,85,3907000,Discharging,20.8,19.9,13.1,24.8,25.1,2288,2759,,,
5058,38016,39021,38016,28600,1608000,1800000,85,3927000,Discharging,19.8,17.6,12.8,31.3,17.5,3310,4055,,,
5060,37413,38820,37815,28600,1800000,1800000,85,3922000,Discharging,20.2,30.0,14.3,18.7,17.8,3426,4094,,,
5062,37748,38552,37681,28600,1800000,1800000,85,3926000,Discharging,19.3,19.7,12.7,24.6,19.6,3504,4147,,,
5064,37547,38820,37748,28600,1608000,1800000,85,3926000,Discharging,19.9,22.4,12.1,14.4,30.7,3430,4082,,,
5066,37681,38753,38217,28600,1608000,1800000,85,3926000,Discharging,20.9,21.1,19.2,21.3,23.5,3306,3998,,,
5069,37681,38820,38217,28600,1608000,1800000,85,3928000,Discharging,19.4,13.5,9.1,27.0,27.2,2181,2655,,,
5071,38016,38820,38351,28600,1800000,1800000,85,3929000,Discharging,21.3,16.7,13.5,31.2,23.9,3319,4028,,,
5073,39088,39222,38887,28600,1800000,1800000,85,3924000,Discharging,23.1,16.9,22.9,32.2,21.0,3831,4458,,,
5075,39088,39356,39021,28600,1800000,1800000,85,3924000,Discharging,28.4,26.3,22.3,29.2,35.7,3680,4357,,,
5077,38217,39155,38954,28600,1800000,1800000,85,3925000,Discharging,30.0,32.9,27.1,29.3,30.7,3517,4242,,,
5079,38954,39423,39289,28600,1800000,1800000,85,3924000,Discharging,27.0,19.2,25.6,35.2,27.9,3546,4295,,,
5082,38485,39557,38686,28600,1800000,1800000,85,3926000,Discharging,22.7,17.8,17.4,27.4,27.9,2359,2864,,,
5084,39222,39222,38820,28600,1800000,1800000,85,3924000,Discharging,21.6,24.6,14.4,23.6,23.9,3970,4446,,,
5086,38753,39289,39490,28600,1800000,1800000,85,3897000,Discharging,30.6,34.3,16.5,36.3,35.0,3742,4298,,,
5088,38887,39222,38954,28600,1800000,1800000,85,3923000,Discharging,28.8,28.4,16.7,29.2,40.6,3201,3786,,,
5090,38552,39289,38217,28600,1608000,1800000,85,3926000,Discharging,21.2,19.7,16.0,28.7,20.0,3536,4215,,,
5092,38351,39155,38619,28600,1416000,1800000,85,3926000,Discharging,20.0,16.2,18.8,25.6,19.0,3544,4130,,,
5094,38150,39021,38351,28600,1800000,1800000,85,3925000,Discharging,19.7,13.1,12.6,21.8,31.1,3276,4018,,,
5097,37681,38753,38083,28600,1608000,1800000,85,3921000,Discharging,20.2,14.4,17.3,31.5,18.1,2217,2712,,,
5099,37547,38418,38284,28600,1800000,1800000,85,3923000,Discharging,19.8,18.4,14.4,28.7,17.1,3328,4073,,,
5101,37681,38753,38083,28600,1800000,1800000,85,3922000,Discharging,20.9,16.9,18.6,25.1,22.9,3396,4081,,,
5103,37815,38954,38485,28600,1608000,1800000,85,3922000,Discharging,19.8,14.1,9.0,27.1,27.8,3438,4147,,,
5105,37681,39088,38150,28600,1800000,1800000,85,3922000,Discharging,20.4,23.5,6.8,31.3,20.7,3355,4070,,,
5107,37681,39021,38552,28600,1800000,1800000,85,3925000,Discharging,19.9,16.3,10.9,29.7,22.3,3260,4062,,,
5110,37882,39289,38418,28600,1800000,1800000,85,3927000,Discharging,20.2,12.6,11.8,36.5,19.2,2229,2729,,,
5112,38016,39021,38150,28600,1800000,1800000,85,3922000,Discharging,19.7,17.2,12.8,25.8,22.6,3407,4077,,,
5114,37748,38820,38083,28600,1800000,1800000,85,3924000,Discharging,20.4,11.1,10.4,31.6,28.2,3497,4135,,,
5116,37614,38351,38016,28600,1800000,1800000,85,3922000,Discharging,20.2,12.5,15.2,34.0,19.3,3292,4076,,,
5118,37547,38619,38083,28600,1800000,1800000,85,3926000,Discharging,20.4,17.4,14.8,30.2,18.6,3340,4066,,,
5120,37882,38686,38552,28600,1800000,1800000,85,3922000,Discharging,19.9,18.1,15.0,24.5,21.4,3382,4062,,,
5122,37748,39088,38351,28600,1800000,1800000,85,3923000,Discharging,20.0,23.2,12.4,26.9,19.2,3372,4074,,,
5125,37413,39289,38083,28600,1800000,1800000,85,3926000,Discharging,19.8,15.7,17.0,22.3,24.3,2341,2745,,,
5127,37681,38418,38351,28600,1800000,1800000,85,3926000,Discharging,20.1,17.3,14.6,21.0,27.1,3297,4026,,,
5129,37815,38552,38083,28600,1800000,1800000,85,3923000,Discharging,19.4,22.9,13.7,22.7,18.2,3334,4082,,,
5131,38016,38552,38016,28600,1800000,1800000,85,3923000,Discharging,20.8,18.8,16.4,28.0,19.2,3368,4075,,,
5133,37815,38820,38150,28600,1608000,1800000,85,3917000,Discharging,19.0,23.9,10.0,24.3,18.4,3524,4152,,,
5135,37681,38954,38552,28600,1800000,1800000,85,3926000,Discharging,19.3,19.6,11.1,28.9,16.4,3320,4078,,,
5138,37413,38954,38485,28600,1800000,1800000,85,3926000,Discharging,20.1,18.7,11.6,26.0,24.3,2275,2715,,,
5140,38351,39021,38552,28600,1800000,1800000,85,3924000,Discharging,21.6,15.0,12.7,35.5,22.2,3436,4230,,,
5142,38418,39289,38686,28600,1800000,1800000,85,3921000,Discharging,26.4,22.1,20.5,33.5,30.8,3724,4326,,,
5144,38619,39356,38820,28600,1800000,1800000,85,3923000,Discharging,29.4,24.8,30.5,32.7,28.8,3837,4362,,,
5146,38686,39490,39356,28600,1800000,1800000,85,3922000,Discharging,29.5,29.9,18.3,34.4,35.2,3930,4431,,,
5148,38619,39021,39222,28600,1800000,1800000,85,3924000,Discharging,22.7,20.6,16.0,33.5,21.1,3612,4300,,,
5151,38351,39021,39088,28600,1608000,1800000,85,3924000,Discharging,21.4,16.9,15.2,31.3,22.7,2408,2919,,,
5153,38820,39088,38552,28600,1800000,1800000,85,3924000,Discharging,22.1,19.6,15.3,28.6,24.9,3578,4368,,,
5155,37949,39423,38753,28600,1800000,1800000,85,3924000,Discharging,22.1,21.9,13.3,20.9,31.7,3830,4461,,,
5157,40696,40428,40026,28700,1800000,1800000,85,3912000,Discharging,35.2,26.1,34.6,42.8,37.0,4484,4800,,,
5159,41500,40964,40696,28700,1800000,1800000,85,3901000,Discharging,33.7,32.9,38.6,31.6,31.8,4545,4802,,,
5161,41500,41232,41232,28700,1800000,1800000,85,3909000,Discharging,32.6,28.4,25.5,32.9,44.2,4718,4916,,,
5164,42438,41165,41500,28700,1800000,1800000,85,3909000,Discharging,33.5,39.0,27.1,27.9,39.5,3196,3309,,,
5166,41232,40897,40763,28700,1800000,1800000,85,3916000,Discharging,34.7,28.6,25.7,47.5,36.7,4277,4608,,,
5168,41835,41031,41232,28700,1800000,1800000,85,3902000,Discharging,34.7,24.4,22.1,55.1,36.8,4575,4849,,,
5170,41567,40897,41299,28700,1800000,1800000,85,3911000,Discharging,34.1,37.1,28.8,34.4,36.4,4518,4825,,,
5172,40428,40428,40093,28700,1800000,1800000,85,3888000,Discharging,35.1,43.2,27.9,49.0,20.9,3862,4444,,,
5174,40562,41165,41031,28700,1800000,1800000,85,3915000,Discharging,34.4,26.7,37.3,33.2,40.0,4046,4433,,,
5177,40763,40361,41433,28700,1800000,1800000,85,3896000,Discharging,36.1,29.5,17.4,48.6,47.7,2627,2909,,,
5179,40428,40160,40294,28700,1800000,1800000,85,3915000,Discharging,35.0,31.1,42.5,31.8,34.7,3669,4350,,,
5181,42304,41299,41500,28700,1800000,1800000,85,3915000,Discharging,33.5,28.4,27.4,46.5,31.0,4241,4726,,,
5183,40696,40897,41098,28700,1800000,1800000,85,3912000,Discharging,32.4,31.0,25.5,33.3,40.8,4258,4726,,,
5185,42706,41031,41835,28700,1800000,1800000,85,3893000,Discharging,33.9,34.6,26.2,36.4,38.1,4578,4920,,,
5187,40495,40897,40629,28700,1800000,1800000,85,3920000,Discharging,30.3,27.5,23.9,35.5,33.6,3996,4475,,,
5190,39624,40227,39825,28700,1800000,1800000,85,3920000,Discharging,32.1,35.5,32.6,18.0,41.6,2143,2521,,,
5192,39021,40361,39423,28700,1800000,1800000,85,3918000,Discharging,32.7,33.3,40.1,28.3,29.6,3444,3974,,,
5194,38887,39490,39222,28700,1800000,1800000,85,3919000,Discharging,32.2,47.7,17.3,27.9,36.5,3072,3708,,,
5196,38887,39356,39825,28700,1800000,1800000,85,3919000,Discharging,32.1,42.9,16.0,17.2,51.4,3451,3876,,,
5198,39222,39557,39021,28700,1608000,1800000,85,3920000,Discharging,32.4,32.2,37.6,31.0,28.2,3294,3840,,,
5201,38954,39423,39490,28700,1800000,1800000,85,3916000,Discharging,32.2,32.9,31.5,29.3,35.5,2051,2414,,,
5203,39021,39423,39557,28700,1800000,1800000,85,3917000,Discharging,33.0,44.9,32.4,35.1,19.1,3216,3778,,,
5205,39155,39758,39557,28700,1800000,1800000,85,3918000,Discharging,32.2,31.0,17.7,36.2,44.6,3295,3727,,,
5207,39021,39691,39289,28700,1800000,1800000,85,3919000,Discharging,32.9,30.3,24.5,44.9,32.2,3083,3676,,,
5209,39088,39490,38887,28700,1800000,1800000,85,3917000,Discharging,32.2,29.5,25.8,36.2,37.2,3018,3589,,,
5211,38485,39155,38954,28700,1800000,1800000,85,3916000,Discharging,32.2,43.5,19.3,35.0,30.3,3030,3543,,,
5214,38954,39155,39289,28700,1800000,1800000,85,3916000,Discharging,32.3,35.8,31.7,26.9,35.2,2133,2551,,,
5216,39021,39758,39155,28700,1800000,1800000,85,3913000,Discharging,31.5,29.0,33.8,27.4,34.9,3582,4048,,,
5218,38954,39691,39557,28700,1800000,1800000,85,3919000,Discharging,23.1,16.7,21.0,33.6,21.5,3853,4418,,,
5220,38552,39624,39490,28700,1800000,1800000,85,3920000,Discharging,20.7,16.6,17.4,24.4,24.1,3720,4340,,,
5222,38485,39624,39155,28700,1800000,1800000,85,3914000,Discharging,29.1,19.2,27.4,38.9,31.0,3080,3721,,,
5224,38820,39825,39155,28700,1800000,1800000,85,3914000,Discharging,29.1,24.5,20.7,33.3,37.9,3512,4248,,,
5227,39289,39892,39222,28700,1800000,1800000,84,3912000,Discharging,23.8,26.0,14.4,29.1,25.9,2678,3137,,,
5229,38552,39423,38753,28700,1416000,1800000,84,3922000,Discharging,19.3,17.3,10.3,22.3,27.1,3304,4053,,,
5231,38150,39021,38418,28700,1800000,1800000,84,3922000,Discharging,19.8,14.4,8.6,31.5,23.3,3334,4086,,,
5233,38083,38954,38418,28700,1800000,1800000,84,3922000,Discharging,19.7,18.3,13.7,28.0,19.9,3390,4078,,,
5235,37480,38820,38083,28700,1800000,1800000,84,3916000,Discharging,20.4,15.5,8.0,23.9,33.6,3314,4038,,,
5237,37748,38820,37815,28700,1800000,1800000,84,3918000,Discharging,20.7,16.8,13.0,22.5,29.4,3494,4124,,,
5239,38351,39222,38418,28700,1416000,1800000,84,3919000,Discharging,19.4,13.0,12.3,22.0,30.2,3296,4090,,,
5242,37882,38753,38485,28700,1800000,1800000,84,3908000,Discharging,20.2,17.7,12.7,15.9,35.1,2225,2702,,,
5244,38083,39155,38485,28700,1800000,1800000,84,3923000,Discharging,20.4,12.1,13.7,28.0,27.3,3270,4005,,,
5246,37748,38686,38284,28700,1800000,1800000,84,3923000,Discharging,19.6,16.8,14.2,25.1,22.8,3535,4148,,,
5248,37614,38820,38552,28700,1800000,1800000,84,3921000,Discharging,20.8,16.7,14.9,27.8,23.6,3341,4108,,,
5250,37882,39088,38284,28700,1416000,1800000,84,3917000,Discharging,19.9,17.2,10.0,25.2,27.0,3351,4102,,,
5252,37882,38753,38619,28700,1608000,1800000,84,3916000,Discharging,20.9,16.9,19.3,22.7,24.5,3328,4056,,,
5255,38351,39088,38552,28700,1800000,1800000,84,3920000,Discharging,19.5,12.6,13.3,25.2,25.8,2254,2720,,,
5257,37882,38753,38954,28700,1608000,1800000,84,3919000,Discharging,17.8,16.2,11.8,25.9,17.5,3420,4058,,,
5259,37681,39423,38686,28700,1800000,1800000,84,3918000,Discharging,20.4,19.0,9.5,29.7,23.1,3366,4136,,,
5261,37949,38954,38485,28700,1608000,1800000,84,3921000,Discharging,20.0,15.7,17.6,24.5,22.8,3363,4080,,,
5263,37748,38753,37949,28700,1800000,1800000,84,3922000,Discharging,19.1,29.5,13.7,21.2,11.5,3470,4121,,,
5265,38217,38552,38083,28700,1800000,1800000,84,3919000,Discharging,19.5,19.5,13.8,24.3,20.0,3400,4132,,,
5267,37882,38686,38418,28700,1800000,1800000,84,3918000,Discharging,19.5,15.0,13.6,23.8,25.8,3570,4208,,,
5270,38016,38820,38217,28700,1800000,1800000,84,3918000,Discharging,19.9,11.2,10.0,17.9,39.4,2208,2726,,,
5272,37681,38954,38150,28700,1800000,1800000,84,3913000,Discharging,20.1,20.4,18.4,22.8,19.0,3380,4069,,,
5274,38217,39088,38217,28700,1800000,1800000,84,3920000,Discharging,20.4,13.4,10.0,30.7,27.0,3400,4148,,,
5276,38016,39155,38753,28700,1200000,1800000,84,3916000,Discharging,19.6,18.8,11.3,18.2,30.2,3344,4084,,,
5278,38351,39356,39088,28700,1800000,1800000,84,3922000,Discharging,23.4,17.7,22.0,28.6,25.7,4105,4599,,,
5280,38887,39624,39222,28700,1800000,1800000,84,3917000,Discharging,28.7,15.3,22.7,42.1,33.6,3689,4372,,,
5283,38485,39624,39021,28700,1800000,1800000,84,3915000,Discharging,29.2,28.9,20.7,29.7,37.8,2520,2906,,,
5285,38954,39892,38887,28700,1800000,1800000,84,3916000,Discharging,25.3,23.8,15.9,32.4,29.0,3794,4366,,,
5287,38887,39423,38954,28700,1416000,1800000,84,3919000,Discharging,20.8,20.1,14.6,27.4,21.5,3760,4441,,,
5289,38351,39356,38686,28700,1800000,1800000,84,3920000,Discharging,21.5,19.0,20.1,22.5,24.2,3556,4332,,,
5291,38351,39088,39222,28700,1416000,1800000,84,3920000,Discharging,21.3,15.2,14.0,28.8,27.7,3585,4450,,,
5293,39155,39155,39222,28700,1800000,1800000,84,3914000,Discharging,32.8,21.0,27.4,44.3,37.5,3389,4027,,,
5296,40026,40361,40093,28700,1800000,1800000,84,3909000,Discharging,34.7,41.3,31.4,32.9,33.2,2801,3029,,,
5298,40093,39892,39959,28800,1800000,1800000,84,3905000,Discharging,35.5,20.8,36.6,36.4,47.9,3756,4306,,,
5300,41098,40629,41500,28800,1800000,1800000,84,3911000,Discharging,34.5,26.3,40.0,36.9,35.0,4354,4678,,,
5302,41433,41031,40696,28800,1800000,1800000,84,3893000,Discharging,32.7,36.2,25.5,36.7,31.8,4532,4916,,,
5304,40026,40696,40026,28700,1800000,1800000,84,3912000,Discharging,35.6,27.1,32.7,45.5,36.9,3858,4415,,,
5306,39490,40361,39825,28700,1800000,1800000,84,3912000,Discharging,34.7,20.2,29.0,37.4,51.9,3507,4098,,,
5309,39490,40160,39892,28700,1800000,1800000,84,3916000,Discharging,35.8,33.2,37.6,35.8,36.9,2520,2842,,,
5311,41567,41098,41232,28800,1800000,1800000,84,3899000,Discharging,33.8,18.0,28.9,42.1,45.0,4067,4519,,,
5313,40026,40294,40294,28700,1800000,1800000,84,3893000,Discharging,35.0,39.2,30.0,35.9,35.4,3568,4173,,,
5315,39557,39825,39825,28800,1800000,1800000,84,3911000,Discharging,35.2,42.1,23.8,45.6,28.9,3490,4207,,,
5317,39959,39825,39892,28700,1800000,1800000,84,3907000,Discharging,35.4,48.6,33.3,24.9,35.0,3694,4350,,,
5320,39892,40093,39624,28700,1800000,1800000,84,3908000,Discharging,34.6,30.8,33.8,35.7,38.2,2338,2693,,,
5322,39624,39691,39758,28800,1800000,1800000,84,3908000,Discharging,35.3,36.5,23.7,42.3,38.1,3596,4364,,,
5324,39557,40428,39959,28700,1800000,1800000,84,3911000,Discharging,35.5,24.4,43.5,30.6,43.0,3486,4142,,,
5326,40093,40562,40428,28800,1800000,1800000,84,3894000,Discharging,35.0,32.5,32.9,38.2,36.8,3800,4400,,,
5328,40093,40428,40160,28700,1800000,1800000,84,3913000,Discharging,30.3,20.5,29.6,26.3,43.5,4144,4792,,,
5330,39289,39624,39356,28700,1800000,1800000,84,3915000,Discharging,31.8,23.2,18.2,45.6,39.6,3262,3858,,,
5333,38887,39423,38954,28800,1800000,1800000,84,3916000,Discharging,31.9,51.7,15.9,17.0,43.3,2119,2515,,,
5335,38954,39557,39959,28800,1800000,1800000,84,3911000,Discharging,32.4,37.3,30.0,28.4,34.7,3460,4194,,,
5337,39289,39088,39624,28800,1800000,1800000,84,3914000,Discharging,31.5,30.6,38.0,19.4,38.0,3426,4194,,,
5339,38619,40227,39691,28900,1800000,1800000,84,3916000,Discharging,33.9,26.9,18.2,47.7,42.1,3375,4076,,,
5341,39222,39691,39758,28800,1800000,1800000,84,3910000,Discharging,32.2,30.9,20.8,50.2,27.3,3110,3680,,,
5343,38485,39490,39423,28800,1800000,1800000,84,3916000,Discharging,33.1,29.5,34.1,33.6,35.5,3076,3592,,,
5346,38619,39691,39624,28700,1800000,1800000,84,3915000,Discharging,31.9,28.9,33.3,29.4,35.0,2260,2802,,,
5348,38820,39356,39021,28700,1800000,1800000,84,3915000,Discharging,32.0,29.1,15.0,44.4,39.0,3116,3826,,,
5350,38954,39557,39356,28700,1800000,1800000,84,3914000,Discharging,32.1,44.8,22.2,22.6,39.3,3324,3750,,,
5352,39021,39758,39155,28800,1800000,1800000,84,3910000,Discharging,32.3,31.2,33.5,39.7,25.2,3502,4292,,,
5354,39423,39088,39356,28800,1800000,1800000,84,3913000,Discharging,33.5,41.7,20.4,38.8,33.5,3260,3881,,,
5357,38753,39758,39088,28700,1800000,1800000,84,3914000,Discharging,31.8,40.2,30.8,23.0,32.9,2187,2526,,,
5359,39691,39758,39624,28800,1800000,1800000,84,3915000,Discharging,24.1,24.4,19.0,24.2,28.7,4006,4508,,,
5361,38552,39892,39289,28700,1800000,1800000,84,3916000,Discharging,20.7,18.5,18.3,23.0,23.1,3666,4310,,,
5363,39423,39490,39356,28800,1800000,1800000,84,3914000,Discharging,27.0,18.5,13.7,37.8,38.0,3388,3917,,,
5365,39289,39892,39490,28900,1800000,1800000,84,3901000,Discharging,28.7,29.6,16.4,21.7,46.3,3716,4370,,,
5367,38418,39557,39557,28800,1416000,1800000,84,3917000,Discharging,27.1,20.4,13.1,39.2,35.7,3252,3874,,,
5370,37748,39222,39155,28700,1800000,1800000,84,3917000,Discharging,21.0,15.6,14.6,20.2,33.0,2356,2767,,,
5372,38150,39557,38686,28700,1800000,1800000,84,3918000,Discharging,20.1,18.5,17.7,23.2,20.9,3367,4067,,,
5374,38284,39356,39021,28700,1416000,1800000,84,3915000,Discharging,19.8,15.6,21.7,26.6,15.7,3341,4063,,,
5376,38016,39088,38619,28800,1608000,1800000,84,3913000,Discharging,19.1,12.4,13.7,20.3,30.3,3362,4114,,,
5378,37949,39289,38887,28800,1608000,1800000,84,3912000,Discharging,20.5,13.3,11.3,28.6,27.0,3292,4071,,,
5380,38351,39222,38753,28800,1800000,1800000,84,3912000,Discharging,19.2,14.8,17.1,18.8,25.9,3536,4171,,,
5383,38418,39289,38619,28800,1800000,1800000,84,3913000,Discharging,19.7,11.6,17.6,21.3,28.3,2197,2708,,,
5385,37614,39088,38418,28800,1800000,1800000,84,3917000,Discharging,21.0,23.1,14.2,25.7,20.8,3380,4100,,,
5387,37815,39155,38351,28700,1608000,1800000,84,3917000,Discharging,20.1,18.0,14.6,15.2,32.6,3340,4070,,,
5389,38418,38820,38753,28800,1608000,1800000,84,3914000,Discharging,20.0,15.8,17.0,24.5,22.5,3505,4143,,,
5391,37949,38820,38351,28800,1608000,1800000,84,3911000,Discharging,19.3,14.1,13.4,22.6,26.3,3389,4068,,,
5393,37949,38954,38552,28800,1800000,1800000,84,3912000,Discharging,19.4,14.1,11.7,26.3,26.2,3318,4078,,,
5395,37949,39021,38552,28700,1608000,1800000,84,3915000,Discharging,20.0,15.5,18.9,17.9,26.4,3336,4058,,,
5398,38150,38820,38686,28700,1608000,1800000,84,3917000,Discharging,18.9,16.5,16.5,24.3,19.3,2237,2693,,,
5400,37882,39021,38217,28800,1800000,1800000,84,3913000,Discharging,20.4,15.8,14.8,27.0,23.5,3530,4158,,,
5402,37547,38954,38284,28800,1800000,1800000,84,3917000,Discharging,19.9,14.2,13.3,25.1,26.5,3296,4051,,,
5404,38284,39423,38418,28700,1608000,1800000,84,3914000,Discharging,19.9,13.7,16.9,26.7,22.7,3416,4120,,,
5406,38485,38887,38753,28700,1800000,1800000,84,3915000,Discharging,19.8,16.7,14.6,24.6,23.0,3351,4084,,,
5408,38150,38820,37882,28800,1608000,1800000,84,3912000,Discharging,19.9,15.9,11.7,23.4,28.2,3266,4034,,,
5411,37815,39088,38284,28800,1608000,1800000,84,3912000,Discharging,20.2,19.3,12.9,21.5,26.9,2335,2779,,,
5413,37748,39691,38552,28700,1800000,1800000,84,3914000,Discharging,20.4,13.9,17.7,26.8,22.8,3384,4136,,,
5415,37882,38753,38820,28800,1800000,1800000,84,3915000,Discharging,19.6,17.0,15.1,22.2,25.4,3347,4032,,,
5417,37949,38820,38418,28800,1800000,1800000,84,3916000,Discharging,19.8,12.6,18.8,28.6,17.9,3334,4078,,,
5419,39088,39289,39021,28800,1800000,1800000,84,3914000,Discharging,21.0,15.9,19.7,21.5,26.8,3636,4324,,,
5421,38619,39825,39155,28800,1800000,1800000,84,3911000,Discharging,27.7,18.0,18.0,38.2,36.3,4042,4500,,,
5423,38485,39423,39490,28800,1800000,1800000,84,3912000,Discharging,29.0,32.7,18.2,23.5,41.4,3533,4278,,,
5426,38954,39490,38954,28800,1800000,1800000,84,3914000,Discharging,28.3,21.5,17.0,37.3,37.2,2426,2881,,,
5428,39155,39892,39021,28700,1800000,1800000,84,3917000,Discharging,21.5,20.2,20.4,25.0,19.9,3603,4344,,,
5430,38820,39758,39222,28800,1800000,1800000,84,3914000,Discharging,21.3,20.2,15.9,30.2,19.0,3786,4490,,,
5432,38753,39490,38954,28800,1800000,1800000,84,3914000,Discharging,19.9,17.2,11.9,25.2,25.2,3830,4447,,,
5434,39356,39490,39222,28800,1800000,1800000,84,3908000,Discharging,28.7,23.9,21.4,28.5,42.1,3623,4316,,,
5436,40629,40160,40361,28900,1800000,1800000,84,3902000,Discharging,35.2,39.2,32.1,36.3,32.7,4492,4814,,,
5439,39758,40562,40026,29000,1800000,1800000,84,3896000,Discharging,35.8,23.0,41.0,37.7,40.7,2411,2780,,,
5441,41500,40629,41098,28900,1800000,1800000,84,3892000,Discharging,35.1,35.5,26.6,30.2,48.8,4442,4688,,,
5443,42706,41299,41969,28900,1800000,1800000,84,3889000,Discharging,32.3,33.8,24.1,30.7,40.0,4712,4881,,,
5445,41902,41768,41567,28900,1800000,1800000,84,3891000,Discharging,33.8,34.4,20.3,39.1,41.5,4498,4783,,,
5447,39825,40428,40026,28900,1800000,1800000,84,3905000,Discharging,34.8,32.7,23.1,48.2,34.7,3661,4210,,,
5449,42304,41098,41701,28900,1800000,1800000,84,3890000,Discharging,33.2,34.9,29.8,27.6,39.7,4677,4900,,,
5452,41098,40830,40629,28900,1800000,1800000,84,3879000,Discharging,34.9,33.8,38.0,37.4,31.5,2844,3088,,,
5454,40428,41232,41567,28900,1800000,1800000,84,3904000,Discharging,35.7,30.5,33.2,30.2,47.5,3965,4426,,,
5456,42706,42036,41366,28900,1800000,1800000,84,3900000,Discharging,34.1,41.4,25.7,36.1,33.5,4888,5001,,,
5458,41634,40964,41299,28900,1800000,1800000,84,3902000,Discharging,34.9,38.6,23.6,27.4,49.5,4320,4746,,,
5460,41768,41433,41098,28900,1800000,1800000,84,3894000,Discharging,30.9,17.3,27.4,41.4,37.3,4223,4660,,,
5463,39758,40495,39825,28900,1800000,1800000,84,3911000,Discharging,31.4,29.1,23.1,41.0,32.6,2107,2448,,,
5465,39423,40093,39758,28900,1800000,1800000,84,3878000,Discharging,33.1,28.1,32.4,37.3,35.0,3300,3957,,,
5467,38753,39356,39356,28900,1800000,1800000,84,3904000,Discharging,31.6,34.4,20.3,41.5,29.1,3242,3745,,,
5469,38753,39624,39490,28900,1800000,1800000,84,3904000,Discharging,32.1,34.9,22.3,34.3,36.9,3291,3890,,,
5471,39758,39691,39624,28900,1800000,1800000,84,3904000,Discharging,32.4,32.4,23.7,35.7,37.6,3704,4205,,,
5473,38820,39490,39624,28900,1800000,1800000,84,3909000,Discharging,32.0,34.7,35.5,26.6,31.1,3052,3630,,,
5476,38887,40160,39624,28900,1800000,1800000,84,3911000,Discharging,32.0,23.3,27.8,42.8,34.3,2116,2425,,,
