# fw=nextui-drain workload=sf2 start=2026-09-14 20:00:22 soak=99C prelaunch=schedutil/1800000 launch_up=1847.28 max0=1800000 gov=schedutil devfreq=none,none backlight=none
elapsed_s,cpu_mc,gpu_mc,ddr_mc,bat_mc,cur_khz,max_khz,batt_pct,batt_uv,status,cpu_busy,c0_busy,c1_busy,c2_busy,c3_busy,irq_s,ctxt_s,df0_hz,df1_hz,backlight
1860,35202,36006,35805,25800,1800000,1800000,94,4023000,Discharging,,,,,,,,,,
1862,35336,36341,35671,25900,1608000,1800000,94,4019000,Discharging,20.7,22.5,9.9,19.6,30.2,2606,2910,,,
1864,35805,36140,36140,25900,1800000,1800000,94,4018000,Discharging,21.1,9.1,17.6,16.0,41.0,2840,2990,,,
1866,35604,36408,36073,25900,1800000,1800000,94,4020000,Discharging,20.9,14.6,9.9,14.1,44.7,2818,3030,,,
1869,35336,36542,36207,25900,1800000,1800000,94,4020000,Discharging,21.0,6.9,22.5,19.2,34.7,1827,1977,,,
1871,35470,36676,36073,25900,1800000,1800000,94,4019000,Discharging,21.0,15.6,18.2,29.9,19.8,2696,2952,,,
1873,35403,36341,35202,25900,1200000,1800000,94,4019000,Discharging,21.0,17.1,10.9,13.1,42.8,2614,2930,,,
1875,35269,36676,36006,25900,1800000,1800000,94,4018000,Discharging,21.7,11.8,13.1,19.4,42.7,2716,2980,,,
1877,35269,36609,36274,25900,1800000,1800000,94,4018000,Discharging,21.3,9.1,10.4,25.6,40.7,2736,2990,,,
1879,35738,36475,36341,25900,1800000,1800000,94,4019000,Discharging,21.5,16.9,17.6,20.2,29.8,2830,3003,,,
1881,35537,36073,35604,25900,1800000,1800000,94,4021000,Discharging,21.2,14.6,10.7,14.6,45.1,2656,2943,,,
1884,35604,36542,35604,25900,1800000,1800000,94,4022000,Discharging,21.1,10.6,9.0,27.2,36.9,1732,1951,,,
1886,35805,36274,35805,25900,1800000,1800000,94,4021000,Discharging,20.9,11.8,12.4,15.0,45.1,2960,3044,,,
1888,35738,36274,35604,25900,1608000,1800000,94,4022000,Discharging,20.4,10.9,17.8,16.9,35.4,2792,3019,,,
1890,35604,36408,35604,25900,1800000,1800000,94,4018000,Discharging,21.8,8.7,14.0,25.0,38.6,3027,3048,,,
1892,35671,36542,36140,25900,1608000,1800000,94,4016000,Discharging,21.2,21.3,18.7,17.8,28.2,3074,3074,,,
1894,36073,36810,36207,25900,1800000,1800000,94,4015000,Discharging,21.3,15.1,14.3,19.9,35.7,3370,3181,,,
1897,35671,36475,36408,25900,1800000,1800000,94,4016000,Discharging,21.4,18.5,9.8,21.8,35.7,2152,2111,,,
1899,35872,36475,36207,25900,1608000,1800000,94,4014000,Discharging,21.7,12.4,18.5,18.9,36.9,3418,3236,,,
1901,35738,36743,36207,25900,1608000,1800000,94,4017000,Discharging,21.7,12.9,10.9,38.4,24.3,3354,3203,,,
1903,35939,36408,36207,25900,1800000,1800000,94,4016000,Discharging,21.5,14.8,19.1,16.2,35.0,3236,3123,,,
1905,36207,36609,36140,25900,1800000,1800000,94,4017000,Discharging,21.4,23.7,11.2,18.3,33.3,3416,3150,,,
1907,35939,36542,36475,25900,1608000,1800000,94,4016000,Discharging,21.4,12.9,20.9,16.7,35.1,3221,3149,,,
1909,36207,36676,36073,25900,1800000,1800000,94,4018000,Discharging,21.3,17.7,9.0,21.7,36.0,3562,3254,,,
1912,36207,36810,36676,26000,1800000,1800000,94,4016000,Discharging,21.4,13.9,15.0,19.1,37.9,2226,2114,,,
1914,35470,36408,35805,25900,1800000,1800000,94,4021000,Discharging,21.2,17.9,18.4,20.2,28.7,3054,3058,,,
1916,35470,36676,35738,26000,1800000,1800000,94,4019000,Discharging,21.1,13.5,15.5,32.3,22.2,2664,2934,,,
1918,35336,36274,36006,26000,1800000,1800000,94,4019000,Discharging,20.3,8.7,17.0,17.8,38.0,2896,3034,,,
1920,35805,36140,36073,25900,1800000,1800000,94,4022000,Discharging,21.1,16.7,17.3,20.7,29.4,2643,2880,,,
1922,35403,36408,36207,26000,1800000,1800000,94,4019000,Discharging,20.7,18.5,14.5,19.8,29.9,2576,2860,,,
1924,35738,37078,35738,26000,1800000,1800000,94,4019000,Discharging,20.9,10.6,15.6,28.2,28.4,2702,2972,,,
1927,36006,36475,36006,26000,1416000,1800000,94,4014000,Discharging,21.4,14.8,5.6,13.1,51.9,1764,1951,,,
1929,35537,36542,36073,26000,1800000,1800000,94,4019000,Discharging,21.9,8.2,9.8,20.4,48.6,2859,3011,,,
1931,35403,36408,35872,26000,1608000,1800000,94,4019000,Discharging,21.4,12.4,19.6,19.7,33.6,2623,2956,,,
1933,35537,36609,35872,26000,1800000,1800000,94,4020000,Discharging,20.8,24.2,16.8,21.9,20.4,2680,2920,,,
1935,35202,36408,36207,26000,1800000,1800000,94,4019000,Discharging,20.7,13.3,15.8,19.8,34.0,2772,2988,,,
1937,35805,36944,36006,26000,1800000,1800000,94,4019000,Discharging,20.5,13.5,14.4,17.7,35.2,2615,2933,,,
1939,36006,36274,36140,26000,1800000,1800000,94,4019000,Discharging,21.0,16.3,14.9,13.7,39.7,3040,3076,,,
1942,35269,36475,35872,26000,1800000,1800000,94,4011000,Discharging,21.3,8.6,15.6,15.1,46.0,1694,1928,,,
1944,35805,36542,36073,26000,1800000,1800000,94,4020000,Discharging,20.5,10.9,11.3,22.2,37.7,2899,3071,,,
1946,35537,36944,36006,26000,1800000,1800000,94,4020000,Discharging,21.0,11.4,18.9,16.8,36.8,2851,3032,,,
1948,35738,36743,36140,26000,1800000,1800000,94,4023000,Discharging,20.3,10.6,13.6,15.6,41.3,2710,2959,,,
1950,35403,36542,35939,26000,1800000,1800000,94,4016000,Discharging,21.3,10.5,14.5,35.0,24.7,2998,3084,,,
1952,36006,36475,36542,26000,1800000,1800000,94,4015000,Discharging,21.6,11.3,12.6,12.3,49.5,2702,2974,,,
1955,36140,36408,36274,26000,1800000,1800000,94,4015000,Discharging,22.0,12.4,14.9,23.7,36.8,1785,2008,,,
1957,35939,36944,36073,26000,1800000,1800000,94,4003000,Discharging,21.5,7.7,11.7,27.4,38.4,2677,3010,,,
1959,35403,36676,36408,26000,1800000,1800000,94,4007000,Discharging,20.9,11.8,10.0,14.9,47.4,2889,3064,,,
1961,35805,36475,36408,26000,1800000,1800000,94,4016000,Discharging,21.3,19.0,14.2,26.8,25.6,2964,3021,,,
1963,35470,36609,36274,26000,1800000,1800000,93,4016000,Discharging,21.5,10.5,11.7,35.3,27.4,2800,3186,,,
1965,36274,36609,36408,26100,1800000,1800000,93,4014000,Discharging,22.5,11.5,16.9,26.5,34.9,3049,3393,,,
1967,36006,36877,36274,26100,1800000,1800000,93,4016000,Discharging,21.4,10.4,11.4,33.6,30.2,2653,3000,,,
1970,35403,36743,36408,26000,1800000,1800000,93,4015000,Discharging,21.1,12.0,13.0,18.3,40.2,2026,2058,,,
1972,35805,36408,36341,26100,1800000,1800000,93,4001000,Discharging,20.8,13.4,18.1,33.2,18.4,2883,3062,,,
1974,35537,36743,36073,26000,1800000,1800000,93,4016000,Discharging,21.6,10.0,10.2,33.6,32.7,2582,2936,,,
1976,35805,36743,36408,26100,1800000,1800000,93,4016000,Discharging,21.9,12.9,9.0,21.5,43.7,2596,2902,,,
1978,35939,36609,35738,26000,1800000,1800000,93,4020000,Discharging,20.4,9.1,20.0,28.8,23.7,2531,2896,,,
1980,35738,36676,36140,26000,1800000,1800000,93,4020000,Discharging,21.4,12.8,11.9,14.5,46.3,2756,3004,,,
1983,35470,36676,36006,26100,1200000,1800000,93,4019000,Discharging,21.4,11.8,20.8,19.4,34.0,1707,1932,,,
1985,35604,36542,35671,26100,1800000,1800000,93,4017000,Discharging,21.3,18.6,9.4,31.5,25.2,2718,2957,,,
1987,35470,36743,36207,26100,1800000,1800000,93,4007000,Discharging,21.6,14.1,8.5,14.0,50.5,2588,2928,,,
1989,35470,36609,36274,26100,1800000,1800000,93,4016000,Discharging,20.8,12.1,7.5,23.4,40.6,2592,2924,,,
1991,36207,36877,36140,26100,1800000,1800000,93,4015000,Discharging,21.4,9.8,8.5,29.0,36.5,2877,3088,,,
1993,36073,36542,36408,26100,1800000,1800000,93,4016000,Discharging,21.6,9.0,13.1,27.7,36.3,2546,2915,,,
1995,35738,36542,36274,26100,1800000,1800000,93,4016000,Discharging,22.2,11.8,10.3,40.8,26.5,2544,2894,,,
1998,35403,36810,36676,26100,1800000,1800000,93,4016000,Discharging,20.8,11.1,17.4,17.9,35.2,1767,1976,,,
2000,35738,36207,35939,26100,1800000,1800000,93,4016000,Discharging,21.5,11.0,10.0,22.4,42.8,2820,3022,,,
2002,35805,36944,36073,26100,1800000,1800000,93,4005000,Discharging,21.6,10.5,11.8,18.3,45.1,2654,2974,,,
2004,35604,36676,36341,26100,1800000,1800000,93,4018000,Discharging,21.1,23.7,9.3,19.7,31.9,2682,2974,,,
2006,36073,36810,35604,26100,1800000,1800000,93,4018000,Discharging,21.6,10.1,21.3,19.7,34.3,2654,2960,,,
2008,35604,36810,36073,26100,1800000,1800000,93,4021000,Discharging,21.1,11.5,15.2,20.4,37.7,2647,2951,,,
2010,36073,36810,36207,26100,1800000,1800000,93,4012000,Discharging,21.1,11.4,14.0,23.1,36.0,2950,3088,,,
2013,35738,36743,36140,26100,1608000,1800000,93,4015000,Discharging,21.5,9.6,12.7,16.9,45.6,1718,1957,,,
2015,35939,36542,36341,26100,1800000,1800000,93,4014000,Discharging,20.9,11.1,20.0,25.0,27.3,2670,2980,,,
2017,35939,36877,36140,26100,1800000,1800000,93,3997000,Discharging,21.4,10.5,20.9,29.6,25.4,2724,2983,,,
2019,36073,36676,36542,26100,1800000,1800000,93,4014000,Discharging,21.2,13.7,12.2,25.7,32.4,2686,3012,,,
2021,35939,37212,36408,26100,1800000,1800000,93,4014000,Discharging,21.4,10.4,14.6,35.8,25.5,2891,3060,,,
2023,35671,36609,36810,26100,1800000,1800000,93,4014000,Discharging,20.8,14.2,10.8,13.3,45.1,2732,2974,,,
2026,35738,37078,36207,26100,1800000,1800000,93,4014000,Discharging,20.9,11.9,15.5,18.9,37.7,1887,2005,,,
2028,35604,36743,36073,26100,1800000,1800000,93,4013000,Discharging,20.6,11.2,17.9,17.1,34.6,2704,2962,,,
2030,35939,36743,36475,26200,1800000,1800000,93,4014000,Discharging,20.9,20.4,20.7,20.4,22.9,2856,3021,,,
2032,36073,36877,36006,26100,1800000,1800000,93,3996000,Discharging,20.6,11.1,16.4,27.3,27.4,3286,3198,,,
2034,36073,36676,36676,26100,1800000,1800000,93,4016000,Discharging,21.2,13.6,12.7,26.8,31.8,2664,2939,,,
2036,36274,36810,36140,26200,1800000,1800000,93,4016000,Discharging,20.6,13.4,21.3,25.9,20.5,2754,2979,,,
2038,35604,36676,36341,26100,1800000,1800000,93,4020000,Discharging,20.8,16.2,14.1,21.8,31.0,2615,2890,,,
2041,35805,36877,35939,26100,1800000,1800000,93,4018000,Discharging,21.9,14.3,17.9,25.5,30.3,1813,1967,,,
2043,35738,36743,36140,26100,1800000,1800000,93,4017000,Discharging,20.7,10.7,15.2,17.2,38.8,2550,2870,,,
2045,35671,36944,36475,26100,1800000,1800000,93,4018000,Discharging,21.1,16.7,9.9,14.7,42.5,2652,2969,,,
2047,35939,37011,36006,26100,1800000,1800000,93,3992000,Discharging,21.3,21.1,14.5,19.6,30.2,2806,2994,,,
2049,36073,36877,36408,26100,1800000,1800000,93,4016000,Discharging,20.7,16.9,8.1,19.2,39.7,2584,2914,,,
2051,35939,36944,36475,26100,1800000,1800000,93,4016000,Discharging,21.5,9.9,12.2,24.6,38.5,2832,3042,,,
2053,35738,36676,36408,26100,1800000,1800000,93,4017000,Discharging,20.2,20.6,11.8,16.9,32.7,2742,2942,,,
2056,35738,36877,36408,26200,1800000,1800000,93,4015000,Discharging,20.8,9.2,12.1,32.1,28.2,1777,1977,,,
2058,35738,37145,36274,26100,1800000,1800000,93,4017000,Discharging,20.7,12.3,16.5,17.6,35.7,2567,2900,,,
2060,35805,36609,36408,26200,1800000,1800000,93,4017000,Discharging,20.5,12.5,14.9,24.1,31.2,2588,2918,,,
2062,35939,36877,36341,26200,1800000,1800000,93,4017000,Discharging,20.9,12.2,13.2,21.9,35.4,2949,3042,,,
2064,35805,36944,36542,26100,1800000,1800000,93,4017000,Discharging,20.5,8.9,17.3,25.9,30.5,3049,3398,,,
2066,36207,36944,36609,26200,1800000,1800000,93,4016000,Discharging,21.6,16.0,13.4,16.0,40.9,2960,3260,,,
2069,36140,37279,35939,26200,1800000,1800000,93,4014000,Discharging,20.8,13.5,23.4,13.7,31.8,1786,1955,,,
2071,36006,36877,36542,26200,1608000,1800000,93,4012000,Discharging,20.7,12.6,16.4,32.4,22.1,3491,3687,,,
2073,35805,36743,36475,26200,1800000,1800000,93,4015000,Discharging,20.7,15.2,12.3,24.8,29.6,3261,3198,,,
2075,35939,36877,36676,26200,1608000,1800000,93,4012000,Discharging,21.4,15.6,16.4,26.9,26.2,3320,3301,,,
2077,36140,37011,36676,26200,1800000,1800000,93,3990000,Discharging,21.1,17.9,16.2,18.7,31.0,3246,3111,,,
2079,36073,37078,36006,26200,1800000,1800000,93,4013000,Discharging,21.4,11.7,12.3,30.4,31.0,2914,3203,,,
2081,36408,36944,36810,26200,1800000,1800000,93,4012000,Discharging,21.4,10.9,8.9,13.1,53.0,3249,3430,,,
2084,36341,37145,36274,26200,1800000,1800000,93,4011000,Discharging,21.2,18.0,15.0,17.4,34.1,2047,2056,,,
2086,35939,37145,36408,26200,1800000,1800000,93,4012000,Discharging,22.1,13.3,15.5,22.1,37.6,3000,3266,,,
2088,36408,37145,36140,26200,1800000,1800000,93,4012000,Discharging,21.1,8.6,15.0,20.4,40.8,2889,3022,,,
2090,36341,37078,36542,26200,1800000,1800000,93,4011000,Discharging,21.3,11.4,9.5,22.8,40.6,3032,3074,,,
2092,35939,36877,36542,26200,1608000,1800000,93,4005000,Discharging,21.1,13.0,7.0,34.7,29.3,3200,3512,,,
2094,35939,36542,36274,26200,1800000,1800000,93,4016000,Discharging,21.1,9.6,13.7,20.9,40.1,2657,2939,,,
2097,35671,36609,36006,26200,1416000,1800000,93,4015000,Discharging,22.6,13.4,11.1,16.8,48.2,1884,2211,,,
2099,35738,37011,36408,26200,1800000,1800000,93,4019000,Discharging,20.6,19.1,11.8,12.9,37.7,2647,2908,,,
2101,35738,36676,36341,26200,1800000,1800000,93,4016000,Discharging,21.9,12.0,15.0,11.0,49.3,2578,2882,,,
2103,36140,36810,36408,26200,1608000,1800000,93,4016000,Discharging,22.1,17.0,11.2,15.0,45.5,5605,8269,,,
2106,35805,36743,36542,26200,1800000,1800000,93,4014000,Discharging,21.4,11.6,9.4,15.9,48.7,4001,6190,,,
2108,35872,36944,36274,26200,1800000,1800000,93,4014000,Discharging,21.9,22.9,13.2,24.2,26.8,7212,11435,,,
2110,36073,37011,36341,26200,1800000,1800000,93,4014000,Discharging,21.8,22.3,20.6,23.0,20.3,6050,9288,,,
2113,36073,36743,36475,26200,1800000,1800000,93,4014000,Discharging,21.9,14.6,16.1,15.9,41.2,4412,6894,,,
2115,35671,36542,36676,26300,1800000,1800000,93,4014000,Discharging,21.7,11.4,9.6,22.5,43.2,4774,6820,,,
2117,36475,36810,36542,26200,1800000,1800000,93,4017000,Discharging,22.7,14.8,14.5,26.7,34.7,2820,3154,,,
2120,35872,37212,36274,26200,1800000,1800000,93,4016000,Discharging,20.9,10.7,14.4,23.3,35.6,1992,2229,,,
2122,35939,37279,36609,26200,1800000,1800000,93,4018000,Discharging,21.1,15.0,16.9,27.0,25.1,3080,3348,,,
2124,36341,36877,36341,26200,1800000,1800000,93,4017000,Discharging,21.6,17.7,13.6,35.5,19.2,3023,3215,,,
2126,36274,36676,36341,26200,1800000,1800000,93,4017000,Discharging,21.7,16.5,13.2,21.7,35.6,2996,3411,,,
2128,35604,37145,36006,26300,1800000,1800000,93,3991000,Discharging,20.9,15.2,14.9,26.9,25.9,2702,3007,,,
2131,36073,36810,36408,26300,1800000,1800000,93,4013000,Discharging,21.4,12.5,10.1,13.5,49.8,2059,2320,,,
2133,36140,37346,36475,26300,1800000,1800000,93,4012000,Discharging,21.6,12.3,12.3,14.9,46.1,3178,3440,,,
2135,36073,36877,36542,26300,1800000,1800000,93,4012000,Discharging,22.1,11.2,10.1,22.4,44.6,3003,3301,,,
2137,36140,37145,36609,26300,1800000,1800000,93,4012000,Discharging,22.1,10.8,17.0,28.2,31.8,3082,3378,,,
2139,35805,37212,36207,26300,1800000,1800000,93,4011000,Discharging,21.1,15.5,16.5,19.9,32.6,3150,3262,,,
2142,36408,37078,36408,26300,1800000,1800000,93,4010000,Discharging,22.1,12.6,18.6,14.8,42.9,2021,2237,,,
2144,35738,37011,36743,26300,1800000,1800000,93,4011000,Discharging,21.4,13.1,20.3,16.2,35.5,3288,3414,,,
2146,36542,37011,36341,26300,1800000,1800000,93,4010000,Discharging,20.9,16.4,19.9,21.9,25.1,3069,3306,,,
2148,36475,37011,36676,26300,1800000,1800000,93,4010000,Discharging,21.2,17.8,11.5,33.9,21.4,3207,3629,,,
2150,36341,37279,36676,26300,1800000,1800000,93,4011000,Discharging,21.8,12.4,16.8,13.0,45.4,3018,3547,,,
2153,36006,36944,36408,26300,1800000,1800000,93,4015000,Discharging,22.0,11.7,13.1,25.3,37.5,1949,2191,,,
2155,35805,36743,36609,26300,1800000,1800000,93,4014000,Discharging,21.1,16.3,14.2,14.4,38.8,3314,3550,,,
2157,36073,37078,36475,26300,1800000,1800000,93,4014000,Discharging,21.3,15.4,16.1,12.3,41.9,3014,3353,,,
2159,35671,37011,36207,26300,1800000,1800000,93,4014000,Discharging,20.7,12.2,14.9,23.1,32.1,2834,3196,,,
2161,36341,37346,36475,26300,1800000,1800000,93,4011000,Discharging,21.8,22.8,14.9,14.7,35.2,3037,3350,,,
2163,36140,36609,36207,26300,1800000,1800000,93,4012000,Discharging,21.6,16.9,11.7,18.9,38.2,3088,3348,,,
2166,36475,36877,36542,26300,1800000,1800000,93,4014000,Discharging,21.6,9.0,14.2,14.8,48.6,1911,2178,,,
2168,36676,37346,36609,26300,1800000,1800000,93,4014000,Discharging,21.1,16.8,17.1,27.3,23.1,3194,3317,,,
2170,36006,37011,36542,26300,1800000,1800000,93,4015000,Discharging,21.2,11.3,16.7,23.2,32.7,2817,3135,,,
2172,36073,36944,36542,26300,1800000,1800000,93,4014000,Discharging,21.2,14.4,12.3,16.6,41.3,3156,3348,,,
2174,36475,37078,36743,26300,1800000,1800000,93,4014000,Discharging,21.5,15.6,15.5,15.0,39.4,3130,3535,,,
2177,36006,37212,36810,26300,1800000,1800000,93,4013000,Discharging,22.4,15.0,11.5,23.4,40.7,2013,2271,,,
2179,36006,37078,36676,26300,1800000,1800000,93,4015000,Discharging,21.8,18.7,10.1,18.7,39.7,2868,3204,,,
2181,36341,36877,36676,26300,1800000,1800000,93,4015000,Discharging,21.7,9.9,14.6,15.5,46.5,3041,3424,,,
2183,36207,37212,36609,26300,1800000,1800000,93,4016000,Discharging,21.9,13.8,11.9,31.8,30.4,3109,3457,,,
2185,36140,37279,36676,26300,1800000,1800000,93,4016000,Discharging,21.4,14.3,14.4,19.6,36.7,3037,3370,,,
2188,36006,36944,36207,26300,1800000,1800000,93,3989000,Discharging,21.5,12.6,13.2,25.3,35.2,1936,2078,,,
2190,36207,37145,36475,26400,1608000,1800000,93,4011000,Discharging,21.1,20.0,15.1,31.7,18.1,3154,3340,,,
2192,35805,36743,37078,26400,1800000,1800000,93,4010000,Discharging,22.1,19.6,14.7,20.9,32.7,2933,3175,,,
2194,36006,37212,36542,26400,1800000,1800000,93,4011000,Discharging,21.3,17.4,10.6,17.1,39.5,3110,3198,,,
2196,36408,37011,36542,26400,1800000,1800000,93,4011000,Discharging,20.7,14.8,11.7,18.7,38.1,3020,3172,,,
2199,36207,37212,36743,26400,1800000,1800000,93,4009000,Discharging,21.5,13.8,14.0,17.8,40.6,2255,2488,,,
2201,36006,36676,36609,26300,1800000,1800000,93,4012000,Discharging,20.7,13.9,17.5,24.6,26.3,2619,2928,,,
2203,36207,37480,36408,26400,1800000,1800000,93,4013000,Discharging,21.2,11.4,11.8,23.2,38.5,2746,2970,,,
2205,35805,36877,36676,26300,1800000,1800000,93,4015000,Discharging,21.4,8.7,11.7,18.6,46.0,2736,2996,,,
2207,36006,37480,36609,26400,1800000,1800000,93,4013000,Discharging,21.8,11.4,14.5,37.3,24.2,2549,2869,,,
2209,36073,36877,36006,26300,1800000,1800000,93,4014000,Discharging,20.0,13.9,10.7,32.5,23.5,2638,2927,,,
2211,36140,37212,36542,26400,1800000,1800000,93,4011000,Discharging,21.2,15.0,12.0,25.0,32.5,2540,2906,,,
2214,36207,36810,36274,26400,1800000,1800000,93,4010000,Discharging,21.6,14.0,11.7,33.3,27.0,1732,1943,,,
2216,35537,37011,36274,26400,1608000,1800000,93,4015000,Discharging,21.7,9.7,15.4,19.2,41.8,2761,2996,,,
2218,35939,36877,36207,26400,1800000,1800000,93,4014000,Discharging,20.9,19.9,18.6,18.9,26.6,2608,2926,,,
2220,35872,36609,36408,26400,1800000,1800000,93,4014000,Discharging,21.3,19.3,17.3,34.0,14.9,2628,2956,,,
2222,35872,37145,36676,26400,1800000,1800000,93,4013000,Discharging,22.3,13.3,18.7,38.8,17.8,2558,2908,,,
2224,36073,37078,36542,26400,1800000,1800000,93,4013000,Discharging,21.4,9.5,11.4,16.5,47.2,2620,2926,,,
2227,36207,36609,36475,26400,1800000,1800000,93,4013000,Discharging,21.8,10.9,15.1,22.1,38.9,1769,1966,,,
2229,35805,37279,36073,26400,1800000,1800000,93,4013000,Discharging,21.9,13.8,8.8,36.0,29.9,2624,2926,,,
2231,35872,36810,36475,26400,1800000,1800000,93,4014000,Discharging,21.0,23.0,5.2,12.6,42.9,2782,3033,,,
2233,36207,37078,36542,26400,1800000,1800000,93,4013000,Discharging,21.6,10.1,16.4,13.8,45.1,2562,2932,,,
2235,36073,36810,36542,26400,1800000,1800000,93,4016000,Discharging,21.5,16.4,9.9,26.0,33.5,2714,2946,,,
2237,36609,37480,36475,26400,1800000,1800000,93,4012000,Discharging,21.1,18.8,11.7,28.2,26.6,2802,3005,,,
2239,36408,37480,36877,26400,1608000,1800000,93,4008000,Discharging,21.7,21.3,11.2,27.1,26.9,2760,3008,,,
2242,36609,36877,36609,26400,1800000,1800000,93,4011000,Discharging,21.4,10.4,19.1,40.9,15.4,1868,2019,,,
2244,36207,36609,36542,26400,1800000,1800000,93,4009000,Discharging,21.8,18.8,10.4,19.3,37.6,2700,2980,,,
2246,36475,36609,36944,26500,1800000,1800000,93,4009000,Discharging,21.0,10.0,17.4,19.4,37.6,2917,3060,,,
2248,36207,37078,36676,26400,1800000,1800000,93,4011000,Discharging,21.5,17.2,11.8,11.7,45.3,2696,2972,,,
2250,36475,37614,36341,26400,1800000,1800000,93,4011000,Discharging,21.6,8.7,10.7,29.4,36.4,2690,3001,,,
2252,36475,37212,36743,26400,1800000,1800000,93,4010000,Discharging,21.3,16.0,20.0,24.3,25.5,2801,3018,,,
2255,36073,37413,36676,26400,1800000,1800000,93,4010000,Discharging,21.5,9.6,8.5,26.9,40.7,1769,1997,,,
2257,36140,37011,36408,26400,1800000,1800000,93,4010000,Discharging,21.5,13.5,9.4,30.6,31.8,2924,3097,,,
2259,36408,37480,36341,26400,1800000,1800000,93,4010000,Discharging,21.2,19.5,11.2,17.8,36.6,2752,2981,,,
2261,36341,36475,36408,26400,1608000,1800000,93,4003000,Discharging,21.3,10.1,11.0,22.3,41.1,2564,2900,,,
2263,36006,37279,36408,26400,1800000,1800000,93,4012000,Discharging,21.3,12.3,18.9,25.6,28.8,2604,2938,,,
2265,35939,36877,36810,26400,1800000,1800000,93,4016000,Discharging,20.7,12.5,15.7,14.5,38.7,2661,2958,,,
2267,36006,37145,36609,26400,1800000,1800000,93,4013000,Discharging,20.6,11.0,23.0,24.8,24.1,2752,2973,,,
2270,36140,37413,36609,26400,1800000,1800000,93,4012000,Discharging,21.0,12.4,11.4,31.6,28.6,1754,1969,,,
2272,36207,37279,36542,26400,1800000,1800000,93,4011000,Discharging,21.6,15.3,10.0,13.0,47.7,2529,2892,,,
2274,36140,36810,36274,26500,1800000,1800000,93,4010000,Discharging,21.6,11.5,12.5,24.3,37.4,2790,3009,,,
2276,35872,37011,36676,26400,1800000,1800000,93,3994000,Discharging,21.1,7.3,7.6,23.4,46.0,2604,2933,,,
2278,36341,36944,36609,26400,1800000,1800000,93,4013000,Discharging,21.6,21.9,8.6,23.4,31.6,2722,2936,,,
2280,36274,36944,36207,26400,1800000,1800000,93,4013000,Discharging,21.4,21.4,14.5,21.7,28.2,3391,2910,,,
2282,36207,36743,36810,26400,1800000,1800000,93,4013000,Discharging,22.2,11.3,9.4,22.1,46.4,2500,2795,,,
2285,36073,37011,36877,26400,1800000,1800000,93,4013000,Discharging,21.7,14.8,6.6,12.3,53.3,1739,1893,,,
2287,36408,37145,36743,26500,1800000,1800000,93,4013000,Discharging,20.9,14.2,9.5,20.3,38.0,2830,2920,,,
2289,36676,36810,36676,26400,1416000,1800000,93,4014000,Discharging,21.9,18.6,9.3,24.8,34.7,2602,2846,,,
2291,36475,37011,36475,26400,1800000,1800000,93,3990000,Discharging,21.7,11.6,12.9,29.0,34.1,2629,2868,,,
2293,35805,37078,36609,26500,1800000,1800000,93,4011000,Discharging,21.2,11.0,17.9,14.8,40.0,2776,2912,,,
2295,35939,37011,36743,26400,1800000,1800000,93,4010000,Discharging,20.8,11.4,9.9,27.2,34.7,2528,2789,,,
2297,36207,36877,36274,26500,1800000,1800000,93,4009000,Discharging,21.8,11.0,12.6,15.4,48.1,2780,2918,,,
2300,36140,36944,36743,26500,1800000,1800000,93,4009000,Discharging,21.7,17.1,8.0,29.8,31.8,1756,1885,,,
2302,36073,37413,36475,26500,1800000,1800000,93,4009000,Discharging,21.4,14.1,6.6,35.5,29.9,2556,2802,,,
2304,36140,37212,36542,26500,1800000,1800000,93,4011000,Discharging,21.5,12.9,13.8,48.1,9.9,2762,2918,,,
2306,36073,37011,36609,26500,1800000,1800000,93,3985000,Discharging,21.2,9.0,8.5,38.6,29.0,2606,2882,,,
2308,36609,37413,36944,26500,1800000,1800000,93,4010000,Discharging,20.8,20.6,14.6,19.6,28.4,3202,3075,,,
2310,36676,37078,36676,26500,1800000,1800000,93,4009000,Discharging,22.3,13.8,7.1,9.8,56.5,2702,2847,,,
2313,36408,36810,36877,26500,1800000,1800000,93,4009000,Discharging,21.4,14.0,13.2,12.6,46.7,1759,1904,,,
2315,36341,37078,36743,26500,1800000,1800000,93,4008000,Discharging,21.0,15.8,14.6,17.7,36.6,2785,2908,,,
2317,36274,36877,36408,26500,1800000,1800000,93,4008000,Discharging,21.3,8.7,12.4,28.2,34.3,2571,2844,,,
2319,36207,36877,36676,26500,1800000,1800000,93,4009000,Discharging,21.6,12.3,9.3,23.8,41.8,2861,2928,,,
2321,36341,36810,36475,26500,1800000,1800000,93,3990000,Discharging,20.5,14.2,15.3,30.7,22.2,2696,2902,,,
2323,36341,37011,36408,26500,1800000,1800000,93,4011000,Discharging,22.3,9.6,6.6,22.0,50.0,2623,2856,,,
2325,35939,37011,36810,26500,1800000,1800000,92,4013000,Discharging,21.0,15.7,9.0,26.7,32.9,2950,3226,,,
2328,36006,36810,36542,26500,1800000,1800000,92,4011000,Discharging,20.4,22.0,9.9,20.4,28.5,1887,1947,,,
2330,36274,37078,36408,26500,1800000,1800000,92,4010000,Discharging,21.2,12.4,9.5,35.0,28.0,2603,2846,,,
2332,35872,37346,36475,26500,1800000,1800000,92,4010000,Discharging,21.6,12.9,15.2,32.7,24.2,2656,2896,,,
2334,36140,37078,36810,26500,1800000,1800000,92,4009000,Discharging,21.6,15.0,13.6,26.6,32.1,2764,2904,,,
2336,36341,37212,36676,26500,1608000,1800000,92,4000000,Discharging,21.4,15.7,9.9,25.7,34.4,2574,2790,,,
2338,36408,37145,36475,26500,1800000,1800000,92,4011000,Discharging,21.9,11.0,13.6,17.8,44.7,2900,2946,,,
2341,36274,37078,36274,26500,1800000,1800000,92,4012000,Discharging,21.3,14.7,10.4,15.6,44.2,1751,1898,,,
2343,35939,37145,36810,26500,1800000,1800000,92,4011000,Discharging,21.2,16.1,9.0,22.8,36.6,2538,2843,,,
2345,36140,36810,36475,26500,1800000,1800000,92,4012000,Discharging,21.4,9.9,18.6,22.7,34.9,2609,2896,,,
2347,36006,37078,36743,26500,1800000,1800000,92,4011000,Discharging,20.5,15.4,19.4,22.5,24.1,2655,2862,,,
2349,36073,37212,36274,26500,1800000,1800000,92,4012000,Discharging,21.3,9.5,11.3,34.1,30.7,2788,2932,,,
2351,36475,36877,36609,26500,1608000,1800000,92,3996000,Discharging,20.8,14.0,16.7,21.1,31.6,2794,2954,,,
2353,36542,37212,36743,26500,1800000,1800000,92,4013000,Discharging,21.2,11.1,17.0,23.4,31.8,2909,2958,,,
2356,36341,37011,36944,26500,1800000,1800000,92,4009000,Discharging,21.0,14.6,11.3,28.2,30.6,1721,1912,,,
2358,36207,37011,36341,26500,1800000,1800000,92,4010000,Discharging,21.0,11.5,13.8,39.5,17.8,2602,2864,,,
2360,36073,36944,36274,26500,1416000,1800000,92,4010000,Discharging,21.0,21.8,13.7,30.1,19.1,3051,2986,,,
2362,36609,37413,36341,26500,1608000,1800000,92,4011000,Discharging,21.5,17.0,8.0,16.0,44.9,2562,2876,,,
2364,36542,36810,37011,26500,1800000,1800000,92,4010000,Discharging,21.9,9.5,9.9,26.1,41.0,2809,2944,,,
2366,36676,37681,36408,26500,1800000,1800000,92,3986000,Discharging,21.3,13.1,16.9,26.1,29.5,2728,2904,,,
2368,36140,36944,36542,26500,1800000,1800000,92,4009000,Discharging,21.5,17.1,7.1,31.1,30.9,3028,3018,,,
2371,36475,37078,36944,26500,1800000,1800000,92,4009000,Discharging,21.3,16.1,14.5,25.0,29.3,1931,1970,,,
2373,36207,36676,36274,26600,1800000,1800000,92,4008000,Discharging,20.8,14.7,12.3,12.6,43.9,2559,2825,,,
2375,36140,36944,36609,26500,1800000,1800000,92,4007000,Discharging,21.4,9.6,9.0,28.6,38.1,2722,2851,,,
2377,36475,37078,36609,26500,1800000,1800000,92,4012000,Discharging,21.1,12.8,15.2,20.9,35.2,2582,2834,,,
2379,35604,37145,36676,26600,1800000,1800000,92,4012000,Discharging,22.0,12.9,10.0,14.1,50.0,2756,2889,,,
2381,36140,37145,36542,26500,1416000,1800000,92,3997000,Discharging,21.5,11.0,7.1,15.8,51.8,2551,2852,,,
2384,36341,36743,36542,26600,1800000,1800000,92,4008000,Discharging,21.6,12.9,9.0,26.8,37.4,1741,1906,,,
2386,36006,37145,36542,26600,1800000,1800000,92,4009000,Discharging,21.2,19.2,9.9,31.5,25.0,2650,2873,,,
2388,36207,37078,36475,26500,1800000,1800000,92,4007000,Discharging,21.3,14.6,20.4,20.2,29.7,2573,2844,,,
2390,36073,36877,36542,26500,1800000,1800000,92,4007000,Discharging,21.1,13.4,14.6,17.1,38.6,2987,2992,,,
2392,36475,37011,36274,26600,1800000,1800000,92,4008000,Discharging,20.7,14.4,11.4,24.3,32.9,2676,2864,,,
2394,36274,36944,36609,26500,1800000,1800000,92,4008000,Discharging,21.8,13.3,9.4,21.3,42.3,2680,2876,,,
2396,36073,37078,36542,26600,1800000,1800000,92,4007000,Discharging,21.2,13.4,13.4,17.8,40.6,2652,2858,,,
2399,36341,37212,36944,26600,1800000,1800000,92,4010000,Discharging,21.2,12.0,16.4,24.3,32.7,1828,1952,,,
2401,36408,36810,36676,26600,1800000,1800000,92,4011000,Discharging,20.5,11.9,17.1,17.8,34.0,2816,2915,,,
2403,35872,36944,36743,26500,1800000,1800000,92,4011000,Discharging,21.0,13.3,9.1,32.4,29.1,2568,2868,,,
2405,36408,37011,36341,26600,1800000,1800000,92,4011000,Discharging,21.2,12.7,15.2,40.3,16.5,2896,2962,,,
2407,36006,36944,37078,26600,1800000,1800000,92,4013000,Discharging,21.0,9.5,7.5,17.3,49.1,2558,2829,,,
2409,36475,37279,36274,26700,1800000,1800000,92,4008000,Discharging,22.3,17.5,9.0,39.3,22.4,2828,2952,,,
2412,36274,37346,36743,26600,1800000,1800000,92,4008000,Discharging,21.5,15.4,16.0,30.5,24.7,1866,1958,,,
2414,36408,37748,36475,26600,1800000,1800000,92,4007000,Discharging,21.6,17.5,13.1,31.1,24.6,2961,2967,,,
2416,36207,37011,36341,26600,1608000,1800000,92,4007000,Discharging,21.5,9.0,16.8,25.9,34.3,2746,2918,,,
2418,36475,37212,36743,26600,1800000,1800000,92,4007000,Discharging,21.5,15.0,8.9,20.6,41.8,2808,2944,,,
2420,36341,37480,37145,26600,1800000,1800000,92,4008000,Discharging,21.0,12.4,19.8,22.1,29.1,2980,2990,,,
2422,36475,37480,36609,26600,1416000,1800000,92,4009000,Discharging,21.5,16.9,12.6,32.9,23.3,2850,2938,,,
2424,36743,37212,36743,26700,1800000,1800000,92,4002000,Discharging,22.1,11.8,9.9,23.7,43.3,2718,2917,,,
2427,36408,36944,36542,26700,1800000,1800000,92,4007000,Discharging,21.9,9.4,15.7,30.7,31.5,1770,1913,,,
2429,36207,37212,37078,26700,1800000,1800000,92,4005000,Discharging,21.2,14.8,10.4,23.6,35.4,2924,2978,,,
2431,36542,37748,36743,26700,1800000,1800000,92,4007000,Discharging,21.0,12.0,13.3,17.4,40.7,2974,2990,,,
2433,36408,37346,36944,26600,1416000,1800000,92,4008000,Discharging,20.8,14.7,15.4,16.9,36.4,2590,2854,,,
2435,36207,36877,36609,26600,1608000,1800000,92,4009000,Discharging,21.6,17.5,7.2,23.5,37.9,2636,2848,,,
2437,35671,37212,36676,26700,1800000,1800000,92,4009000,Discharging,20.6,16.8,8.1,19.3,37.9,2577,2810,,,
2439,35671,37011,36676,26600,1800000,1800000,92,4011000,Discharging,21.6,16.7,10.8,22.0,36.9,2612,2830,,,
2442,36542,37078,36609,26700,1800000,1800000,92,4009000,Discharging,21.0,11.8,9.0,14.5,50.0,1850,1957,,,
2444,36274,37212,36609,26700,1800000,1800000,92,4008000,Discharging,20.9,12.4,12.3,25.6,32.6,2758,2938,,,
2446,36475,37413,36676,26700,1800000,1800000,92,4009000,Discharging,21.4,15.6,7.2,22.5,40.2,2602,2845,,,
2448,36475,37279,36944,26700,1800000,1800000,92,4008000,Discharging,22.1,10.8,6.6,21.9,49.1,2534,2781,,,
2450,36140,37078,36274,26700,1800000,1800000,92,4008000,Discharging,21.9,13.9,11.8,21.9,39.1,2755,2896,,,
2452,36341,37212,36341,26700,1800000,1800000,92,4006000,Discharging,21.3,14.6,9.8,24.5,36.3,2567,2838,,,
2455,36207,37145,36743,26700,1800000,1800000,92,4007000,Discharging,21.8,14.8,10.0,28.4,32.7,1807,1938,,,
2457,36006,37212,36408,26700,1800000,1800000,92,4007000,Discharging,20.7,12.7,11.4,32.1,27.6,2602,2858,,,
2459,36274,37145,36743,26700,1800000,1800000,92,4009000,Discharging,21.3,18.1,12.2,13.0,41.3,2822,2960,,,
2461,36810,37480,36676,26700,1800000,1800000,92,4011000,Discharging,20.8,12.9,11.8,19.3,39.2,3016,3002,,,
2463,36408,37279,36475,26700,1800000,1800000,92,4010000,Discharging,21.0,12.3,16.5,42.1,13.1,2702,2912,,,
2465,36341,37279,36944,26700,1800000,1800000,92,4011000,Discharging,21.1,23.1,8.9,21.4,31.0,2787,2906,,,
2467,36274,37614,36475,26700,1800000,1800000,92,4006000,Discharging,21.2,11.4,13.2,43.9,15.4,2561,2843,,,
2470,36676,37346,36542,26700,1800000,1800000,92,4006000,Discharging,20.7,8.1,21.3,25.2,29.0,2016,1996,,,
2472,36475,37011,36542,26700,1800000,1800000,92,4005000,Discharging,20.8,12.0,7.6,32.9,30.0,2846,2946,,,
2474,36341,37279,36676,26800,1800000,1800000,92,4003000,Discharging,21.0,10.9,13.2,43.7,16.9,2688,2917,,,
2476,36609,37346,36408,26700,1800000,1800000,92,4005000,Discharging,21.2,11.5,15.0,35.2,22.0,2858,2922,,,
2478,36542,37480,37011,26700,1800000,1800000,92,4003000,Discharging,20.3,8.2,14.0,39.1,20.9,2802,2935,,,
2480,36475,37078,36944,26700,1800000,1800000,92,4003000,Discharging,21.5,11.4,20.9,38.2,14.6,2782,2901,,,
2482,36408,37346,36676,26700,1800000,1800000,92,4004000,Discharging,20.7,11.9,9.0,24.4,36.7,2970,2972,,,
2485,36408,36810,36609,26700,1800000,1800000,92,4005000,Discharging,20.9,8.7,9.4,38.8,26.9,1882,1952,,,
2487,36274,37145,36743,26700,1800000,1800000,92,4005000,Discharging,20.8,14.4,10.7,37.1,20.7,2742,2902,,,
2489,36341,37078,36944,26800,1800000,1800000,92,4004000,Discharging,21.0,22.5,14.6,28.3,18.3,2886,2940,,,
2491,36408,37346,36743,26700,1800000,1800000,92,4007000,Discharging,21.5,12.4,8.5,40.6,25.4,2798,2906,,,
2493,36743,37212,36542,26700,1800000,1800000,92,4007000,Discharging,21.0,10.6,21.5,40.6,10.8,2652,2836,,,
2495,36140,36877,36810,26700,1800000,1800000,92,4008000,Discharging,20.7,15.3,15.3,31.5,20.4,2764,2898,,,
2498,36073,37547,36609,26700,1800000,1800000,92,4009000,Discharging,20.9,6.8,14.7,39.0,22.7,1684,1851,,,
2500,35671,36743,36877,26700,1800000,1800000,92,4008000,Discharging,21.5,16.7,22.0,25.9,21.2,2575,2781,,,
2502,36475,37078,36207,26700,1800000,1800000,92,4006000,Discharging,20.5,16.0,16.4,25.5,24.3,2858,2923,,,
2504,36475,37413,36810,26700,1800000,1800000,92,3998000,Discharging,20.8,9.0,11.2,33.3,28.6,2580,2828,,,
2506,36207,37413,36810,26700,1800000,1800000,92,4008000,Discharging,21.1,15.6,15.0,34.3,21.0,2656,2850,,,
2508,36006,37346,36810,26700,1800000,1800000,92,4007000,Discharging,20.6,12.9,6.2,42.0,21.0,2622,2872,,,
2510,36140,37212,36408,26700,1800000,1800000,92,4009000,Discharging,21.6,8.6,15.3,42.5,19.2,2634,2834,,,
2513,36207,37480,36810,26700,1608000,1800000,92,4009000,Discharging,21.2,10.8,10.3,37.4,26.5,1842,1954,,,
2515,36274,37212,37011,26800,1800000,1800000,92,4008000,Discharging,21.2,7.2,17.5,33.3,25.5,2686,2893,,,
2517,36542,37145,36475,26700,1416000,1800000,92,4008000,Discharging,20.9,7.7,9.4,37.4,29.2,2482,2791,,,
2519,36207,37614,36743,26800,1800000,1800000,92,3996000,Discharging,20.8,11.8,15.1,29.5,27.9,2710,2888,,,
2521,35939,37413,36207,26700,1800000,1800000,92,4009000,Discharging,21.4,8.0,21.0,29.4,25.8,2714,2935,,,
2523,36408,37346,36944,26800,1800000,1800000,92,4008000,Discharging,20.0,18.4,14.2,29.2,19.0,2878,2954,,,
2525,36341,37078,36475,26700,1800000,1800000,92,4010000,Discharging,20.3,12.7,11.7,25.5,30.8,2860,2984,,,
2528,36408,37212,37078,26800,1800000,1800000,92,4004000,Discharging,20.5,12.0,20.6,33.6,16.9,1905,1962,,,
2530,36609,37279,36944,26800,1800000,1800000,92,4003000,Discharging,21.2,9.1,17.5,29.4,27.9,3144,3034,,,
2532,36676,37480,36676,26800,1800000,1800000,92,4004000,Discharging,21.2,10.5,11.7,21.4,40.8,2868,2959,,,
2534,36743,37547,36743,26800,1800000,1800000,92,3983000,Discharging,21.6,18.2,9.9,23.2,36.0,3046,2978,,,
2536,36475,37078,36944,26800,1800000,1800000,92,4004000,Discharging,21.9,14.2,19.6,33.2,19.9,2816,2917,,,
2538,36341,37078,36475,26800,1800000,1800000,92,4005000,Discharging,21.2,10.5,10.8,41.6,20.8,2812,2932,,,
2541,36475,37346,36609,26800,1416000,1800000,92,4003000,Discharging,21.1,18.6,17.0,31.3,18.3,2152,2012,,,
2543,36408,37882,36944,26800,1800000,1800000,92,4004000,Discharging,21.3,15.7,15.4,34.3,19.8,3008,3016,,,
2545,36542,37279,36944,26800,1800000,1800000,92,4004000,Discharging,21.2,10.1,16.5,22.5,34.9,2772,2904,,,
2547,36676,37145,36810,26800,1800000,1800000,92,4002000,Discharging,21.0,19.9,12.9,41.5,9.9,2852,2940,,,
2549,36609,37681,37145,26800,1800000,1800000,92,3985000,Discharging,20.9,15.6,16.7,23.0,29.2,2924,2976,,,
2551,36207,37279,37145,26800,1800000,1800000,92,4005000,Discharging,20.7,16.3,11.4,28.5,25.9,2789,2914,,,
2553,36676,37547,36274,26800,1800000,1800000,92,4006000,Discharging,21.3,16.3,8.0,40.8,19.6,2740,2890,,,
2556,36341,37279,36944,26800,1800000,1800000,92,4006000,Discharging,20.8,13.0,21.2,33.3,15.4,1755,1909,,,
2558,36609,37614,37145,26800,1800000,1800000,92,4008000,Discharging,20.8,14.4,20.6,26.1,22.7,2531,2766,,,
2560,36073,37279,36810,26800,1800000,1800000,92,4008000,Discharging,20.8,9.1,20.1,33.6,20.7,2613,2804,,,
2562,35939,37145,36475,26800,1800000,1800000,92,4007000,Discharging,21.9,16.4,10.6,47.4,12.6,2678,2871,,,
2564,36207,37145,36877,26800,1800000,1800000,92,4007000,Discharging,20.8,9.5,13.2,36.5,24.1,2783,2954,,,
2566,35939,37212,36810,26800,1800000,1800000,92,4003000,Discharging,20.9,18.8,14.2,35.4,15.3,2766,2875,,,
2568,36140,37078,36877,26800,1608000,1800000,92,4005000,Discharging,21.1,11.7,13.2,29.2,29.6,2678,2886,,,
2571,36073,37547,36743,26800,1800000,1800000,92,4005000,Discharging,21.4,10.9,9.9,35.5,29.6,1760,1911,,,
2573,36475,37346,36810,26800,1608000,1800000,92,4006000,Discharging,20.5,9.0,9.4,34.7,27.8,2680,2894,,,
2575,36408,37279,36877,26800,1800000,1800000,92,4004000,Discharging,21.2,10.5,15.0,39.4,19.5,2839,2934,,,
2577,36542,37078,36542,26800,1800000,1800000,92,4003000,Discharging,21.0,16.2,14.5,21.9,31.2,2662,2846,,,
2579,36006,37413,36676,26800,1800000,1800000,92,4003000,Discharging,21.0,9.5,14.6,27.7,31.5,2754,2888,,,
2581,36609,37212,36274,26800,1416000,1800000,92,4007000,Discharging,21.4,16.7,16.5,26.2,26.1,2804,2919,,,
2584,36341,37413,36877,26800,1800000,1800000,92,4005000,Discharging,20.9,11.4,21.5,34.1,16.4,1925,1987,,,
2586,36475,37212,36944,26800,1800000,1800000,92,4010000,Discharging,21.1,11.0,11.3,30.0,31.9,2791,2886,,,
2588,36341,37547,36944,26800,1800000,1800000,92,4003000,Discharging,22.0,8.1,11.7,52.6,15.1,2739,2892,,,
2590,36542,37346,36676,26800,1800000,1800000,92,4002000,Discharging,20.9,10.5,10.8,34.3,28.5,3290,3059,,,
2592,36676,37212,36542,26800,1608000,1800000,92,4002000,Discharging,22.0,13.6,10.5,48.6,15.5,2992,2986,,,
2594,36676,37882,37212,26800,1800000,1800000,92,3983000,Discharging,21.8,11.0,17.3,46.8,11.7,3278,3102,,,
2596,36408,37480,36676,26900,1800000,1800000,92,4002000,Discharging,21.9,14.4,8.5,37.5,26.2,3166,3019,,,
2599,36408,37815,36810,26800,1800000,1800000,92,4003000,Discharging,21.6,12.0,15.7,40.4,18.2,2086,2039,,,
2601,36877,37212,37078,26800,1416000,1800000,92,4003000,Discharging,22.1,13.2,22.9,19.6,32.1,3142,3032,,,
2603,36475,37279,37011,26800,1800000,1800000,92,4003000,Discharging,21.3,8.7,14.0,33.8,27.4,3021,2986,,,
2605,36810,37279,36676,26800,1800000,1800000,92,4005000,Discharging,20.7,11.8,12.6,29.1,30.0,2842,2956,,,
2607,36006,37346,36475,26800,1800000,1800000,92,4005000,Discharging,20.4,10.4,9.5,43.2,19.0,2736,2874,,,
2609,36006,36877,37078,26800,1800000,1800000,92,4006000,Discharging,20.0,16.3,17.8,23.5,21.8,2709,2854,,,
2611,36006,37547,36408,26800,1800000,1800000,92,4005000,Discharging,21.4,14.6,11.4,42.0,18.3,2596,2828,,,
2614,36341,36877,36207,26900,1800000,1800000,92,4003000,Discharging,20.8,13.2,11.3,38.0,20.8,1673,1865,,,
2616,36609,36944,36944,26800,1800000,1800000,92,4001000,Discharging,21.3,9.1,12.7,41.3,21.0,2870,2995,,,
2618,36006,37413,36810,26800,1800000,1800000,92,4003000,Discharging,21.1,6.2,10.8,38.4,28.6,2479,2854,,,
2620,36676,37614,36743,26900,1608000,1800000,92,4002000,Discharging,20.3,9.5,15.7,41.7,14.5,2633,2874,,,
2622,36475,37346,36810,26900,1800000,1800000,92,4002000,Discharging,21.5,10.5,22.3,28.0,24.4,2668,2852,,,
2624,36609,37480,36609,26900,1608000,1800000,92,4003000,Discharging,21.0,13.9,14.9,24.4,30.7,2934,2956,,,
2627,36341,37346,37011,26900,1800000,1800000,92,4005000,Discharging,21.0,17.0,18.8,17.4,31.2,1844,1906,,,
2629,35939,37413,36408,26900,1800000,1800000,92,4005000,Discharging,20.7,10.6,15.3,39.6,15.9,2624,2856,,,
2631,36274,37547,37078,26900,1800000,1800000,92,4005000,Discharging,21.1,10.9,8.0,36.4,29.6,2636,2843,,,
2633,36408,37212,36341,26900,1800000,1800000,92,4007000,Discharging,22.0,8.6,7.0,37.1,35.8,2482,2814,,,
2635,36542,37212,36542,26900,1800000,1800000,92,3999000,Discharging,20.9,12.9,11.7,17.3,41.5,2768,2942,,,
2637,36676,37212,36743,26800,1800000,1800000,92,4007000,Discharging,21.2,16.7,11.7,36.8,19.3,2674,2871,,,
2639,36676,37346,36609,26900,1800000,1800000,92,4008000,Discharging,20.7,10.4,25.7,25.0,21.2,2628,2838,,,
2642,36676,37145,36743,26900,1800000,1800000,92,4001000,Discharging,21.3,9.1,13.7,33.6,28.6,1768,1915,,,
2644,36341,37480,37078,26900,1800000,1800000,92,4002000,Discharging,20.8,15.0,14.0,30.4,23.6,2806,2934,,,
2646,36743,37480,37011,26900,1800000,1800000,92,4001000,Discharging,21.6,10.5,8.1,41.9,25.1,3046,3030,,,
2648,36408,37681,36542,26900,1608000,1800000,92,4001000,Discharging,20.6,15.2,12.7,22.6,32.9,2613,2878,,,
2650,36408,37346,36810,26900,1800000,1800000,92,4003000,Discharging,21.1,7.7,8.1,38.1,28.8,2744,2894,,,
2652,36207,37145,36743,26900,1416000,1800000,92,4002000,Discharging,21.4,15.6,12.1,37.6,20.9,2938,2991,,,
2654,36341,37413,36810,26900,1416000,1800000,92,4004000,Discharging,20.4,9.6,15.1,36.6,20.1,2667,2860,,,
2657,36877,37547,37145,27000,1800000,1800000,92,4003000,Discharging,21.0,15.7,10.8,34.3,21.7,1958,1963,,,
2659,36140,37279,36609,26900,1800000,1800000,92,4006000,Discharging,20.6,14.7,18.3,30.5,19.9,2624,2860,,,
2661,36207,37882,36676,26900,1800000,1800000,92,4004000,Discharging,21.5,10.9,12.2,42.0,20.9,2643,2825,,,
2663,36408,36877,36609,26900,1800000,1800000,92,4002000,Discharging,21.4,9.5,9.6,54.9,10.9,2529,2778,,,
2665,36609,37145,36609,26900,1800000,1800000,92,4002000,Discharging,21.0,7.7,14.6,38.3,23.0,2754,2956,,,
2667,36609,37480,36676,26900,1800000,1800000,92,4001000,Discharging,21.3,10.0,16.8,42.5,15.1,2732,2884,,,
2670,36006,37681,36877,26900,1800000,1800000,92,4001000,Discharging,21.0,12.8,12.7,35.5,23.5,1813,1938,,,
2672,36475,37145,37078,26900,1800000,1800000,92,3996000,Discharging,22.6,10.0,12.1,37.4,30.4,2666,2868,,,
2674,36207,37212,36609,26900,1800000,1800000,92,4004000,Discharging,20.2,9.1,13.7,34.3,23.1,2696,2900,,,
2676,36475,37480,37011,26900,1800000,1800000,92,4004000,Discharging,21.3,12.0,11.3,44.1,17.7,2848,2947,,,
2678,36274,37212,37011,26900,1800000,1800000,92,4003000,Discharging,21.0,10.0,13.1,35.8,25.4,2733,2906,,,
2680,36274,37346,36676,26900,1608000,1800000,92,4002000,Discharging,20.7,10.4,24.3,26.9,21.2,2760,2902,,,
2682,36609,37413,37078,26900,1800000,1800000,92,4005000,Discharging,20.8,9.6,9.9,28.2,34.7,2698,2866,,,
2685,36676,37413,36877,26900,1800000,1800000,92,4005000,Discharging,20.4,15.7,17.0,27.1,22.2,1737,1905,,,
2687,37078,38016,37145,26900,1800000,1800000,92,3994000,Discharging,21.1,17.9,17.8,24.3,24.5,2894,2964,,,
2689,36676,37882,36542,26900,1800000,1800000,92,4001000,Discharging,20.7,10.0,12.3,39.6,20.4,2638,2841,,,
2691,36341,37413,36810,26900,1800000,1800000,92,4002000,Discharging,21.1,15.5,13.3,38.1,18.3,2716,2895,,,
2693,36341,37547,36676,26900,1800000,1800000,92,4001000,Discharging,20.8,7.6,10.3,29.7,35.0,2648,2878,,,
2695,36408,37480,36944,26900,1800000,1800000,92,4001000,Discharging,21.0,9.0,9.0,51.9,13.6,2766,2951,,,
2697,36542,37346,36743,26900,1800000,1800000,92,4001000,Discharging,21.1,14.2,16.5,37.1,16.0,3169,3033,,,
2700,36676,37547,36877,27000,1608000,1800000,92,4002000,Discharging,21.3,14.2,15.1,41.0,15.2,1793,1915,,,
2702,36676,37413,36810,26900,1800000,1800000,92,3976000,Discharging,21.3,10.0,15.2,39.0,20.4,2808,2950,,,
2704,36743,37614,36676,27000,1800000,1800000,92,3999000,Discharging,20.9,11.9,15.5,27.2,28.6,2934,2974,,,
2706,36274,37145,36810,27000,1800000,1800000,92,4001000,Discharging,21.9,12.7,14.6,24.1,35.8,2742,2948,,,
2708,36743,37145,37212,27000,1416000,1800000,92,3999000,Discharging,20.5,12.7,17.0,36.3,16.0,2788,2920,,,
2710,36676,37681,36877,27000,1608000,1800000,92,4000000,Discharging,21.4,11.0,8.9,33.5,32.1,2689,2924,,,
2713,36676,37279,36609,27000,1800000,1800000,92,4001000,Discharging,21.4,18.6,8.0,18.4,40.7,1771,1903,,,
2715,36609,37011,37346,26900,1800000,1800000,92,4001000,Discharging,22.1,12.0,5.7,19.6,50.5,2568,2800,,,
2717,36676,37346,36676,27000,1800000,1800000,92,3988000,Discharging,21.0,10.3,11.5,24.8,37.2,2780,2879,,,
2719,36408,37212,36743,27000,1800000,1800000,92,4005000,Discharging,21.3,10.0,9.4,31.0,33.5,2542,2804,,,
2721,36274,37212,36743,26900,1800000,1800000,92,4003000,Discharging,21.5,9.0,11.7,11.3,54.0,2487,2783,,,
2723,36408,36944,37279,27000,1800000,1800000,92,4001000,Discharging,21.4,10.5,11.5,29.3,34.4,2667,2899,,,
2725,36408,37279,37011,27000,1416000,1800000,92,4003000,Discharging,21.9,10.0,7.0,11.8,57.9,2586,2824,,,
2728,36743,37279,37145,27000,1800000,1800000,92,4002000,Discharging,21.6,12.2,12.3,20.2,42.2,1929,1958,,,
2730,36743,37748,37078,27000,1800000,1800000,91,4001000,Discharging,21.6,16.4,10.0,31.8,28.3,3034,3324,,,
2732,36341,37882,37011,27000,1800000,1800000,91,3981000,Discharging,22.9,12.7,14.0,10.6,54.7,2608,2848,,,
2734,36274,37413,36944,27000,1800000,1800000,91,4001000,Discharging,21.6,11.9,12.6,23.7,37.4,2688,2854,,,
2736,36274,37279,36676,27000,1800000,1800000,91,4002000,Discharging,21.2,14.3,7.1,27.9,36.0,2580,2828,,,
2738,36676,37413,36810,27000,1800000,1800000,91,4002000,Discharging,21.5,17.1,12.8,30.5,25.4,2786,2886,,,
2740,36274,37078,36877,27000,1800000,1800000,91,4004000,Discharging,21.0,24.5,9.0,19.8,30.4,2608,2832,,,
2743,36609,37614,37145,27000,1800000,1800000,91,4004000,Discharging,21.1,14.7,14.3,14.4,40.7,1888,1948,,,
2745,36743,37346,36609,27000,1800000,1800000,91,4004000,Discharging,21.0,13.2,10.3,20.9,40.1,2696,2924,,,
2747,36341,37681,37078,27000,1800000,1800000,91,4004000,Discharging,21.9,8.2,7.0,38.5,33.2,2668,2834,,,
2749,36609,37681,36743,27000,1800000,1800000,91,3999000,Discharging,21.2,18.5,13.6,16.5,36.0,3146,3069,,,
2751,36207,37480,37413,27000,1800000,1800000,91,3999000,Discharging,21.2,13.5,11.0,25.7,34.0,2909,2954,,,
2753,36743,37882,37212,27000,1800000,1800000,91,3998000,Discharging,22.1,11.5,8.5,32.7,35.6,2686,2872,,,
2756,36676,37078,36877,27000,1800000,1800000,91,3998000,Discharging,21.3,17.5,11.3,16.5,39.6,1894,1963,,,
2758,36944,37346,37145,27000,1800000,1800000,91,3998000,Discharging,21.4,9.6,11.3,28.5,36.2,3111,3034,,,
2760,36609,37815,36877,27000,1800000,1800000,91,3997000,Discharging,21.3,13.7,10.0,29.4,31.9,2778,2906,,,
2762,37011,37614,36944,27000,1800000,1800000,91,3998000,Discharging,21.3,9.6,17.6,22.3,34.7,2790,2970,,,
2764,36542,37480,37480,27000,1800000,1800000,91,3998000,Discharging,21.1,11.4,7.1,23.4,42.5,2704,2890,,,
2766,37011,37212,36877,27000,1608000,1800000,91,3999000,Discharging,20.9,19.4,23.0,15.0,27.0,2774,2907,,,
2768,36676,37614,36676,27000,1800000,1800000,91,4000000,Discharging,22.2,13.7,22.9,26.3,24.8,3083,3013,,,
2771,36676,37279,37078,27000,1800000,1800000,91,4000000,Discharging,20.8,20.7,13.7,16.0,33.8,1834,1920,,,
2773,36274,37145,36676,27000,1800000,1800000,91,4001000,Discharging,21.8,6.8,10.9,18.8,49.8,2510,2784,,,
2775,36341,37011,37279,27000,1416000,1800000,91,4001000,Discharging,21.2,19.2,10.8,19.1,35.7,2628,2844,,,
2777,36341,37346,36877,27000,1800000,1800000,91,4006000,Discharging,20.3,14.3,17.0,24.8,25.7,2550,2838,,,
2779,36408,37145,36877,27000,1800000,1800000,91,4002000,Discharging,21.0,15.8,10.3,21.9,35.7,2786,2888,,,
2781,36609,37547,36944,27000,1800000,1800000,91,3999000,Discharging,21.5,10.5,16.4,19.5,40.1,2574,2818,,,
2784,36877,37748,37212,27000,1800000,1800000,91,4000000,Discharging,21.7,12.5,12.2,17.5,43.3,1804,1914,,,
2786,36408,37078,36944,27000,1416000,1800000,91,3999000,Discharging,20.6,11.8,10.4,23.8,36.0,2750,2898,,,
2788,36341,37547,36877,27000,1800000,1800000,91,3998000,Discharging,21.7,9.0,19.2,19.1,39.5,2726,2886,,,
2790,36207,37547,36408,27000,1800000,1800000,91,4001000,Discharging,22.1,10.8,8.4,37.0,32.1,2753,2910,,,
2792,36542,37212,36676,27000,1800000,1800000,91,4000000,Discharging,21.3,12.3,14.7,28.4,29.8,2722,2888,,,
2794,36274,37279,36944,27000,1800000,1800000,91,4001000,Discharging,21.6,9.6,6.6,33.6,35.8,2581,2855,,,
2796,36475,37145,36944,27000,1800000,1800000,91,4000000,Discharging,21.3,11.1,11.2,17.8,44.7,2674,2895,,,
2799,36542,37346,36944,27000,1800000,1800000,91,3999000,Discharging,21.9,15.5,8.1,33.3,29.7,1823,1942,,,
2801,36408,37614,37011,27000,1800000,1800000,91,4001000,Discharging,21.4,10.0,6.6,24.1,45.5,2530,2808,,,
2803,36341,37413,36877,27000,1800000,1800000,91,4000000,Discharging,21.3,15.3,10.4,14.8,43.7,2706,2892,,,
2805,36341,37480,36542,27000,1800000,1800000,91,4001000,Discharging,20.4,13.1,8.5,20.7,39.9,2637,2852,,,
2807,36006,37212,37011,27000,1800000,1800000,91,3998000,Discharging,21.8,12.4,13.6,29.4,31.0,2564,2822,,,
2809,37145,37413,37078,27100,1800000,1800000,91,3998000,Discharging,20.7,15.6,9.9,17.4,40.8,2800,2934,,,
2811,37212,37681,37011,27000,1800000,1800000,91,3997000,Discharging,20.9,9.1,16.0,13.1,44.8,2787,2916,,,
2814,36609,37815,37145,27000,1800000,1800000,91,3996000,Discharging,21.1,14.8,9.8,32.4,27.4,1910,1963,,,
2816,36408,37212,36609,27100,1800000,1800000,91,3997000,Discharging,20.6,13.0,11.8,22.7,34.0,2706,2867,,,
2818,36810,37078,37145,27100,1800000,1800000,91,3997000,Discharging,21.7,16.5,13.1,18.3,39.9,2644,2869,,,
2820,36676,37413,36743,27100,1800000,1800000,91,3995000,Discharging,21.1,17.9,9.4,22.7,34.9,2942,2964,,,
2822,36609,37279,36810,27000,1800000,1800000,91,4000000,Discharging,21.4,15.6,13.1,23.3,32.9,2624,2838,,,
2824,36676,37614,36743,27100,1800000,1800000,91,3999000,Discharging,21.8,13.9,13.6,9.3,50.7,2566,2811,,,
2827,36609,37681,37212,27000,1800000,1800000,91,4002000,Discharging,20.7,10.0,10.4,21.2,41.0,1744,1878,,,
2829,36676,37480,37078,27000,1800000,1800000,91,4000000,Discharging,21.2,11.9,10.0,33.3,29.9,2538,2802,,,
2831,36542,37480,36877,27100,1800000,1800000,91,3997000,Discharging,21.0,11.5,15.5,31.5,24.9,2794,2930,,,
2833,36341,37212,36743,27100,1416000,1800000,91,3998000,Discharging,21.7,12.3,11.8,32.4,30.4,2581,2866,,,
2835,36542,37078,36877,27000,1800000,1800000,91,3997000,Discharging,20.1,18.9,10.0,28.8,23.1,2670,2848,,,
2837,36542,37279,36944,27100,1800000,1800000,91,3998000,Discharging,21.8,15.8,10.1,12.2,49.5,2715,2870,,,
2839,37212,37614,37011,27100,1800000,1800000,91,3998000,Discharging,20.9,16.5,12.7,23.0,30.8,2880,2932,,,
2842,36140,37480,37078,27100,1800000,1800000,91,4000000,Discharging,21.1,9.0,12.0,14.6,48.8,1693,1877,,,
2844,37078,37547,36944,27100,1416000,1800000,91,4000000,Discharging,21.6,11.0,15.1,18.6,41.6,2698,2888,,,
2846,36810,37413,36877,27100,1800000,1800000,91,4000000,Discharging,21.0,20.8,13.2,16.6,32.6,2698,2824,,,
2848,36542,37011,36877,27100,1800000,1800000,91,3996000,Discharging,22.1,15.7,11.9,22.1,38.4,2572,2833,,,
2850,36408,37346,37145,27100,1800000,1800000,91,4002000,Discharging,20.6,18.6,8.0,32.7,23.0,2918,2950,,,
2852,36475,37346,36609,27000,1800000,1800000,91,4000000,Discharging,21.1,12.5,11.2,26.5,34.3,2510,2816,,,
2854,36542,37681,37212,27100,1800000,1800000,91,4001000,Discharging,21.4,14.7,9.4,24.2,36.7,2644,2870,,,
2857,36140,37279,37011,27100,1800000,1800000,91,3999000,Discharging,20.9,9.6,8.0,33.6,31.9,1714,1874,,,
2859,36810,37547,37212,27100,1800000,1800000,91,3998000,Discharging,21.7,11.1,14.6,33.8,27.6,2632,2864,,,
2861,36743,37547,37413,27100,1800000,1800000,91,3998000,Discharging,21.6,13.8,10.3,21.6,39.6,2887,2988,,,
2863,37011,37346,36609,27100,1800000,1800000,91,3997000,Discharging,21.1,14.7,10.9,19.0,39.7,2952,3024,,,
2865,36475,37614,37011,27100,1800000,1800000,91,3997000,Discharging,21.5,13.1,10.8,20.9,41.4,2713,2894,,,
2867,36810,37413,37078,27100,1608000,1800000,91,3997000,Discharging,20.9,15.7,8.6,20.1,39.8,2736,2918,,,
2870,36877,37413,36743,27200,1800000,1800000,91,3997000,Discharging,22.0,11.0,18.9,19.8,38.3,1798,1924,,,
2872,36542,37212,37078,27100,1800000,1800000,91,3998000,Discharging,21.8,11.0,4.7,14.6,56.8,2828,2968,,,
2874,36542,37346,37078,27100,1800000,1800000,91,3997000,Discharging,21.4,10.5,22.1,22.3,30.1,2682,2870,,,
2876,36743,37815,36810,27100,1800000,1800000,91,3998000,Discharging,21.2,14.2,9.5,18.6,43.0,2896,2969,,,
2878,36341,37011,37078,27100,1800000,1800000,91,3996000,Discharging,21.9,13.7,13.7,26.9,32.7,2666,2884,,,
2880,36609,37681,36877,27100,1800000,1800000,91,3996000,Discharging,20.9,14.3,15.1,20.8,33.0,2930,2968,,,
2882,36542,37547,37011,27100,1800000,1800000,91,3998000,Discharging,21.0,11.5,5.7,24.1,42.5,2528,2836,,,
2885,36408,37346,37279,27100,1800000,1800000,91,3986000,Discharging,21.7,7.7,10.9,32.1,35.8,1773,1913,,,
2887,36475,37212,36877,27100,1800000,1800000,91,4000000,Discharging,20.8,11.5,12.7,17.8,40.8,2552,2792,,,
2889,36274,37279,36609,27100,1800000,1800000,91,3999000,Discharging,21.4,10.6,8.9,36.0,29.5,2590,2782,,,
2891,36341,37480,36743,27100,1800000,1800000,91,3999000,Discharging,21.4,14.4,8.5,21.7,40.7,2732,2860,,,
2893,36609,37480,36944,27100,1800000,1800000,91,3998000,Discharging,20.9,18.1,11.3,23.2,31.5,2668,2886,,,
2895,36810,37748,37145,27100,1800000,1800000,91,3998000,Discharging,21.2,11.8,12.7,32.2,27.6,2922,3438,,,
2897,36743,37212,37011,27100,1800000,1800000,91,3998000,Discharging,21.6,9.0,13.2,23.5,39.9,2554,2820,,,
2900,36475,37413,36944,27100,1416000,1800000,91,3985000,Discharging,20.8,14.4,16.0,22.3,30.4,1835,1932,,,
2902,36341,37212,36944,27100,1800000,1800000,91,3996000,Discharging,21.5,12.7,10.2,15.7,46.8,2938,3254,,,
2904,37078,37547,37212,27100,1800000,1800000,91,3996000,Discharging,22.0,14.8,17.9,13.1,41.6,2614,2820,,,
2906,36475,37547,37078,27100,1800000,1800000,91,3996000,Discharging,20.7,10.1,21.0,25.0,26.8,2805,3226,,,
2908,36542,37614,37212,27100,1800000,1800000,91,3996000,Discharging,22.2,11.0,9.0,17.5,51.2,2594,2830,,,
2910,36877,38016,37614,27100,1800000,1800000,91,3998000,Discharging,22.0,11.8,16.6,20.5,39.7,2610,2850,,,
2913,36542,37212,37011,27100,1800000,1800000,91,4000000,Discharging,21.8,9.4,13.4,16.1,46.8,2126,2558,,,
2915,36609,37346,36877,27200,1800000,1800000,91,4001000,Discharging,21.6,9.2,15.0,15.0,46.3,2594,2864,,,
2917,36475,37346,36408,27100,1800000,1800000,91,3994000,Discharging,21.2,14.3,12.3,26.8,31.5,2652,2874,,,
2919,36542,37413,37279,27100,1800000,1800000,91,3995000,Discharging,22.1,15.6,17.1,15.7,40.3,2843,3195,,,
2921,36877,37547,37011,27100,1800000,1800000,91,3994000,Discharging,21.2,12.4,12.3,21.0,38.9,2878,2992,,,
2923,36877,36944,37212,27100,1800000,1800000,91,3994000,Discharging,22.3,12.8,15.4,20.2,40.3,2721,2902,,,
2926,36475,37681,36944,27100,1416000,1800000,91,3993000,Discharging,21.6,8.6,21.9,39.1,16.1,1951,2150,,,
2928,36810,37681,37078,27100,1800000,1800000,91,3993000,Discharging,20.8,10.6,10.9,29.3,31.5,2799,2920,,,
2930,36274,37346,37011,27100,1800000,1800000,91,3994000,Discharging,21.7,10.0,12.6,29.4,34.6,2872,3169,,,
2932,36877,37681,37145,27100,1800000,1800000,91,3994000,Discharging,21.0,15.3,8.9,36.8,23.9,3018,2972,,,
2934,36877,37413,37346,27200,1800000,1800000,91,3992000,Discharging,22.0,17.1,9.4,28.4,33.3,2750,2911,,,
2936,37145,37748,37413,27200,1800000,1800000,91,3994000,Discharging,20.9,13.7,18.8,25.8,24.4,3054,2985,,,
2938,36676,37413,37346,27200,1800000,1800000,91,3995000,Discharging,21.3,9.0,13.7,33.0,29.2,2757,2893,,,
2941,36743,37681,37078,27100,1800000,1800000,91,4000000,Discharging,20.3,15.8,16.1,33.0,16.4,1810,1943,,,
2943,36408,37480,37346,27200,1800000,1800000,91,3996000,Discharging,20.7,12.4,7.5,36.7,26.0,2808,2951,,,
2945,36408,37882,36944,27100,1800000,1800000,91,3999000,Discharging,21.1,11.0,13.2,32.7,26.9,2604,2842,,,
2947,36542,37078,36743,27200,1800000,1800000,91,3998000,Discharging,20.5,12.4,11.8,25.2,32.7,2604,2834,,,
2949,36542,37748,36877,27200,1800000,1800000,91,3996000,Discharging,21.8,14.8,20.2,28.5,22.3,2690,2886,,,
2951,36810,37279,37212,27200,1800000,1800000,91,3995000,Discharging,21.9,11.8,6.6,7.4,62.3,2550,2806,,,
2954,36274,37480,36944,27200,1800000,1800000,91,3995000,Discharging,20.8,10.1,18.5,31.1,22.9,1862,1947,,,
2956,36743,37614,36944,27100,1800000,1800000,91,3995000,Discharging,21.1,8.1,11.7,18.4,46.4,2648,2868,,,
2958,36542,37413,36944,27200,1608000,1800000,91,3994000,Discharging,21.0,8.7,15.3,33.6,25.6,2585,2861,,,
2960,36475,37212,36877,27200,1800000,1800000,91,3997000,Discharging,21.1,10.5,11.2,32.7,30.3,2660,2875,,,
2962,36408,37614,37011,27200,1800000,1800000,91,3997000,Discharging,21.3,8.1,13.6,45.3,17.8,2805,2936,,,
2964,36542,37614,36944,27200,1800000,1800000,91,3998000,Discharging,21.2,9.9,9.5,37.9,27.9,2592,2852,,,
2966,36877,37480,37145,27200,1800000,1800000,91,3996000,Discharging,21.2,11.5,16.7,36.3,20.7,2526,2829,,,
2969,36341,37480,36676,27200,1800000,1800000,91,3997000,Discharging,21.8,8.7,13.6,39.3,24.4,1716,1894,,,
2971,36743,37614,36676,27200,1800000,1800000,91,3998000,Discharging,20.7,11.5,16.5,27.2,28.0,2770,2997,,,
2973,36810,37949,37212,27200,1416000,1800000,91,3997000,Discharging,20.9,9.0,18.7,37.6,17.5,2790,2938,,,
2975,36542,37346,36877,27200,1416000,1800000,91,3998000,Discharging,21.8,11.0,17.4,43.3,15.5,2597,2796,,,
2977,36073,37145,36944,27200,1800000,1800000,91,3994000,Discharging,20.8,10.0,6.1,30.4,36.8,2595,2890,,,
2979,36609,37279,37145,27200,1800000,1800000,91,3994000,Discharging,21.6,10.0,10.8,32.6,33.5,2731,2875,,,
2981,36542,37614,37212,27200,1800000,1800000,91,3993000,Discharging,20.9,9.1,11.4,27.8,34.1,2577,2837,,,
2984,36676,37480,37011,27200,1800000,1800000,91,3992000,Discharging,20.5,15.7,24.8,24.1,18.4,1931,1974,,,
2986,36609,37480,37279,27200,1800000,1800000,91,3993000,Discharging,21.0,12.8,8.5,36.9,25.1,2746,2912,,,
2988,36542,37748,37212,27200,1800000,1800000,91,3993000,Discharging,20.7,11.0,9.4,40.6,21.7,2760,2899,,,
2990,36743,37480,37212,27200,1800000,1800000,91,3992000,Discharging,21.1,20.8,21.2,21.5,20.9,2804,2905,,,
2992,36743,37748,37212,27200,1800000,1800000,91,3993000,Discharging,20.6,9.2,11.7,31.5,29.4,2687,2868,,,
2994,36944,37614,37011,27200,1800000,1800000,91,3992000,Discharging,20.7,16.5,14.4,31.0,21.3,3061,3011,,,
2997,36609,37413,36877,27200,1800000,1800000,91,3992000,Discharging,21.6,9.5,7.5,31.0,38.7,1696,1896,,,
2999,37078,37212,36810,27200,1800000,1800000,91,3993000,Discharging,20.8,8.1,8.0,36.3,30.4,2626,2864,,,
3001,36542,37815,36944,27200,1800000,1800000,91,3994000,Discharging,21.5,18.8,12.3,40.9,14.2,2617,2818,,,
3003,36810,37614,37279,27200,1800000,1800000,91,3995000,Discharging,20.8,8.2,9.4,46.5,17.8,2606,2831,,,
3005,36073,38083,37078,27200,1800000,1800000,91,3985000,Discharging,20.3,12.3,16.9,28.0,24.9,2812,2915,,,
3007,36542,37480,37078,27200,1800000,1800000,91,3995000,Discharging,20.3,13.5,8.9,34.1,24.1,2640,2854,,,
3009,36274,37480,36810,27200,1800000,1800000,91,3995000,Discharging,21.6,13.4,8.5,28.3,35.8,2586,2833,,,
3012,36609,37748,37480,27200,1800000,1800000,91,3995000,Discharging,20.8,12.4,12.8,30.7,27.1,1758,1911,,,
3014,36408,37547,36810,27200,1800000,1800000,91,3996000,Discharging,20.8,11.1,16.5,31.3,23.6,2762,2928,,,
3016,36475,37547,36877,27200,1800000,1800000,91,3996000,Discharging,20.8,17.1,13.3,33.6,19.6,2784,2900,,,
3018,36810,37279,37413,27200,1800000,1800000,91,3996000,Discharging,21.2,8.2,12.8,33.2,30.5,2546,2834,,,
3020,37078,37882,36810,27200,1800000,1800000,91,3971000,Discharging,20.8,11.0,10.3,31.8,30.2,2707,2882,,,
3022,36676,37547,37145,27200,1800000,1800000,91,3993000,Discharging,20.9,13.7,17.5,42.0,9.5,2676,2896,,,
3024,36944,37346,37078,27200,1416000,1800000,91,3992000,Discharging,21.6,11.4,10.9,38.1,25.2,2832,2920,,,
3027,36810,37346,36877,27200,1608000,1800000,91,3993000,Discharging,20.8,8.1,15.6,24.7,34.7,1700,1899,,,
3029,36073,37413,37078,27200,1800000,1800000,91,3995000,Discharging,21.0,8.2,15.2,37.2,23.4,2678,2825,,,
3031,36810,37614,36542,27200,1800000,1800000,91,3996000,Discharging,21.4,15.7,12.7,29.6,27.6,2668,2871,,,
3033,36609,37212,36877,27200,1800000,1800000,91,3994000,Discharging,21.0,9.6,18.9,33.0,22.1,2706,2880,,,
3035,36475,37413,37346,27200,1608000,1800000,91,3980000,Discharging,20.5,11.7,7.2,34.6,27.8,2836,2921,,,
3037,36542,38083,37212,27200,1800000,1800000,91,3991000,Discharging,20.9,15.2,19.1,22.1,27.0,2800,2939,,,
3040,36877,37212,36877,27200,1800000,1800000,91,3993000,Discharging,21.7,15.1,14.2,30.1,28.2,1872,1937,,,
3042,36408,37748,37212,27200,1800000,1800000,91,3993000,Discharging,21.2,14.6,15.2,25.7,28.6,4865,7064,,,
3044,36877,37949,37279,27200,1800000,1800000,91,3968000,Discharging,21.8,18.3,11.0,33.9,22.5,7368,11396,,,
3047,37145,37681,36877,27200,1416000,1800000,91,3991000,Discharging,21.1,16.2,16.5,25.1,27.5,4212,6211,,,
3049,36743,37279,36609,27200,1800000,1800000,91,3991000,Discharging,21.1,18.1,15.2,26.8,23.9,6850,10370,,,
3051,36743,37882,37145,27200,1800000,1800000,91,3993000,Discharging,21.9,20.9,11.0,37.4,18.1,6596,10200,,,
3054,36810,37681,37078,27200,1800000,1800000,91,3994000,Discharging,21.4,6.9,13.0,29.5,35.6,3160,4688,,,
3056,37011,37145,37212,27200,1800000,1800000,91,3993000,Discharging,21.4,18.7,13.3,29.8,24.5,2972,3116,,,
3058,36475,37681,36408,27200,1800000,1800000,91,3995000,Discharging,21.0,16.9,14.0,30.1,22.3,2846,3318,,,
3060,36877,38016,37346,27200,1800000,1800000,91,3995000,Discharging,22.6,13.1,9.5,27.0,41.2,2791,3107,,,
3063,36944,37681,36944,27200,1800000,1800000,91,3991000,Discharging,21.9,10.3,15.3,15.7,45.6,1929,2182,,,
3065,37011,37279,37480,27200,1800000,1800000,91,3992000,Discharging,21.1,12.6,12.9,30.1,28.7,3085,3245,,,
3067,36877,38150,37078,27200,1800000,1800000,91,3990000,Discharging,21.5,9.9,18.4,22.5,34.7,2828,3280,,,
3069,36743,37279,37078,27200,1800000,1800000,91,3990000,Discharging,21.6,9.3,12.0,25.7,39.8,2740,3056,,,
3071,36475,37614,37279,27300,1800000,1800000,91,3972000,Discharging,22.8,16.2,11.0,27.5,35.8,2854,3212,,,
3074,36743,37681,37011,27200,1800000,1800000,91,3993000,Discharging,20.6,20.0,20.2,18.1,26.0,1959,2155,,,
3076,36542,37681,37212,27200,1800000,1800000,91,3992000,Discharging,22.4,16.0,11.1,29.1,32.3,3216,3372,,,
3078,36810,37681,37279,27300,1800000,1800000,91,3991000,Discharging,21.3,23.1,11.5,15.2,35.6,2737,3038,,,
3080,36877,38016,36676,27300,1800000,1800000,91,3992000,Discharging,21.8,9.5,19.2,28.6,29.7,2796,3064,,,
3082,36609,37681,37011,27300,1800000,1800000,91,3994000,Discharging,21.8,8.0,10.6,23.4,44.7,2876,3382,,,
3085,36743,37882,36877,27300,1800000,1800000,91,3993000,Discharging,21.2,10.3,23.2,28.1,22.6,2104,2291,,,
3087,37011,37815,36944,27300,1800000,1800000,91,3995000,Discharging,21.3,10.8,17.8,30.2,26.4,2898,3082,,,
3089,36542,37815,37480,27300,1800000,1800000,91,3992000,Discharging,21.6,12.6,18.6,16.1,39.6,3012,3309,,,
3091,36743,37547,37346,27300,1800000,1800000,91,3991000,Discharging,22.4,9.3,14.7,22.8,42.0,3231,3708,,,
3093,37011,37815,37547,27300,1800000,1800000,91,3991000,Discharging,22.1,8.8,11.0,24.7,43.2,2877,3252,,,
3096,36944,37815,37078,27300,1800000,1800000,91,3984000,Discharging,21.7,9.0,11.1,45.4,22.1,2066,2099,,,
3098,36877,37815,37547,27300,1800000,1800000,91,3991000,Discharging,21.8,11.6,13.8,31.8,29.4,3292,3345,,,
3100,36944,38083,37413,27300,1800000,1800000,91,3990000,Discharging,22.0,13.6,9.7,37.0,27.6,3074,3218,,,
3102,37011,37681,37480,27300,1800000,1800000,91,3990000,Discharging,21.7,10.3,14.4,39.2,23.1,3034,3240,,,
3104,37279,37815,37011,27300,1800000,1800000,91,3989000,Discharging,21.5,12.0,10.0,19.4,44.0,3068,3271,,,
3106,37145,37480,37145,27300,1800000,1800000,91,3986000,Discharging,21.6,16.4,10.2,37.6,21.8,3224,3280,,,
3109,36475,37815,37145,27300,1608000,1800000,91,3989000,Discharging,21.9,11.2,12.3,11.1,53.2,1987,2197,,,
3111,36810,37949,37346,27300,1800000,1800000,91,3990000,Discharging,22.2,11.3,14.1,26.7,35.6,2898,3162,,,
3113,36810,37748,36676,27300,1800000,1800000,91,3990000,Discharging,21.4,19.4,15.0,24.9,26.4,2910,3302,,,
3115,37145,37681,36877,27300,1800000,1800000,91,3992000,Discharging,22.7,11.7,15.6,30.7,32.7,2796,3081,,,
3117,36609,37882,37011,27300,1800000,1800000,91,3995000,Discharging,21.2,17.6,11.1,16.1,38.8,3058,3288,,,
3120,37145,37547,37145,27300,1800000,1800000,91,3991000,Discharging,21.9,16.7,10.7,28.9,31.2,1894,2047,,,
3122,36810,37480,37011,27300,1800000,1800000,91,3989000,Discharging,22.6,15.3,16.7,19.8,38.4,2794,3120,,,
3124,36542,37145,36944,27300,1800000,1800000,91,3990000,Discharging,22.1,18.4,11.5,20.9,37.6,2919,3286,,,
3126,37279,37748,37011,27300,1800000,1800000,91,3989000,Discharging,22.3,16.1,12.4,23.7,37.5,3061,3279,,,
3128,36944,37949,37212,27300,1800000,1800000,91,3988000,Discharging,21.3,10.3,8.8,23.5,42.7,2662,3030,,,
3131,37011,37681,37547,27300,1800000,1800000,91,3989000,Discharging,21.5,18.6,11.5,26.3,29.5,2035,2231,,,
3133,36743,37547,37078,27300,1800000,1800000,91,3993000,Discharging,21.2,22.3,13.2,12.6,36.8,3051,3194,,,
3135,36810,37346,37212,27300,1800000,1800000,91,3992000,Discharging,22.1,12.5,11.4,18.0,46.3,3034,3600,,,
3137,37011,37882,37346,27300,1800000,1800000,91,3992000,Discharging,21.7,11.2,7.0,17.5,50.2,2910,3078,,,
3139,37078,37748,36944,27300,1800000,1800000,91,3992000,Discharging,21.0,10.6,10.7,25.9,37.1,2616,2885,,,
3141,36743,37882,37212,27300,1416000,1800000,91,3992000,Discharging,21.3,10.4,19.6,20.8,34.1,2722,2908,,,
3144,36475,37815,37145,27300,1800000,1800000,91,3993000,Discharging,20.8,14.8,10.8,24.3,33.0,1809,1926,,,
3146,37011,38016,37346,27300,1800000,1800000,90,3993000,Discharging,22.1,14.4,9.0,27.1,37.4,2958,3267,,,
3148,36877,37681,37279,27300,1800000,1800000,90,3987000,Discharging,20.2,10.4,16.0,23.8,30.4,2880,3007,,,
3150,36810,37681,36944,27300,1800000,1800000,90,3985000,Discharging,21.3,10.0,10.4,22.5,41.4,2696,2917,,,
3152,36944,37145,37078,27300,1800000,1800000,90,3988000,Discharging,20.8,10.0,12.5,23.0,38.7,2806,2934,,,
3154,36542,38083,37413,27300,1800000,1800000,90,3986000,Discharging,21.0,15.6,9.9,21.8,36.3,2657,2886,,,
3157,36944,37480,37413,27300,1800000,1800000,90,3987000,Discharging,21.3,9.0,14.7,29.9,31.6,1824,1931,,,
3159,36609,37681,37480,27300,1800000,1800000,90,3985000,Discharging,20.8,12.4,7.1,14.7,48.1,3005,3012,,,
3161,36676,37413,37346,27300,1800000,1800000,90,3987000,Discharging,21.2,11.0,19.8,18.0,36.0,2880,2954,,,
3163,36609,37614,37212,27300,1800000,1800000,90,3988000,Discharging,20.6,9.1,17.2,15.6,40.2,2749,2937,,,
3165,36810,37547,36810,27300,1800000,1800000,90,3988000,Discharging,20.9,14.2,10.8,44.1,14.5,2708,2880,,,
3167,37011,38150,37480,27300,1800000,1800000,90,3987000,Discharging,21.3,11.1,14.8,27.8,30.4,2802,2940,,,
3169,36810,37882,37212,27300,1800000,1800000,90,3986000,Discharging,21.1,14.6,18.5,21.5,30.8,2672,2906,,,
3172,36274,37748,36944,27300,1800000,1800000,90,3992000,Discharging,22.0,15.2,12.6,31.2,28.3,1771,1909,,,
3174,36743,37413,36877,27300,1800000,1800000,90,3990000,Discharging,21.1,9.0,8.6,24.5,42.1,2591,2824,,,
3176,36542,37681,36944,27300,1800000,1800000,90,3991000,Discharging,21.1,12.3,14.1,27.5,31.0,2636,2846,,,
3178,36274,37212,37011,27300,1800000,1800000,90,3991000,Discharging,20.6,11.0,7.5,21.1,42.9,2720,2917,,,
3180,36676,37279,36877,27400,1800000,1800000,90,3988000,Discharging,21.1,21.3,21.1,19.8,21.9,2591,2801,,,
3182,36743,37614,37145,27300,1800000,1800000,90,3988000,Discharging,21.5,16.0,22.3,25.5,22.3,2804,2936,,,
3184,36877,37681,37078,27300,1800000,1800000,90,3987000,Discharging,21.8,10.4,19.0,13.2,44.9,2638,2835,,,
3187,36609,37882,37212,27300,1800000,1800000,90,3987000,Discharging,22.0,16.1,13.0,20.3,37.3,1809,1923,,,
3189,36475,37614,36877,27300,1800000,1800000,90,3988000,Discharging,21.0,19.5,13.2,23.0,28.8,2755,2899,,,
3191,36877,37815,37212,27400,1800000,1800000,90,3990000,Discharging,21.3,11.4,13.4,20.1,40.7,2778,3047,,,
3193,37413,38016,36944,27300,1800000,1800000,90,3989000,Discharging,20.7,15.0,13.8,24.8,29.6,2622,2856,,,
3195,37078,37480,37145,27400,1800000,1800000,90,3990000,Discharging,21.2,11.0,19.2,20.8,32.9,2636,2919,,,
3197,36542,37681,37279,27300,1800000,1800000,90,3989000,Discharging,21.5,10.5,19.3,19.5,36.0,2626,2832,,,
3200,36676,37480,37078,27300,1800000,1800000,90,3987000,Discharging,20.5,11.6,15.7,24.5,29.9,1927,1972,,,
3202,37212,38083,36944,27300,1800000,1800000,90,3991000,Discharging,21.2,11.5,8.5,37.2,26.5,2615,2854,,,
3204,36676,37748,36810,27300,1800000,1800000,90,3991000,Discharging,22.1,10.8,10.7,34.4,33.3,2546,2826,,,
3206,36676,37882,37279,27400,1800000,1800000,90,3988000,Discharging,21.3,23.6,16.4,18.8,25.7,2606,2815,,,
3208,36810,37748,37346,27400,1800000,1800000,90,3986000,Discharging,21.1,11.0,13.1,20.1,40.7,2885,2948,,,
3210,36743,37681,36944,27400,1800000,1800000,90,3985000,Discharging,21.9,9.9,17.1,24.5,35.6,2666,2890,,,
3212,37011,37681,37748,27400,1800000,1800000,90,3987000,Discharging,21.7,12.8,11.8,20.5,42.1,2630,2890,,,
3215,36676,37614,37346,27400,1800000,1800000,90,3985000,Discharging,21.6,13.7,19.7,13.3,39.3,1740,1904,,,
3217,36944,37748,37748,27400,1800000,1800000,90,3986000,Discharging,21.8,11.1,15.2,24.8,35.5,2695,2888,,,
3219,37145,37748,37480,27400,1800000,1800000,90,3984000,Discharging,21.5,21.9,16.8,17.4,29.0,2934,2952,,,
3221,37346,37681,37346,27400,1608000,1800000,90,3976000,Discharging,21.9,12.5,12.6,28.8,33.5,2720,2897,,,
3223,36877,37614,37212,27400,1800000,1800000,90,3986000,Discharging,21.9,9.9,8.1,45.1,24.3,2610,2894,,,
3225,36810,38083,37145,27400,1800000,1800000,90,3986000,Discharging,21.3,21.2,16.7,26.4,21.3,2988,2951,,,
3228,37145,37815,37279,27400,1800000,1800000,90,3987000,Discharging,22.4,11.4,17.2,30.3,30.2,1805,1915,,,
3230,36877,37949,36944,27400,1800000,1800000,90,3985000,Discharging,20.9,12.9,14.1,29.3,27.8,3074,3042,,,
3232,36877,37815,37011,27400,1800000,1800000,90,3989000,Discharging,20.8,9.1,11.8,33.3,28.3,2637,2840,,,
3234,36743,37480,37346,27400,1800000,1800000,90,3988000,Discharging,21.0,11.0,12.1,22.3,38.8,2569,2810,,,
3236,36810,37547,37279,27400,1800000,1800000,90,3979000,Discharging,21.7,10.1,15.6,31.3,29.9,2502,2755,,,
3238,36743,38150,37011,27400,1800000,1800000,90,3990000,Discharging,21.3,13.9,9.8,28.0,32.2,2544,2793,,,
3240,36542,37279,37078,27400,1800000,1800000,90,3987000,Discharging,21.0,15.6,9.4,29.9,29.4,2776,2882,,,
3243,36944,37882,37681,27400,1200000,1800000,90,3985000,Discharging,20.8,10.4,10.2,40.4,22.6,1795,1930,,,
3245,36676,37547,36676,27400,1800000,1800000,90,3985000,Discharging,20.7,11.8,12.9,24.7,33.0,2720,2897,,,
3247,36274,37882,37145,27400,1800000,1800000,90,3986000,Discharging,20.7,13.9,12.1,26.8,30.5,2674,2868,,,
3249,36676,37480,37145,27400,1800000,1800000,90,3986000,Discharging,20.9,8.2,14.6,43.2,16.9,2736,2908,,,
3251,36877,37748,37212,27400,1800000,1800000,90,3978000,Discharging,21.7,10.0,21.5,37.3,18.0,2652,2880,,,
3253,37145,37279,37748,27400,1800000,1800000,90,3988000,Discharging,20.4,15.8,12.4,28.3,24.3,2714,2897,,,
3255,36676,37480,36810,27400,1800000,1800000,90,3988000,Discharging,21.0,17.1,14.7,31.9,19.8,2716,2866,,,
3258,36475,37882,37145,27400,1800000,1800000,90,3988000,Discharging,21.2,11.9,11.7,40.3,20.7,1776,1910,,,
3260,37078,37413,37279,27400,1800000,1800000,90,3990000,Discharging,20.8,15.9,10.5,35.2,22.4,2814,2896,,,
3262,36676,37614,37011,27400,1008000,1800000,90,3983000,Discharging,21.0,15.1,18.1,29.3,21.9,2875,2944,,,
3264,37011,37614,37145,27400,1800000,1800000,90,3989000,Discharging,20.9,14.3,19.2,27.4,22.3,2868,2948,,,
3266,36810,37815,36944,27400,1800000,1800000,90,3954000,Discharging,20.5,11.5,15.6,34.0,20.2,2783,2846,,,
3268,36810,37882,37413,27400,1608000,1800000,90,3984000,Discharging,21.6,11.8,7.9,37.4,29.2,3178,3050,,,
3271,36877,37346,37011,27400,1800000,1800000,90,3985000,Discharging,22.4,10.9,23.6,32.9,22.0,2043,2014,,,
3273,36877,37480,37145,27400,1800000,1800000,90,3984000,Discharging,22.2,14.2,13.6,26.5,36.5,2822,2925,,,
3275,37346,37212,37614,27400,1800000,1800000,90,3984000,Discharging,21.6,20.4,13.1,31.3,20.9,3222,3091,,,
3277,37212,37815,37614,27400,1800000,1800000,90,3983000,Discharging,21.8,8.6,15.4,37.6,25.6,3108,3042,,,
3279,37078,37882,37346,27400,1800000,1800000,90,3984000,Discharging,21.2,10.4,12.4,34.7,27.5,2958,2964,,,
3281,37011,37882,37346,27400,1800000,1800000,90,3964000,Discharging,21.1,10.1,19.7,38.6,16.1,3398,3128,,,
3283,37212,38150,38083,27400,1800000,1800000,90,3984000,Discharging,21.0,21.0,12.7,24.4,25.6,3349,3093,,,
3286,36743,37681,37346,27400,1800000,1800000,90,3984000,Discharging,21.8,18.0,13.1,32.1,23.9,2033,2000,,,
3288,36408,37681,37480,27400,1800000,1800000,90,3986000,Discharging,21.4,13.8,16.4,42.9,12.3,2800,2890,,,
3290,36743,38016,37078,27400,1800000,1800000,90,3986000,Discharging,21.9,11.1,8.5,19.4,48.6,2748,2878,,,
3292,36877,37614,37078,27400,1800000,1800000,90,3986000,Discharging,20.6,13.0,10.0,27.5,32.2,2550,2842,,,
3294,36609,37815,37212,27400,1800000,1800000,90,3988000,Discharging,21.3,10.9,10.0,22.9,41.1,2548,2820,,,
3296,37078,37480,36877,27400,1800000,1800000,90,3988000,Discharging,21.3,24.6,21.8,23.2,15.4,2574,2821,,,
3298,37145,38083,37145,27400,1800000,1800000,90,3985000,Discharging,20.6,14.1,13.7,14.0,40.4,2586,2818,,,
3301,36676,37547,37011,27400,1800000,1800000,90,3986000,Discharging,21.2,13.3,16.4,30.0,24.9,1888,1943,,,
3303,36877,37279,37212,27400,1800000,1800000,90,3986000,Discharging,21.2,22.3,19.2,18.6,24.2,2719,2881,,,
3305,36810,37480,37011,27400,1800000,1800000,90,3985000,Discharging,21.3,16.1,8.5,31.5,29.1,2604,2850,,,
3307,36810,37480,36877,27400,1800000,1800000,90,3984000,Discharging,21.9,17.1,17.1,22.6,31.9,2632,2862,,,
3309,36944,38217,36877,27400,1800000,1800000,90,3984000,Discharging,21.9,14.6,7.5,36.3,28.6,2544,2832,,,
3311,37011,37547,37346,27400,1800000,1800000,90,3986000,Discharging,21.4,8.6,8.0,21.0,46.9,2700,2888,,,
3314,36810,37748,37279,27400,1416000,1800000,90,3985000,Discharging,21.6,11.0,17.1,40.7,17.6,1807,1926,,,
3316,36542,37949,37145,27400,1800000,1800000,90,3986000,Discharging,21.8,12.8,7.1,31.0,35.8,2660,2834,,,
3318,37078,37748,37078,27400,1608000,1800000,90,3986000,Discharging,21.6,8.1,12.4,41.7,23.5,2634,2868,,,
3320,37078,37547,36810,27400,1800000,1800000,90,3984000,Discharging,20.8,13.4,14.2,31.6,23.8,2646,2880,,,
3322,36341,37614,36944,27400,1800000,1800000,90,3988000,Discharging,21.7,9.6,6.7,42.1,28.1,2683,2886,,,
3324,36743,37614,37078,27400,1800000,1800000,90,3981000,Discharging,20.7,10.8,13.7,34.4,24.5,2726,2907,,,
3326,36877,37882,37279,27400,1800000,1800000,90,3983000,Discharging,21.6,8.1,20.4,24.5,32.1,2734,2914,,,
3329,36877,38016,37346,27400,1800000,1800000,90,3982000,Discharging,21.8,8.1,13.2,46.7,18.7,1767,1939,,,
3331,36676,37748,36877,27400,1800000,1800000,90,3982000,Discharging,21.4,7.2,17.1,29.0,33.0,2763,2944,,,
3333,37078,37480,37212,27400,1800000,1800000,90,3981000,Discharging,21.8,17.9,12.7,30.8,24.8,2834,2926,,,
3335,36810,37882,37078,27400,1800000,1800000,90,3979000,Discharging,20.3,10.0,15.4,29.9,25.8,2850,2940,,,
3337,36609,37346,37346,27400,1800000,1800000,90,3985000,Discharging,20.8,9.0,15.1,38.6,20.7,2654,2853,,,
3339,36676,37681,37279,27400,1800000,1800000,90,3984000,Discharging,20.4,8.7,16.7,30.5,25.1,2582,2841,,,
3341,36609,37882,37279,27500,1800000,1800000,90,3986000,Discharging,20.9,14.2,15.9,37.2,15.7,2774,2890,,,
3344,36944,37547,37413,27500,1800000,1800000,90,3985000,Discharging,21.5,14.9,18.4,42.3,10.4,1723,1907,,,
3346,36743,37547,37078,27500,1800000,1800000,90,3983000,Discharging,21.8,11.0,15.0,25.0,36.2,2560,2785,,,
3348,36676,37748,37078,27500,1800000,1800000,90,3983000,Discharging,21.4,15.2,8.1,31.6,30.8,2718,2894,,,
3350,37011,38083,36944,27500,1800000,1800000,90,3983000,Discharging,20.8,6.2,16.4,23.7,36.5,2592,2842,,,
3352,37011,37815,37346,27500,1800000,1800000,90,3983000,Discharging,21.5,13.8,9.0,34.1,28.7,2962,2973,,,
3354,36743,37748,37346,27500,1800000,1800000,90,3983000,Discharging,20.7,7.2,10.4,36.2,29.0,2558,2870,,,
3357,36810,37681,36475,27500,1800000,1800000,90,3984000,Discharging,21.3,11.3,11.8,26.0,36.0,1712,1895,,,
3359,36609,37681,37279,27500,1800000,1800000,90,3984000,Discharging,22.4,9.5,9.3,37.6,32.7,2570,2802,,,
3361,36676,37681,37078,27500,1608000,1800000,90,3983000,Discharging,21.1,16.1,12.6,37.0,18.1,2708,2912,,,
3363,37078,37748,37413,27500,1800000,1800000,90,3983000,Discharging,21.3,13.2,19.1,32.3,22.0,2858,2959,,,
3365,37078,37748,37547,27500,1800000,1800000,90,3986000,Discharging,20.9,10.9,11.7,25.5,35.2,2651,2878,,,
3367,36810,37614,36743,27500,1800000,1800000,90,3986000,Discharging,21.6,10.0,9.5,25.0,41.0,2660,2918,,,
3369,36542,37212,36877,27500,1800000,1800000,90,3986000,Discharging,21.4,11.4,17.8,24.4,32.2,2516,2825,,,
3372,36743,37614,37145,27500,1416000,1800000,90,3988000,Discharging,21.3,16.9,14.6,28.4,23.9,1654,1846,,,
3374,37011,37748,37346,27500,1800000,1800000,90,3970000,Discharging,21.7,11.1,8.0,40.0,27.8,2948,3038,,,
3376,36408,37949,37011,27500,1800000,1800000,90,3983000,Discharging,21.4,7.6,10.4,42.8,23.9,2786,2920,,,
3378,37212,38150,37145,27500,1800000,1800000,90,3982000,Discharging,21.4,9.6,11.4,42.0,22.2,2671,2883,,,
3380,37078,37949,37279,27500,1800000,1800000,90,3981000,Discharging,20.6,12.9,12.7,33.0,23.3,2817,2961,,,
3382,36609,37547,37212,27500,1800000,1800000,90,3982000,Discharging,21.3,10.5,14.2,29.0,32.2,2919,2960,,,
3384,36877,37949,37346,27500,1800000,1800000,90,3981000,Discharging,21.1,13.3,21.7,25.9,23.1,2814,2892,,,
3387,36609,37413,37145,27500,1800000,1800000,90,3982000,Discharging,21.4,12.4,15.1,34.4,22.6,1806,1921,,,
3389,37011,38217,37346,27500,1800000,1800000,90,3959000,Discharging,21.4,8.1,14.5,48.6,14.6,2868,2934,,,
3391,37011,37748,37279,27500,1800000,1800000,90,3983000,Discharging,20.8,9.5,14.6,41.3,17.5,2738,2894,,,
3393,36877,37882,37547,27500,1800000,1800000,90,3981000,Discharging,21.3,12.4,9.4,37.4,25.5,2778,2916,,,
3395,37011,37949,37681,27500,1800000,1800000,90,3983000,Discharging,20.9,11.4,14.2,40.7,17.0,3076,2854,,,
3397,36743,37815,37011,27500,1800000,1800000,90,3985000,Discharging,21.0,14.9,16.7,29.1,22.7,2510,2786,,,
3400,36609,37815,36609,27500,1800000,1800000,90,3984000,Discharging,21.3,15.6,9.9,22.6,37.6,1682,1846,,,
3402,36877,37748,37145,27500,1800000,1800000,90,3982000,Discharging,21.2,9.6,6.2,16.3,51.9,2486,2820,,,
3404,36810,37614,37547,27500,1608000,1800000,90,3969000,Discharging,20.9,9.1,12.3,29.6,32.1,2832,2950,,,
3406,36810,38150,37681,27500,1800000,1800000,90,3983000,Discharging,20.8,10.0,13.7,23.9,35.2,2614,2874,,,
3408,36877,37949,37279,27500,1800000,1800000,90,3982000,Discharging,22.6,8.1,7.5,10.0,64.0,2530,2831,,,
3410,36743,37614,37145,27500,1800000,1800000,90,3983000,Discharging,21.8,10.0,14.4,16.7,45.1,2544,2837,,,
3412,36944,37681,37145,27500,1800000,1800000,90,3983000,Discharging,20.5,12.4,9.0,30.0,30.5,2612,2866,,,
3415,36743,37078,37480,27500,1800000,1800000,90,3983000,Discharging,22.4,9.6,10.3,16.1,53.5,1818,1915,,,
3417,36877,37614,37212,27500,1800000,1800000,90,3983000,Discharging,20.4,10.7,10.3,31.8,28.2,2593,2834,,,
3419,36743,37815,37212,27500,1800000,1800000,90,3961000,Discharging,21.6,6.8,12.7,37.4,29.5,2564,2848,,,
3421,36609,37681,37346,27500,1800000,1800000,90,3983000,Discharging,21.2,9.0,8.9,29.1,37.4,2604,2867,,,
3423,37145,37949,37212,27500,1800000,1800000,90,3982000,Discharging,21.4,11.5,10.0,39.4,23.9,2853,2942,,,
3425,36877,37748,37212,27500,1800000,1800000,90,3984000,Discharging,20.4,14.4,14.7,31.6,20.7,2560,2823,,,
3427,36676,38083,37212,27500,1800000,1800000,90,3978000,Discharging,21.4,7.6,13.7,43.0,21.4,2666,2866,,,
3430,36877,38351,36944,27500,1800000,1800000,90,3979000,Discharging,22.1,9.1,13.5,43.3,22.1,1815,1935,,,
3432,36676,37614,37078,27500,1800000,1800000,90,3979000,Discharging,21.6,9.1,13.5,39.3,24.3,2730,2892,,,
3434,37614,37949,37547,27500,1800000,1800000,90,3978000,Discharging,21.3,9.5,18.3,28.8,28.0,3042,3000,,,
3436,36944,38016,37681,27500,1800000,1800000,90,3978000,Discharging,20.9,8.1,9.0,37.9,29.8,2714,2918,,,
3438,37279,37681,37413,27500,1800000,1800000,90,3979000,Discharging,21.7,10.6,14.6,24.5,36.2,2742,2894,,,
3440,37413,38083,37547,27500,1608000,1800000,90,3979000,Discharging,21.2,11.5,12.9,40.4,20.3,2968,2984,,,
3443,37145,38150,37547,27500,1800000,1800000,90,3978000,Discharging,21.3,16.9,14.4,30.7,22.5,1904,1963,,,
3445,37145,37882,37413,27500,1800000,1800000,90,3978000,Discharging,20.8,16.2,19.6,24.2,23.0,3173,3055,,,
3447,36609,37614,37547,27500,1800000,1800000,90,3979000,Discharging,21.1,15.9,12.1,23.4,32.7,2730,2880,,,
3449,36676,37614,37480,27500,1800000,1800000,90,3978000,Discharging,21.3,11.9,15.2,30.1,27.4,2714,2862,,,
3451,36877,38150,37614,27500,1800000,1800000,90,3981000,Discharging,21.9,12.3,8.1,24.6,41.9,2584,2838,,,
3453,36743,38083,37547,27500,1800000,1800000,90,3980000,Discharging,22.6,6.8,9.0,24.3,50.2,2631,2858,,,
3455,36810,37815,37346,27500,1800000,1800000,90,3984000,Discharging,20.5,20.8,12.7,16.8,31.0,2889,2915,,,
3458,36810,37614,37212,27500,1800000,1800000,90,3983000,Discharging,20.8,7.7,11.6,44.5,19.6,1706,1884,,,
3460,36609,37882,37212,27500,1800000,1800000,90,3981000,Discharging,20.7,11.5,16.6,9.9,44.8,2605,2832,,,
3462,36743,37815,37346,27500,1800000,1800000,90,3981000,Discharging,21.2,10.4,11.6,14.2,49.5,2626,2854,,,
3464,36810,37949,37078,27500,1800000,1800000,90,3981000,Discharging,21.8,14.7,13.3,37.2,21.3,2770,2903,,,
3466,36609,37748,37212,27600,1800000,1800000,90,3979000,Discharging,21.8,10.4,5.2,22.6,48.8,2630,2832,,,
3468,36743,37681,37413,27500,1800000,1800000,90,3980000,Discharging,22.2,11.8,8.4,23.0,44.9,2724,2911,,,
3470,36676,37614,37212,27500,1800000,1800000,90,3979000,Discharging,21.2,10.4,6.6,29.2,38.5,2650,2860,,,
3473,37011,37882,37212,27500,1800000,1800000,90,3979000,Discharging,20.9,8.6,16.7,17.9,41.4,1694,1895,,,
3475,37011,37681,37681,27600,1800000,1800000,90,3977000,Discharging,21.4,13.2,21.7,24.8,25.7,2800,2930,,,
3477,36609,37882,37413,27600,1800000,1800000,90,3978000,Discharging,21.0,9.1,8.5,23.9,41.8,2595,2864,,,
3479,36810,37681,37145,27500,1608000,1800000,90,3981000,Discharging,21.8,12.6,4.3,29.2,41.7,2611,2846,,,
3481,36475,37614,37145,27600,1800000,1800000,90,3982000,Discharging,21.4,10.8,9.8,24.1,40.6,2656,2890,,,
3483,36944,37547,37279,27500,1800000,1800000,90,3978000,Discharging,21.9,16.0,18.1,21.8,31.9,2662,2860,,,
3486,36877,37614,37279,27500,1800000,1800000,90,3978000,Discharging,20.4,16.4,12.3,24.6,27.8,1818,1930,,,
3488,37011,38016,37212,27500,1608000,1800000,90,3977000,Discharging,21.2,12.3,15.9,35.4,21.0,2671,2892,,,
3490,37078,37681,37145,27500,1800000,1800000,90,3978000,Discharging,21.0,14.2,9.0,21.4,38.8,2863,2946,,,
3492,36877,37748,37279,27500,1800000,1800000,90,3977000,Discharging,21.8,15.2,9.3,10.8,51.6,2567,2818,,,
3494,36944,37949,37212,27600,1800000,1800000,90,3976000,Discharging,21.7,10.0,7.1,8.9,60.5,2565,2836,,,
3496,36408,37614,37078,27600,1800000,1800000,90,3976000,Discharging,20.6,12.1,13.9,23.9,31.5,2911,2964,,,
3498,36609,37547,37614,27600,1800000,1800000,90,3977000,Discharging,21.6,11.8,12.3,15.5,47.4,2685,2884,,,
3501,36743,37614,37346,27500,1800000,1800000,90,3976000,Discharging,21.3,13.5,14.1,11.3,45.8,1728,1902,,,
3503,37011,37681,36676,27600,1800000,1800000,90,3976000,Discharging,21.2,15.5,11.7,22.4,35.7,2614,2853,,,
3505,37078,38284,37212,27500,1800000,1800000,90,3976000,Discharging,22.2,10.5,9.9,15.0,51.9,2794,2938,,,
3507,37212,38284,37748,27600,1800000,1800000,90,3976000,Discharging,20.9,10.4,9.4,28.3,36.3,2646,2876,,,
3509,36743,38083,37145,27600,1416000,1800000,90,3977000,Discharging,21.5,11.8,14.6,31.6,28.3,2632,2835,,,
3511,36475,37547,37011,27600,1800000,1800000,90,3976000,Discharging,21.4,10.9,12.7,25.4,35.5,2672,2879,,,
3513,36743,38083,37279,27600,1800000,1800000,90,3978000,Discharging,22.4,8.2,7.1,13.4,59.8,2624,2839,,,
3516,36609,37614,37145,27500,1800000,1800000,90,3982000,Discharging,20.6,11.9,16.4,31.1,23.7,1822,1929,,,
3518,36877,37614,37279,27500,1800000,1800000,90,3980000,Discharging,21.6,15.3,9.4,41.4,19.1,2550,2799,,,
3520,37078,37815,37614,27600,1800000,1800000,90,3980000,Discharging,21.0,8.7,11.8,30.8,32.6,2642,2868,,,
3522,36944,38083,37346,27500,1800000,1800000,90,3980000,Discharging,21.4,13.6,12.2,25.7,35.4,2745,2880,,,
3524,37011,37882,37011,27500,1800000,1800000,90,3979000,Discharging,21.2,18.4,16.0,17.1,32.2,2713,2875,,,
3526,36810,37681,37815,27600,1800000,1800000,90,3960000,Discharging,20.9,11.0,15.5,25.9,31.3,2798,2920,,,
3529,37078,37882,37212,27500,1800000,1800000,90,3977000,Discharging,21.1,8.2,17.9,19.9,38.5,1705,1896,,,
3531,36676,37614,37547,27600,1416000,1800000,90,3979000,Discharging,21.5,9.0,7.1,19.7,49.3,2627,2854,,,
3533,37078,37815,37212,27600,1800000,1800000,90,3977000,Discharging,20.8,8.2,8.4,20.6,46.0,2605,2883,,,
3535,36877,37480,37614,27500,1800000,1800000,90,3978000,Discharging,22.4,9.5,6.1,18.4,55.3,2554,2816,,,
3537,36944,37547,37279,27600,1800000,1800000,90,3978000,Discharging,20.8,14.4,10.0,28.8,29.9,2774,2922,,,
3539,37145,37748,37011,27600,1416000,1800000,90,3980000,Discharging,21.6,17.0,18.5,31.3,19.4,2638,2876,,,
3541,36475,37681,36877,27600,1800000,1800000,90,3958000,Discharging,20.9,15.2,14.4,11.4,41.7,2592,2861,,,
3544,37078,37748,37346,27500,1800000,1800000,90,3980000,Discharging,20.3,8.7,12.1,14.0,47.1,1696,1877,,,
3546,37078,37748,37078,27600,1800000,1800000,90,3976000,Discharging,20.5,20.3,13.1,17.8,31.5,2864,2927,,,
3548,36810,38016,37614,27600,1800000,1800000,90,3975000,Discharging,20.8,16.3,14.0,22.5,30.6,2992,2996,,,
3550,36743,37614,37480,27600,1800000,1800000,90,3975000,Discharging,21.6,19.4,17.1,15.6,33.0,2838,2920,,,
3552,36877,38083,37413,27600,1800000,1800000,90,3975000,Discharging,20.7,15.0,7.5,26.3,34.0,2740,2920,,,
3554,37145,37815,37279,27600,1800000,1800000,89,3975000,Discharging,22.4,19.9,14.6,32.9,21.1,3242,3372,,,
3556,36877,38016,37614,27600,1800000,1800000,89,3956000,Discharging,21.3,10.5,8.1,12.6,54.7,2872,2965,,,
3559,37011,37882,37413,27600,1800000,1800000,89,3975000,Discharging,21.4,15.3,15.0,23.8,31.1,1751,1911,,,
3561,37011,38016,37279,27600,1800000,1800000,89,3976000,Discharging,21.9,14.3,16.7,17.8,39.6,2666,2886,,,
3563,37145,38083,37145,27600,1800000,1800000,89,3976000,Discharging,21.3,10.5,18.9,23.1,32.4,2580,2884,,,
3565,36810,37681,36944,27600,1800000,1800000,89,3975000,Discharging,21.4,12.4,16.0,28.5,28.8,2774,2936,,,
3567,36877,37882,37413,27600,1800000,1800000,89,3974000,Discharging,21.8,9.4,11.4,23.0,42.5,2706,2940,,,
3569,37212,37413,37279,27600,1800000,1800000,89,3979000,Discharging,21.0,17.7,11.7,10.0,45.5,2675,2866,,,
3572,37145,37882,37480,27600,1800000,1800000,89,3954000,Discharging,22.4,11.8,8.5,19.2,49.3,1703,1881,,,
3574,37078,38150,37480,27600,1800000,1800000,89,3981000,Discharging,21.0,12.4,11.7,24.8,35.0,2606,2814,,,
3576,36877,38083,37078,27600,1800000,1800000,89,3979000,Discharging,21.1,9.1,13.6,22.0,39.2,2630,2840,,,
3578,36743,37480,37212,27600,1800000,1800000,89,3976000,Discharging,21.2,12.7,9.8,20.8,41.4,2756,2899,,,
3580,36676,37748,36609,27600,1800000,1800000,89,3974000,Discharging,21.8,16.0,15.0,21.5,34.6,2566,2831,,,
3582,36609,37681,37212,27600,1608000,1800000,89,3976000,Discharging,21.4,9.4,15.5,13.3,47.0,2496,2802,,,
3584,36810,37547,37346,27600,1800000,1800000,89,3976000,Discharging,22.2,9.5,13.1,38.6,27.2,2591,2856,,,
3587,37078,37681,37480,27600,1800000,1800000,89,3958000,Discharging,21.1,12.3,20.8,28.0,23.5,1722,1886,,,
3589,36743,37882,37815,27600,1800000,1800000,89,3977000,Discharging,20.8,12.4,13.2,15.5,42.0,2826,2932,,,
3591,36877,37815,37078,27600,1800000,1800000,89,3978000,Discharging,21.0,10.6,10.4,25.6,36.5,2679,2896,,,
3593,37078,37748,37346,27600,1800000,1800000,89,3977000,Discharging,21.5,20.1,7.0,22.4,36.8,2534,2801,,,
3595,36743,37279,37212,27600,1800000,1800000,89,3977000,Discharging,21.8,12.4,8.1,41.5,24.9,2654,2822,,,
3597,36810,37882,37413,27600,1800000,1800000,89,3980000,Discharging,20.8,15.6,16.9,26.3,24.9,2842,2908,,,
3599,37614,38016,37681,27600,1800000,1800000,89,3979000,Discharging,21.5,11.5,13.0,21.2,39.8,2695,2892,,,
3602,36408,37815,37614,27600,1800000,1800000,89,3980000,Discharging,21.1,9.1,6.2,27.7,41.3,1763,1954,,,
3604,37145,37949,37078,27600,1800000,1800000,89,3974000,Discharging,20.4,12.6,9.6,28.0,31.1,2548,2801,,,
3606,36944,37547,37279,27600,1800000,1800000,89,3970000,Discharging,22.5,9.9,11.7,26.3,41.6,2630,2882,,,
3608,36743,37815,37681,27600,1800000,1800000,89,3974000,Discharging,21.4,9.4,6.2,10.8,58.7,2739,2956,,,
3610,37212,37949,37480,27600,1800000,1800000,89,3974000,Discharging,21.4,12.9,15.4,32.2,25.8,2854,2957,,,
3612,36810,37748,37413,27600,1800000,1800000,89,3974000,Discharging,21.5,9.5,4.7,20.4,50.5,2642,2910,,,
3615,37346,38016,37614,27600,1800000,1800000,89,3973000,Discharging,21.6,13.6,11.3,18.2,43.4,1827,1932,,,
3617,37279,37748,37480,27600,1800000,1800000,89,3974000,Discharging,21.0,13.9,11.8,30.7,27.1,2761,2920,,,
3619,37413,38150,37748,27700,1800000,1800000,89,3974000,Discharging,21.6,16.2,7.5,24.4,39.4,2838,2971,,,
3621,37145,37949,37681,27600,1800000,1800000,89,3975000,Discharging,22.4,14.2,8.4,9.9,56.5,2660,2908,,,
3623,37145,37748,37614,27600,1800000,1800000,89,3974000,Discharging,21.6,9.5,9.0,32.4,35.7,2632,2858,,,
3625,36676,38083,37078,27600,1800000,1800000,89,3974000,Discharging,21.8,9.6,9.5,25.4,41.6,2700,2904,,,
3627,37078,37480,37413,27600,1800000,1800000,89,3975000,Discharging,21.7,13.7,9.9,20.8,42.7,2638,2886,,,
3630,36944,37949,37815,27600,1608000,1800000,89,3976000,Discharging,21.1,10.5,14.7,24.3,34.7,1797,1923,,,
3632,37346,38150,36944,27600,1800000,1800000,89,3975000,Discharging,20.7,19.4,15.5,25.6,22.1,2742,2916,,,
3634,37078,37949,37748,27600,1800000,1800000,89,3962000,Discharging,20.4,14.8,15.1,23.2,27.8,2564,2800,,,
3636,37279,37949,37212,27600,1800000,1800000,89,3976000,Discharging,21.7,10.0,11.7,26.4,39.0,2588,2814,,,
3638,37011,37949,37346,27600,1608000,1800000,89,3973000,Discharging,20.9,15.8,14.5,23.6,30.1,2860,2934,,,
3640,36944,38083,36877,27600,1800000,1800000,89,3975000,Discharging,21.4,17.2,8.1,13.1,46.9,2716,2870,,,
3642,36810,37748,37346,27600,1800000,1800000,89,3973000,Discharging,21.5,6.3,12.2,34.9,30.8,2574,2857,,,
3645,37011,37949,37547,27600,1800000,1800000,89,3973000,Discharging,21.5,10.1,8.9,33.2,33.6,1736,1908,,,
3647,36877,37614,37346,27600,1800000,1800000,89,3974000,Discharging,22.2,12.3,6.1,15.2,55.4,2589,2800,,,
3649,37078,37681,37413,27600,1800000,1800000,89,3956000,Discharging,20.7,9.6,16.0,19.8,36.6,2834,2917,,,
3651,37078,38083,37480,27600,1800000,1800000,89,3976000,Discharging,21.3,11.4,14.2,36.3,23.6,2681,2871,,,
3653,36877,37614,37413,27600,1800000,1800000,89,3977000,Discharging,20.5,13.9,10.0,19.9,38.4,2572,2822,,,
3655,37346,38016,37145,27600,1800000,1800000,89,3977000,Discharging,22.0,10.4,12.6,10.7,54.2,2605,2874,,,
3658,36810,37748,37279,27600,1800000,1800000,89,3977000,Discharging,21.2,12.9,14.1,8.5,48.1,1720,1892,,,
3660,36810,38150,37681,27600,1800000,1800000,89,3977000,Discharging,21.5,13.1,6.1,29.3,36.8,2866,2967,,,
