# fw=nextui-auto workload=thps2 start=2026-09-13 20:10:00 soak=99C prelaunch=schedutil/1800000 launch_up=2578.33 max0=1800000 gov=schedutil devfreq=none,none backlight=none
elapsed_s,cpu_mc,gpu_mc,ddr_mc,bat_mc,cur_khz,max_khz,batt_pct,batt_uv,status,cpu_busy,c0_busy,c1_busy,c2_busy,c3_busy,irq_s,ctxt_s,df0_hz,df1_hz,backlight
2591,36542,37212,37011,27000,1800000,1800000,86,3945000,Discharging,,,,,,,,,,
2593,36408,37815,36877,27000,1800000,1800000,86,3946000,Discharging,19.8,18.5,15.0,18.7,27.8,3282,4104,,,
2595,36274,37614,36944,27000,1800000,1800000,86,3944000,Discharging,21.0,14.6,11.7,28.0,28.3,3458,4183,,,
2597,36609,37547,36810,27000,1800000,1800000,86,3943000,Discharging,21.1,16.7,15.5,35.0,17.0,3336,4145,,,
2600,36877,37614,36944,27000,1800000,1800000,86,3943000,Discharging,18.7,16.2,12.9,17.5,28.8,2220,2740,,,
2602,36542,37413,37011,27000,1800000,1800000,86,3946000,Discharging,19.4,17.0,11.3,20.1,29.5,3450,4186,,,
2604,36609,37681,36810,27000,1800000,1800000,86,3944000,Discharging,20.5,21.1,12.3,36.0,12.0,3546,4225,,,
2606,36408,37614,37011,27000,1800000,1800000,86,3946000,Discharging,20.2,14.3,10.7,30.8,24.6,3444,4246,,,
2608,36609,37212,36944,27000,1800000,1800000,86,3945000,Discharging,19.6,13.0,12.3,32.1,20.9,3364,4181,,,
2610,36810,37681,36944,27000,1800000,1800000,86,3944000,Discharging,20.2,19.2,13.7,23.1,24.6,3449,4198,,,
2613,36274,37413,36743,27000,1800000,1800000,86,3949000,Discharging,18.5,20.1,11.4,24.5,17.7,2168,2728,,,
2615,36475,37547,36944,27000,1608000,1800000,86,3945000,Discharging,19.0,17.7,11.6,28.4,18.3,3431,4190,,,
2617,36408,37681,36810,27000,1800000,1800000,86,3946000,Discharging,20.7,21.4,13.0,27.1,21.5,3438,4175,,,
2619,36743,37547,36810,27000,1800000,1800000,86,3946000,Discharging,20.4,11.3,10.8,29.2,30.4,3290,4120,,,
2621,36140,37413,37011,27000,1800000,1800000,86,3946000,Discharging,21.0,11.1,14.8,33.5,24.1,3258,4088,,,
2623,36274,37346,36944,27000,1800000,1800000,86,3943000,Discharging,19.8,16.3,8.1,34.9,19.2,3294,4111,,,
2625,36341,37815,36944,27000,1800000,1800000,86,3940000,Discharging,20.4,18.0,15.6,19.7,29.2,3505,4158,,,
2628,36475,37614,36877,27000,1800000,1800000,86,3917000,Discharging,20.3,19.4,11.1,31.6,18.2,2227,2740,,,
2630,36475,37882,36743,27000,1800000,1800000,86,3939000,Discharging,19.1,13.3,14.6,27.9,20.7,3356,4122,,,
2632,36475,37279,36810,27000,1800000,1800000,86,3939000,Discharging,21.7,13.5,15.6,34.7,22.2,3312,4110,,,
2634,36408,37547,37078,27000,1608000,1800000,86,3938000,Discharging,20.7,15.0,12.2,38.7,16.1,3244,4112,,,
2636,36877,37279,36676,27100,1608000,1800000,86,3939000,Discharging,20.0,14.8,13.6,27.1,23.8,3466,4167,,,
2638,36408,37413,37011,27000,1800000,1800000,86,3939000,Discharging,20.5,14.3,10.0,37.0,20.8,3297,4087,,,
2641,36140,37748,36676,27100,1800000,1800000,86,3937000,Discharging,20.7,16.4,13.0,32.7,20.7,2307,2820,,,
2643,36542,37279,36877,27100,1416000,1800000,86,3931000,Discharging,20.7,14.4,11.8,34.1,22.6,3328,4200,,,
2645,36676,37547,36810,27100,1608000,1800000,86,3938000,Discharging,19.6,20.9,13.9,19.3,24.3,3594,4282,,,
2647,36408,37748,36609,27100,1800000,1800000,86,3936000,Discharging,20.1,16.4,7.7,37.9,18.2,3394,4175,,,
2649,36877,37681,37011,27100,1800000,1800000,86,3940000,Discharging,20.4,13.5,12.5,28.9,25.9,3353,4148,,,
2651,36810,37882,36609,27100,1800000,1800000,86,3939000,Discharging,20.4,17.5,21.1,23.0,19.8,3524,4259,,,
2653,36676,37547,36877,27100,1416000,1800000,86,3940000,Discharging,20.1,14.8,20.5,26.3,19.4,3322,4132,,,
2656,36475,37748,37346,27100,1800000,1800000,86,3936000,Discharging,19.9,16.3,16.3,20.8,26.8,2362,2829,,,
2658,36341,37413,36542,27100,1800000,1800000,86,3926000,Discharging,20.0,17.1,16.5,29.4,17.2,3346,4146,,,
2660,36408,37614,36877,27100,1800000,1800000,86,3937000,Discharging,18.3,23.0,10.7,18.5,20.6,3460,4238,,,
2662,36408,37480,36944,27100,1800000,1800000,86,3937000,Discharging,20.1,18.6,10.4,28.5,23.0,3412,4184,,,
2664,36274,37547,36676,27100,1800000,1800000,86,3938000,Discharging,20.0,18.6,15.2,23.8,22.9,3385,4166,,,
2666,36274,37480,37279,27100,1800000,1800000,86,3933000,Discharging,20.3,17.8,10.9,25.5,26.4,3491,4221,,,
2669,36676,37547,36877,27100,1800000,1800000,86,3936000,Discharging,20.0,16.7,11.4,26.6,25.4,2262,2757,,,
2671,36341,37882,37011,27100,1800000,1800000,86,3938000,Discharging,20.0,19.0,14.2,24.4,23.3,3397,4192,,,
2673,36207,37547,36944,27100,1800000,1800000,86,3928000,Discharging,20.1,11.1,13.1,26.3,28.0,3439,4216,,,
2675,36274,37480,37011,27100,1608000,1800000,86,3939000,Discharging,19.8,20.3,13.4,30.8,15.0,3420,4193,,,
2677,35939,37681,37145,27100,1608000,1800000,86,3939000,Discharging,21.0,17.7,16.4,26.8,23.3,3598,4280,,,
2679,36609,37882,36810,27100,1800000,1800000,86,3936000,Discharging,19.6,21.8,11.7,19.5,26.3,3364,4174,,,
2681,36207,38217,36877,27100,1608000,1800000,86,3938000,Discharging,21.2,18.9,16.8,24.1,24.8,3422,4222,,,
2684,36475,37480,37011,27100,1608000,1800000,86,3941000,Discharging,19.9,17.7,15.2,23.0,23.5,2237,2793,,,
2686,36408,37279,37078,27100,1800000,1800000,86,3938000,Discharging,20.3,15.4,15.1,32.7,17.1,3565,4216,,,
2688,36408,37882,36341,27100,1800000,1800000,86,3925000,Discharging,20.1,13.3,21.1,22.7,23.7,3399,4216,,,
2690,36944,37413,36877,27100,1800000,1800000,86,3937000,Discharging,19.8,16.8,15.9,22.6,23.1,3344,4148,,,
2692,36475,37882,36944,27100,1800000,1800000,86,3938000,Discharging,20.7,14.9,15.1,23.7,29.2,3384,4170,,,
2694,36676,37748,37145,27100,1800000,1800000,86,3938000,Discharging,21.1,15.2,13.0,36.0,20.7,3482,4420,,,
2697,36475,37815,37011,27100,1800000,1800000,86,3933000,Discharging,20.0,11.5,11.1,34.7,21.5,2393,2854,,,
2699,36274,37279,37078,27100,1800000,1800000,86,3936000,Discharging,20.0,17.9,13.1,29.0,19.8,3366,4204,,,
2701,36475,37614,36810,27100,1800000,1800000,86,3938000,Discharging,19.8,18.4,10.8,26.3,22.9,3414,4218,,,
2703,36542,37547,37279,27200,1608000,1800000,86,3933000,Discharging,20.7,18.5,15.5,27.5,21.7,3346,4160,,,
2705,36408,37681,36877,27100,1800000,1800000,86,3936000,Discharging,20.2,16.8,12.6,29.7,22.2,3376,4159,,,
2707,36676,37547,37145,27100,1800000,1800000,86,3941000,Discharging,21.1,16.7,18.2,23.7,26.1,3494,4196,,,
2709,36676,37279,36944,27100,1800000,1800000,86,3941000,Discharging,21.0,15.0,11.8,11.9,45.1,3356,4176,,,
2712,36475,37681,37346,27100,1800000,1800000,86,3935000,Discharging,21.1,18.5,17.8,16.1,31.0,2253,2809,,,
2714,36341,37681,37011,27100,1608000,1800000,86,3936000,Discharging,18.9,16.8,10.8,23.7,25.5,3295,4181,,,
2716,36006,37681,36944,27100,1800000,1800000,86,3938000,Discharging,19.6,17.7,10.0,23.2,26.9,3263,4083,,,
2718,36408,37681,37078,27200,1800000,1800000,86,3939000,Discharging,20.3,17.2,13.7,20.8,28.8,3520,4199,,,
2720,36274,37882,36743,27100,1800000,1800000,86,3938000,Discharging,19.3,15.3,17.6,26.7,18.4,3350,4084,,,
2722,36676,37748,37547,27100,1800000,1800000,86,3938000,Discharging,23.4,22.9,16.6,26.5,27.6,3572,4206,,,
2725,36542,38217,37279,27200,1800000,1800000,86,3937000,Discharging,23.2,19.1,13.4,25.6,33.2,2226,2675,,,
2727,37011,37815,37279,27100,1800000,1800000,86,3937000,Discharging,22.4,14.8,19.8,30.5,24.5,3432,3998,,,
2729,36475,37748,37145,27200,1608000,1800000,86,3936000,Discharging,23.9,20.3,14.6,29.7,30.9,3216,3906,,,
2731,37011,37949,37078,27200,1800000,1800000,86,3936000,Discharging,24.6,16.7,12.7,37.7,31.0,3298,3976,,,
2733,36743,38016,37413,27200,1608000,1800000,86,3935000,Discharging,25.5,15.5,18.4,30.7,37.3,3198,3946,,,
2735,36676,37882,36810,27200,1800000,1800000,86,3936000,Discharging,24.5,19.0,14.4,40.4,23.3,3328,4009,,,
2737,36810,37078,37011,27100,1800000,1800000,86,3934000,Discharging,25.1,15.9,18.8,27.6,38.6,3507,4022,,,
2740,36609,37748,37078,27200,1416000,1800000,86,3936000,Discharging,23.9,19.3,17.8,27.1,30.4,2217,2645,,,
2742,36810,37815,37279,27200,1800000,1800000,86,3935000,Discharging,24.1,19.0,13.7,42.0,22.0,3248,3967,,,
2744,37011,37681,37078,27200,1800000,1800000,86,3937000,Discharging,25.6,15.5,12.0,28.3,45.6,3256,3985,,,
2746,36408,37346,37480,27200,1800000,1800000,86,3933000,Discharging,22.8,14.8,16.1,27.0,31.3,3264,3928,,,
2748,36810,37815,37279,27200,1800000,1800000,86,3935000,Discharging,23.8,21.5,14.4,34.4,25.9,3458,4021,,,
2750,36810,37815,37078,27200,1608000,1800000,86,3935000,Discharging,22.9,20.1,18.8,27.7,24.5,3332,3945,,,
2753,36341,37681,37145,27200,1608000,1800000,86,3935000,Discharging,26.4,19.6,11.8,35.5,38.7,2136,2580,,,
2755,36408,37413,37011,27100,1608000,1800000,85,3938000,Discharging,21.7,21.1,18.4,22.0,25.0,3750,4872,,,
2757,37279,38016,37614,27200,1800000,1800000,85,3924000,Discharging,21.5,22.5,12.9,30.0,21.2,9880,16800,,,
2759,37279,38485,37882,27200,1800000,1800000,85,3932000,Discharging,21.9,20.5,20.3,25.5,22.0,9414,15518,,,
2761,37480,38217,37547,27200,1800000,1800000,85,3911000,Discharging,20.8,17.4,17.5,22.3,25.9,9584,15856,,,
2763,37614,37882,37346,27200,1800000,1800000,85,3932000,Discharging,20.7,18.0,16.9,25.4,22.2,8116,13352,,,
2766,37413,38217,37681,27200,1800000,1800000,85,3933000,Discharging,21.7,14.2,11.7,34.0,27.8,6052,10250,,,
2768,38217,38619,38485,27200,1800000,1800000,85,3932000,Discharging,28.4,19.0,19.5,32.9,40.8,4881,5923,,,
2770,37145,38150,37882,27200,1800000,1800000,85,3933000,Discharging,23.5,15.9,19.2,28.6,31.6,3808,4592,,,
2772,37078,38083,37279,27200,1800000,1800000,85,3931000,Discharging,23.5,22.2,14.6,26.3,30.2,3692,4340,,,
2774,37346,38150,37547,27200,1800000,1800000,85,3932000,Discharging,24.2,21.9,19.1,30.7,24.3,3753,4662,,,
2776,36676,38217,37882,27200,1800000,1800000,85,3929000,Discharging,26.3,18.0,14.2,32.6,40.3,3688,4658,,,
2779,37011,37949,37547,27200,1608000,1800000,85,3931000,Discharging,24.4,20.4,15.7,35.7,26.3,2558,3064,,,
2781,37145,37949,37413,27200,1800000,1800000,85,3932000,Discharging,24.9,20.6,14.8,34.4,29.2,3546,4292,,,
2783,37011,38016,37346,27200,1800000,1800000,85,3930000,Discharging,25.2,12.6,18.6,38.3,31.1,3435,4228,,,
2785,37413,37614,37480,27200,1608000,1800000,85,3930000,Discharging,23.6,18.2,19.2,24.3,32.2,3842,4878,,,
2787,37078,38083,37681,27200,1608000,1800000,85,3929000,Discharging,26.7,19.6,13.4,33.3,40.4,3708,4612,,,
2789,37279,38217,37882,27200,1800000,1800000,85,3912000,Discharging,24.2,25.2,16.0,28.1,27.1,3885,4472,,,
2792,37011,37949,37011,27200,1800000,1800000,85,3932000,Discharging,25.7,25.6,14.9,34.4,28.0,2368,2874,,,
2794,37145,37681,37815,27200,1800000,1800000,85,3932000,Discharging,27.4,24.5,23.1,30.2,30.9,3620,4330,,,
2796,37279,38016,37413,27200,1800000,1800000,85,3932000,Discharging,25.7,25.3,17.7,27.6,32.1,4155,5317,,,
2798,37413,37949,37346,27200,1800000,1800000,85,3933000,Discharging,22.5,23.1,17.3,26.2,23.3,3526,4258,,,
2800,37145,38083,37413,27200,1800000,1800000,85,3933000,Discharging,22.6,21.4,16.2,31.1,22.1,3574,4300,,,
2802,36475,37949,37279,27200,1800000,1800000,85,3939000,Discharging,21.5,16.8,14.0,31.3,24.1,3286,4034,,,
2804,36877,37882,37212,27200,1608000,1800000,85,3934000,Discharging,22.0,12.2,16.1,39.8,19.0,3534,4518,,,
2807,36676,37748,37145,27200,1608000,1800000,85,3932000,Discharging,24.5,14.9,13.1,27.6,42.3,2177,2638,,,
2809,37346,38016,37145,27200,1800000,1800000,85,3934000,Discharging,24.0,23.8,17.1,32.7,22.6,3571,4114,,,
2811,36676,38284,37212,27200,1416000,1800000,85,3931000,Discharging,23.6,17.6,18.2,28.2,29.5,3263,3924,,,
2813,37145,38217,37145,27200,1608000,1800000,85,3933000,Discharging,22.8,19.5,19.5,22.3,30.2,3283,3916,,,
2815,37212,38016,37480,27300,1608000,1800000,85,3932000,Discharging,22.9,23.9,16.8,25.9,24.8,3294,3917,,,
2817,36609,37748,36944,27200,1800000,1800000,85,3933000,Discharging,24.7,17.7,12.4,42.8,25.6,3248,3902,,,
2820,37078,37547,37480,27200,1800000,1800000,85,3933000,Discharging,23.5,16.4,18.3,27.7,30.8,2312,2669,,,
2822,36542,37681,37078,27200,1800000,1800000,85,3931000,Discharging,24.3,23.4,16.4,21.2,36.3,3232,3896,,,
2824,36475,38150,37011,27300,1800000,1800000,85,3932000,Discharging,24.7,17.4,18.0,33.8,29.6,3238,3854,,,
2826,36676,37882,37614,27200,1608000,1800000,85,3930000,Discharging,22.2,16.8,20.4,24.9,25.9,3391,4004,,,
2828,37212,38083,37212,27200,1608000,1800000,85,3931000,Discharging,23.1,25.7,14.2,22.9,30.0,3364,3961,,,
2830,36944,37882,37949,27200,1800000,1800000,85,3931000,Discharging,23.7,17.0,14.9,30.5,32.5,3558,4018,,,
2833,37145,38016,37279,27300,1800000,1800000,85,3914000,Discharging,24.0,18.6,14.4,28.2,34.0,2193,2641,,,
2835,36676,38016,37413,27200,1800000,1800000,85,3937000,Discharging,21.5,17.7,16.0,20.1,32.7,3328,3982,,,
2837,36877,37681,37279,27300,1800000,1800000,85,3933000,Discharging,21.9,20.0,12.3,33.0,21.7,7610,12560,,,
2839,37882,38217,37681,27200,1800000,1800000,85,3931000,Discharging,20.4,21.1,17.8,18.5,24.4,9514,15415,,,
2841,37949,38418,38217,27300,1800000,1800000,85,3932000,Discharging,18.4,24.6,18.0,17.3,14.4,10578,16756,,,
2843,37547,38418,37547,27300,1800000,1800000,85,3932000,Discharging,19.9,18.8,17.7,22.5,19.4,8352,13438,,,
2845,37078,38284,37614,27300,1608000,1800000,85,3930000,Discharging,21.8,21.2,13.5,30.0,22.6,9232,15732,,,
2848,37011,37949,37413,27300,1800000,1800000,85,3908000,Discharging,22.0,15.9,19.3,29.6,22.6,3324,4724,,,
2850,37212,37748,37882,27300,1800000,1800000,85,3927000,Discharging,25.9,26.1,19.0,29.9,28.0,3798,4256,,,
2852,37212,37949,37547,27300,1800000,1800000,85,3928000,Discharging,26.0,23.3,21.4,24.3,34.7,3535,4280,,,
2854,37011,38083,37681,27300,1800000,1800000,85,3931000,Discharging,25.7,26.5,19.8,24.7,32.1,3498,4219,,,
2856,37212,38016,37949,27300,1800000,1800000,85,3929000,Discharging,24.9,20.7,16.4,28.8,34.1,3495,4257,,,
2858,37547,38016,37681,27300,1800000,1800000,85,3929000,Discharging,27.6,20.5,23.0,36.6,29.4,3652,4310,,,
2861,37614,38083,37212,27300,1608000,1800000,85,3929000,Discharging,24.9,20.4,17.5,32.6,29.6,2436,2853,,,
2863,37346,38217,37346,27300,1800000,1800000,85,3919000,Discharging,24.2,16.3,19.3,30.2,31.5,3428,4221,,,
2865,36877,38016,37681,27300,1800000,1800000,85,3929000,Discharging,23.8,17.0,19.2,26.5,31.5,3638,4286,,,
2867,37279,37949,37815,27300,1800000,1800000,85,3930000,Discharging,24.5,18.2,18.4,33.2,28.8,3458,4272,,,
2869,37413,37949,37547,27300,1800000,1800000,85,3929000,Discharging,25.1,24.4,17.1,31.9,27.2,3524,4242,,,
2871,37413,38217,37480,27300,1608000,1800000,85,3928000,Discharging,25.8,22.0,23.9,33.8,23.5,3687,4324,,,
2874,36341,37547,37279,27300,1416000,1800000,85,3935000,Discharging,23.4,23.4,16.4,21.5,32.2,2295,2779,,,
2876,36609,38217,36944,27300,1608000,1800000,85,3936000,Discharging,21.2,14.4,9.0,23.4,38.2,3220,3981,,,
2878,36877,37949,37145,27300,1608000,1800000,85,3932000,Discharging,20.4,18.3,13.0,21.2,28.2,3245,3948,,,
2880,37011,38150,37145,27300,1800000,1800000,85,3931000,Discharging,24.9,15.8,15.1,39.0,29.8,3292,3982,,,
2882,36743,37614,36944,27300,1800000,1800000,85,3930000,Discharging,22.6,16.1,16.0,28.2,29.3,3486,4023,,,
2884,37011,38016,37279,27300,1608000,1800000,85,3932000,Discharging,25.2,15.6,19.0,28.0,38.6,3278,3964,,,
2886,36877,38217,36877,27300,1800000,1800000,85,3930000,Discharging,23.8,20.4,15.6,29.1,30.0,3330,3974,,,
2889,37011,37882,37011,27300,1800000,1800000,85,3930000,Discharging,25.4,15.5,16.1,27.1,42.1,2184,2630,,,
2891,36542,38150,37212,27300,1800000,1800000,85,3929000,Discharging,24.2,13.5,13.3,28.0,41.4,3544,4099,,,
2893,37078,38083,37547,27300,1800000,1800000,85,3932000,Discharging,22.4,26.0,17.4,27.9,17.9,3341,3964,,,
2895,37078,37815,37614,27300,1800000,1800000,85,3930000,Discharging,22.6,17.2,20.4,28.7,24.9,3316,3958,,,
2897,36676,38016,37212,27300,1800000,1800000,85,3932000,Discharging,23.0,16.8,17.3,30.0,28.5,3279,3940,,,
2899,36475,37748,37346,27300,1800000,1800000,85,3928000,Discharging,23.5,18.3,16.6,35.0,22.7,3370,3966,,,
2902,36542,38083,38016,27300,1608000,1800000,85,3933000,Discharging,22.9,16.9,15.2,24.5,35.1,2310,2703,,,
2904,37212,37949,37212,27300,1800000,1800000,85,3930000,Discharging,24.2,15.8,18.8,25.7,36.0,3279,3923,,,
2906,36877,37949,37346,27300,1800000,1800000,85,3932000,Discharging,22.8,19.0,13.7,31.6,27.5,3317,3916,,,
2908,36542,37480,37480,27300,1800000,1800000,85,3934000,Discharging,21.0,17.4,10.6,14.3,41.5,3242,4036,,,
2910,37011,38016,37480,27300,1800000,1800000,85,3928000,Discharging,22.1,19.3,16.7,33.3,18.7,9684,16648,,,
2912,37480,38351,37547,27300,1800000,1800000,85,3926000,Discharging,20.1,20.1,16.9,23.5,20.7,9564,15294,,,
2914,37145,38351,37413,27400,1800000,1800000,85,3922000,Discharging,20.2,21.7,16.7,21.1,20.6,9588,15223,,,
2917,37078,38150,37815,27300,1800000,1800000,85,3925000,Discharging,18.7,26.7,15.1,18.6,14.9,5902,9261,,,
2919,37279,37815,37413,27300,1800000,1800000,85,3926000,Discharging,21.7,17.5,14.6,24.8,29.0,7176,11368,,,
2921,37346,38083,37212,27300,1608000,1800000,85,3914000,Discharging,24.9,29.6,15.2,32.2,22.9,3420,4035,,,
2923,37145,38217,37614,27300,1608000,1800000,85,3927000,Discharging,22.7,24.8,20.4,21.1,24.5,3712,4300,,,
2925,37413,38083,38016,27300,1608000,1800000,85,3926000,Discharging,24.3,28.2,13.0,26.6,28.4,3702,4308,,,
2927,37011,38552,37748,27300,1800000,1800000,85,3927000,Discharging,24.2,23.4,19.3,23.8,30.7,3690,4334,,,
2930,37011,38284,37212,27400,1800000,1800000,85,3929000,Discharging,24.9,19.6,19.6,30.1,30.4,2402,2853,,,
2932,37480,38150,37212,27400,1800000,1800000,85,3928000,Discharging,24.4,22.6,20.0,28.0,26.3,3838,4376,,,
2934,37078,38150,37614,27400,1800000,1800000,85,3923000,Discharging,26.7,24.9,22.3,32.7,27.6,3582,4256,,,
2936,36810,38351,37346,27400,1800000,1800000,85,3919000,Discharging,22.4,20.1,18.9,29.9,20.9,3584,4276,,,
2938,37413,38418,37748,27400,1800000,1800000,85,3926000,Discharging,22.5,18.1,19.6,29.6,22.6,3378,4192,,,
2940,37815,38351,37815,27400,1608000,1800000,85,3926000,Discharging,26.7,22.7,19.8,33.5,30.5,3586,4264,,,
2942,37681,38150,37614,27300,1800000,1800000,85,3928000,Discharging,24.6,15.7,20.7,37.2,24.9,3834,4402,,,
2945,36877,38083,37078,27300,1608000,1800000,85,3931000,Discharging,23.3,14.5,24.6,26.9,26.3,2267,2740,,,
2947,36542,37882,37547,27300,1800000,1800000,85,3934000,Discharging,20.6,15.0,13.1,26.3,28.8,3201,3946,,,
2949,36676,38083,37279,27400,1800000,1800000,85,3931000,Discharging,22.1,20.4,15.5,19.9,32.1,3224,3916,,,
2951,36676,37882,37547,27400,1608000,1800000,85,3912000,Discharging,23.7,17.5,14.5,28.6,33.8,3276,3896,,,
2953,37078,37882,37279,27400,1608000,1800000,85,3926000,Discharging,23.0,21.8,18.9,18.2,33.2,3426,3998,,,
2955,37011,37882,37279,27400,1800000,1800000,85,3927000,Discharging,25.5,14.4,17.5,41.3,28.8,3302,3920,,,
2958,36542,38351,37279,27400,1800000,1800000,85,3925000,Discharging,22.1,21.7,14.2,26.3,25.8,2190,2590,,,
2960,36877,38016,37011,27400,1800000,1800000,85,3928000,Discharging,25.0,18.8,16.8,25.7,39.0,3276,3932,,,
2962,36609,37480,37078,27400,1800000,1800000,85,3926000,Discharging,24.4,15.0,24.2,28.9,28.5,3369,3960,,,
2964,36877,37614,37212,27400,1800000,1800000,85,3929000,Discharging,24.1,15.9,14.7,37.9,28.0,3484,4028,,,
2966,36810,38150,37547,27400,1416000,1800000,85,3927000,Discharging,23.6,15.4,19.0,26.8,32.4,3292,3975,,,
2968,36877,37815,37145,27400,1800000,1800000,85,3927000,Discharging,22.7,19.5,15.2,30.7,26.3,3338,3969,,,
2971,36542,37815,37748,27400,1800000,1800000,85,3928000,Discharging,22.5,16.5,15.7,24.5,32.4,2238,2653,,,
2973,37078,37748,37145,27400,1608000,1800000,85,3927000,Discharging,25.2,20.4,14.0,33.0,33.5,3506,4034,,,
2975,36609,37882,37480,27400,1800000,1800000,85,3927000,Discharging,25.6,19.4,12.4,33.0,37.9,3264,3923,,,
2977,36810,38150,37078,27400,1416000,1800000,85,3926000,Discharging,25.0,15.9,18.7,36.8,28.2,3242,3966,,,
2979,36743,37949,37279,27400,1800000,1800000,85,3931000,Discharging,20.3,19.9,13.7,19.6,27.4,4287,6048,,,
2981,37346,38284,37614,27400,1800000,1800000,85,3926000,Discharging,22.3,19.0,20.9,18.4,31.0,9565,16371,,,
2983,37547,37681,37413,27400,1800000,1800000,85,3926000,Discharging,21.6,16.7,16.7,32.3,20.6,9428,15774,,,
2986,37480,38284,37413,27400,1800000,1800000,85,3926000,Discharging,20.7,26.1,18.7,24.5,13.0,6164,10211,,,
2988,37212,38217,37882,27400,1800000,1800000,85,3927000,Discharging,19.8,19.0,17.3,22.1,21.3,8132,13152,,,
2990,37413,38016,37681,27400,1800000,1800000,85,3927000,Discharging,21.6,19.0,23.3,17.1,26.4,7804,12718,,,
2992,37949,38083,37547,27400,1800000,1800000,85,3928000,Discharging,22.1,17.9,15.6,33.5,21.3,3552,4081,,,
2994,37011,37748,37413,27400,1608000,1800000,85,3927000,Discharging,22.2,16.9,14.8,24.2,33.0,3588,4323,,,
2996,37279,38016,37614,27400,1800000,1800000,85,3921000,Discharging,23.9,23.0,21.0,24.4,27.0,3598,4274,,,
2999,37480,38284,37413,27400,1608000,1800000,85,3924000,Discharging,24.7,26.2,14.8,29.2,28.0,2349,2834,,,
3001,36810,38150,37413,27400,1608000,1800000,85,3926000,Discharging,24.2,20.3,15.3,33.8,28.0,3467,4226,,,
3003,37078,38083,37212,27400,1800000,1800000,85,3927000,Discharging,24.0,18.1,18.1,25.3,34.7,3446,4240,,,
3005,37346,38686,37547,27400,1800000,1800000,85,3927000,Discharging,25.3,22.2,16.7,37.6,24.2,3756,4352,,,
3007,37346,38284,37748,27400,1800000,1800000,85,3925000,Discharging,24.7,21.9,15.0,33.6,28.5,3499,4273,,,
3009,37480,38083,37614,27400,1608000,1800000,85,3903000,Discharging,24.0,16.3,19.3,34.7,25.0,3376,4224,,,
3011,37145,38150,37413,27400,1800000,1800000,85,3923000,Discharging,24.8,23.7,21.5,27.5,26.3,3539,4232,,,
3014,37547,38016,37614,27400,1800000,1800000,85,3916000,Discharging,23.2,24.9,14.1,23.7,30.1,2500,2889,,,
3016,37011,37949,37413,27400,1800000,1800000,85,3930000,Discharging,20.9,16.4,8.5,37.9,20.8,3342,4058,,,
3018,36810,38083,37011,27400,1800000,1800000,85,3930000,Discharging,21.2,17.5,20.0,20.2,26.9,3297,4013,,,
3020,37279,38016,37145,27400,1800000,1800000,85,3926000,Discharging,23.3,19.1,16.0,31.9,25.8,3411,3976,,,
3022,36475,37949,37614,27400,1800000,1800000,85,3924000,Discharging,22.7,19.2,17.9,23.8,29.9,3342,3971,,,
3024,37279,38284,37413,27400,1800000,1800000,85,3906000,Discharging,22.0,22.3,15.7,21.8,28.2,3474,4023,,,
3027,36944,37949,37480,27400,1800000,1800000,85,3926000,Discharging,23.8,19.1,13.3,35.0,27.7,2197,2627,,,
3029,36475,37748,37078,27400,1800000,1800000,85,3927000,Discharging,22.3,20.2,18.2,23.4,27.8,3314,3964,,,
3031,36743,38016,37279,27400,1608000,1800000,85,3925000,Discharging,24.3,16.8,17.3,32.4,30.1,3335,3978,,,
3033,36877,37815,37413,27400,1800000,1800000,85,3926000,Discharging,22.5,23.1,16.8,25.7,24.5,3294,3954,,,
3035,36877,38150,37413,27400,1800000,1800000,85,3926000,Discharging,22.8,22.3,15.6,31.8,20.9,3498,4040,,,
3037,36743,37748,37078,27400,1800000,1800000,85,3926000,Discharging,22.7,16.8,18.8,30.1,23.9,3325,3953,,,
3040,37078,38083,37547,27400,1800000,1800000,85,3903000,Discharging,24.0,14.2,14.0,39.3,29.3,2210,2655,,,
3042,37145,37815,37145,27400,1608000,1800000,85,3924000,Discharging,23.1,24.2,19.4,31.0,17.8,3292,3912,,,
3044,36542,37614,36944,27400,1800000,1800000,85,3927000,Discharging,22.4,21.6,13.3,30.8,23.0,3362,3985,,,
3046,36676,37614,37480,27400,1800000,1800000,85,3925000,Discharging,23.0,18.8,17.8,29.4,25.8,3584,4105,,,
3048,36676,37748,37279,27400,1800000,1800000,85,3926000,Discharging,23.3,19.0,11.1,35.2,27.4,3352,3999,,,
3050,37078,37815,37815,27500,1800000,1800000,85,3923000,Discharging,21.4,19.5,11.3,28.8,26.1,6140,9620,,,
3052,37547,38217,37346,27400,1800000,1800000,85,3923000,Discharging,20.4,19.3,13.5,23.7,25.0,9692,16216,,,
3055,37614,38351,37547,27400,1800000,1800000,85,3911000,Discharging,20.4,23.6,12.8,23.3,22.1,6264,10308,,,
3057,37279,38217,37949,27500,1800000,1800000,85,3922000,Discharging,21.3,27.2,19.6,19.3,19.2,9164,14886,,,
3059,37346,38485,37614,27500,1800000,1800000,84,3921000,Discharging,19.8,19.4,16.3,26.7,16.7,8854,14854,,,
3061,37614,38619,37279,27500,1608000,1800000,84,3921000,Discharging,21.9,21.9,17.0,32.0,17.8,7381,11178,,,
3063,37078,38217,37949,27500,1800000,1800000,84,3921000,Discharging,22.1,24.9,16.4,23.7,23.2,3435,4054,,,
3065,37949,38485,37480,27500,1800000,1800000,84,3920000,Discharging,22.3,18.8,17.8,25.8,27.0,3672,4298,,,
3068,37145,38016,37681,27500,1800000,1800000,84,3922000,Discharging,23.4,28.1,15.0,28.5,21.8,2304,2799,,,
3070,37145,38150,37480,27500,1608000,1800000,84,3923000,Discharging,24.5,22.7,18.5,31.9,25.1,3530,4296,,,
3072,37480,38418,37681,27500,1800000,1800000,84,3924000,Discharging,24.2,23.6,13.6,26.4,33.2,3671,4336,,,
