# fw=nextui-performance workload=mariokart start=2026-09-13 21:49:08 soak=99C prelaunch=performance/2000000 launch_up=8527.00 max0=2000000 gov=performance devfreq=none,none backlight=none
elapsed_s,cpu_mc,gpu_mc,ddr_mc,bat_mc,cur_khz,max_khz,batt_pct,batt_uv,status,cpu_busy,c0_busy,c1_busy,c2_busy,c3_busy,irq_s,ctxt_s,df0_hz,df1_hz,backlight
8540,43175,42505,42706,29700,2000000,2000000,65,3725000,Discharging,,,,,,,,,,
8542,42907,42572,42438,29600,2000000,2000000,65,3721000,Discharging,8.2,8.7,4.3,6.1,12.5,2294,2920,,,
8544,43242,42036,42639,29600,2000000,2000000,65,3722000,Discharging,9.1,8.8,3.8,7.5,16.4,2396,2978,,,
8546,42907,42505,42773,29600,2000000,2000000,65,3723000,Discharging,8.6,8.1,6.2,12.2,8.5,2204,2874,,,
8548,42706,42505,43242,29600,2000000,2000000,65,3724000,Discharging,8.7,7.6,6.1,7.1,14.8,2256,2888,,,
8550,42974,42505,42706,29600,2000000,2000000,65,3726000,Discharging,8.8,8.1,3.8,11.9,10.5,2240,2884,,,
8552,43510,42572,42304,29600,2000000,2000000,65,3727000,Discharging,8.9,8.9,3.3,14.2,9.4,2256,2895,,,
8555,43242,42572,42438,29600,2000000,2000000,65,3726000,Discharging,9.2,7.2,10.4,6.6,11.8,1586,1947,,,
8557,43175,42639,42706,29600,2000000,2000000,65,3707000,Discharging,8.6,10.8,5.2,4.7,13.7,2266,2868,,,
8559,43242,42505,42639,29600,2000000,2000000,65,3727000,Discharging,8.9,8.1,5.1,11.3,12.7,2300,2914,,,
8561,43041,42505,42907,29500,2000000,2000000,65,3725000,Discharging,8.7,7.6,3.3,14.6,9.0,2222,2922,,,
8563,43644,42505,42974,29600,2000000,2000000,65,3723000,Discharging,9.1,9.5,3.8,8.6,12.8,2288,2898,,,
8565,42572,42438,42371,29600,2000000,2000000,65,3720000,Discharging,8.9,9.1,2.4,7.5,17.0,2403,2953,,,
8567,43175,42304,43108,29600,2000000,2000000,65,3721000,Discharging,8.7,8.1,4.3,15.5,7.1,2224,2866,,,
8569,43108,42371,42773,29600,2000000,2000000,65,3722000,Discharging,8.6,7.6,3.3,7.6,15.1,2168,2867,,,
8572,43443,42773,42505,29600,2000000,2000000,65,3725000,Discharging,8.6,8.0,1.9,6.2,19.4,1487,1936,,,
8574,43242,42371,42371,29600,2000000,2000000,65,3728000,Discharging,9.2,9.0,2.9,9.5,15.9,2382,2968,,,
8576,43376,42170,42505,29600,2000000,2000000,65,3721000,Discharging,8.9,7.6,5.2,10.0,11.8,2266,2914,,,
8578,43510,42237,42706,29600,2000000,2000000,65,3726000,Discharging,9.2,8.9,9.7,6.2,12.8,2278,2894,,,
8580,42907,42505,42304,29600,2000000,2000000,65,3725000,Discharging,9.0,7.1,8.5,14.1,6.1,2238,2872,,,
8582,43644,42505,42237,29600,2000000,2000000,65,3725000,Discharging,8.8,9.9,4.2,10.5,11.0,2312,2915,,,
8584,43443,42371,42706,29600,2000000,2000000,65,3721000,Discharging,9.1,8.5,2.8,4.3,20.5,2390,2956,,,
8586,42706,42438,42639,29600,2000000,2000000,65,3719000,Discharging,8.9,7.6,5.2,6.1,15.6,2265,2914,,,
8589,43443,42371,42505,29600,2000000,2000000,65,3720000,Discharging,8.7,7.2,5.7,7.1,16.1,1512,1929,,,
8591,42572,42304,42438,29600,2000000,2000000,65,3722000,Discharging,8.7,6.7,3.8,5.7,18.8,2228,2880,,,
8593,42907,42505,42371,29600,2000000,2000000,65,3698000,Discharging,8.8,7.1,4.8,8.1,14.8,2272,2889,,,
8595,43979,42974,43041,29600,2000000,2000000,64,3719000,Discharging,10.1,13.4,4.7,12.1,9.9,2593,3298,,,
8597,43108,42840,42505,29600,2000000,2000000,64,3723000,Discharging,8.7,8.0,4.8,9.4,14.0,2256,2922,,,
8599,43041,42237,42572,29600,2000000,2000000,64,3724000,Discharging,9.2,7.7,9.5,6.6,11.5,2258,2857,,,
8601,43376,42505,42706,29600,2000000,2000000,64,3724000,Discharging,8.6,8.1,4.3,8.0,14.2,2230,2864,,,
8603,43644,42438,42840,29600,2000000,2000000,64,3723000,Discharging,9.0,9.9,5.2,11.8,9.4,2294,2884,,,
8606,43845,42840,42237,29600,2000000,2000000,64,3719000,Discharging,9.0,7.2,4.7,14.8,9.4,1600,1965,,,
8608,43577,42572,43041,29600,2000000,2000000,64,3717000,Discharging,9.3,8.0,4.7,15.9,9.0,2267,2884,,,
8610,43108,42505,42572,29600,2000000,2000000,64,3718000,Discharging,8.7,8.1,4.2,7.1,15.1,2196,2812,,,
8612,43443,42706,42572,29600,2000000,2000000,64,3712000,Discharging,8.9,6.7,5.6,8.5,15.2,2257,2933,,,
8614,42706,42237,42639,29600,2000000,2000000,64,3719000,Discharging,9.1,7.0,3.3,10.3,15.6,2254,2891,,,
8616,43041,42907,42103,29600,2000000,2000000,64,3720000,Discharging,9.1,9.0,6.1,15.0,6.1,2550,3304,,,
8618,43376,42639,43108,29600,2000000,2000000,64,3723000,Discharging,8.7,9.4,7.1,9.5,9.9,2592,3448,,,
8621,42706,42371,42706,29600,2000000,2000000,64,3723000,Discharging,8.6,8.5,4.8,5.7,15.2,1483,1932,,,
8623,42907,42639,42706,29600,2000000,2000000,64,3723000,Discharging,9.0,6.7,5.2,10.9,12.3,2270,2905,,,
8625,43041,42505,42639,29600,2000000,2000000,64,3720000,Discharging,8.9,9.9,4.7,9.9,11.8,2226,2882,,,
8627,42974,42371,42371,29600,2000000,2000000,64,3719000,Discharging,8.9,9.0,8.9,3.3,13.8,2739,3590,,,
8629,43175,42505,42974,29600,2000000,2000000,64,3704000,Discharging,9.0,8.1,2.4,8.5,17.4,2264,2931,,,
8631,43041,42572,42706,29600,2000000,2000000,64,3720000,Discharging,8.6,10.4,4.3,8.6,10.8,2187,2860,,,
8633,43242,42371,42371,29600,2000000,2000000,64,3718000,Discharging,8.8,9.0,6.1,5.7,14.7,2268,2882,,,
8635,42974,42103,42304,29600,2000000,2000000,64,3707000,Discharging,9.0,7.6,3.8,10.0,13.7,2502,3171,,,
8638,42974,42572,42907,29600,2000000,2000000,64,3717000,Discharging,9.2,8.0,5.6,5.1,18.1,1752,2378,,,
8640,42907,42036,42103,29600,2000000,2000000,64,3719000,Discharging,8.8,6.7,4.2,11.4,13.1,2196,2868,,,
8642,43242,42237,42304,29600,2000000,2000000,64,3722000,Discharging,8.9,7.1,6.1,10.8,11.3,2238,2866,,,
8644,43309,42505,42103,29600,2000000,2000000,64,3720000,Discharging,8.9,9.4,3.8,8.0,14.4,2390,3241,,,
8646,43041,42572,42639,29600,2000000,2000000,64,3718000,Discharging,8.9,8.5,5.2,11.8,10.3,2538,3192,,,
8648,43577,42840,42907,29600,2000000,2000000,64,3722000,Discharging,9.1,9.4,1.9,8.0,16.3,2397,3148,,,
8650,42773,42036,43041,29600,2000000,2000000,64,3723000,Discharging,9.0,7.2,3.8,10.3,14.6,2187,2884,,,
8653,42706,42237,43041,29600,2000000,2000000,64,3719000,Discharging,8.7,9.4,4.2,8.1,14.2,1495,1936,,,
8655,43510,42572,42237,29600,2000000,2000000,64,3719000,Discharging,8.9,8.6,4.3,4.3,17.8,2235,2892,,,
8657,43041,42371,42572,29600,2000000,2000000,64,3717000,Discharging,8.9,7.7,7.5,5.7,14.3,2398,2949,,,
8659,43242,42639,42505,29600,2000000,2000000,64,3715000,Discharging,9.3,7.5,5.6,10.7,14.5,2224,2877,,,
8661,43041,42706,42505,29600,2000000,2000000,64,3719000,Discharging,8.7,8.5,4.7,6.2,14.6,2230,2868,,,
8663,43108,42438,42371,29600,2000000,2000000,64,3722000,Discharging,9.0,7.6,6.1,9.9,12.3,2273,2837,,,
8665,43309,42974,42773,29700,2000000,2000000,64,3716000,Discharging,8.8,8.9,6.1,6.2,13.8,2249,2858,,,
8667,43510,42706,42639,29600,2000000,2000000,64,3720000,Discharging,8.9,7.6,3.3,11.8,12.7,2348,2970,,,
8670,43376,42572,42371,29600,2000000,2000000,64,3722000,Discharging,9.0,8.5,3.8,9.9,13.7,1453,1935,,,
8672,43242,42706,42371,29600,2000000,2000000,64,3722000,Discharging,8.9,6.6,3.8,8.0,17.1,2258,2838,,,
8674,43912,42170,42639,29600,2000000,2000000,64,3718000,Discharging,8.9,9.9,4.3,7.1,15.6,2238,2812,,,
8676,43376,42438,42103,29600,2000000,2000000,64,3717000,Discharging,8.5,8.1,3.3,9.0,13.3,2182,2880,,,
8678,42639,42572,41902,29600,2000000,2000000,64,3716000,Discharging,9.0,9.4,5.2,9.5,11.8,2354,2929,,,
8680,42907,43041,42371,29600,2000000,2000000,64,3717000,Discharging,8.7,8.0,4.2,12.3,10.9,2260,2875,,,
8682,43175,42773,42840,29600,2000000,2000000,64,3718000,Discharging,8.6,7.6,2.9,9.0,15.2,2275,2896,,,
8684,43510,42572,42371,29600,2000000,2000000,64,3715000,Discharging,8.8,7.2,4.7,4.8,17.6,2230,2907,,,
8687,43309,42572,43175,29600,2000000,2000000,64,3715000,Discharging,8.8,8.5,3.3,7.2,15.6,1613,1985,,,
8689,43041,42706,42907,29600,2000000,2000000,64,3719000,Discharging,9.3,10.3,3.8,6.6,17.8,2258,2883,,,
8691,42773,42304,42773,29600,2000000,2000000,64,3720000,Discharging,8.7,7.6,3.8,15.1,7.5,2207,2858,,,
8693,43242,42304,42840,29600,2000000,2000000,64,3718000,Discharging,8.9,8.1,5.2,5.2,17.1,2280,2895,,,
8695,43443,42639,42371,29600,2000000,2000000,64,3716000,Discharging,9.0,7.1,6.1,12.2,10.8,2236,2860,,,
8697,42706,42773,42639,29600,2000000,2000000,64,3714000,Discharging,9.2,9.0,5.7,7.5,14.1,2373,2911,,,
8699,43309,42505,42170,29600,2000000,2000000,64,3715000,Discharging,9.3,8.5,5.6,9.0,15.0,2276,2916,,,
8701,43577,42572,42974,29600,2000000,2000000,64,3697000,Discharging,9.0,9.0,5.2,15.0,6.1,2266,2845,,,
8704,43376,42639,42237,29600,2000000,2000000,64,3715000,Discharging,8.9,8.1,3.3,10.8,13.2,1498,1920,,,
8706,42840,42170,42036,29600,2000000,2000000,64,3714000,Discharging,8.6,8.2,4.3,13.7,8.0,2222,2836,,,
8708,43309,42438,42304,29600,2000000,2000000,64,3716000,Discharging,9.2,7.5,2.8,5.2,21.1,2376,2957,,,
8710,42974,42773,42505,29600,2000000,2000000,64,3719000,Discharging,8.9,6.7,5.7,8.1,15.0,2238,2874,,,
8712,42706,42706,42572,29600,2000000,2000000,64,3720000,Discharging,8.8,7.6,4.3,9.3,14.7,2220,2882,,,
8714,43041,42572,42036,29600,2000000,2000000,64,3719000,Discharging,9.1,9.0,4.3,6.2,16.0,2240,2908,,,
8716,43108,42773,42907,29600,2000000,2000000,64,3717000,Discharging,8.5,8.5,3.3,14.2,9.0,2210,2872,,,
8719,43242,42103,41969,29600,2000000,2000000,64,3714000,Discharging,9.1,9.0,3.8,12.7,11.4,1595,1973,,,
8721,42840,42639,42103,29700,2000000,2000000,64,3719000,Discharging,8.6,7.1,3.3,12.4,10.4,2192,2890,,,
8723,43041,42237,42036,29700,2000000,2000000,64,3715000,Discharging,8.5,7.7,5.7,14.5,7.5,2244,2862,,,
8725,42639,42237,42304,29700,2000000,2000000,64,3714000,Discharging,9.1,8.5,8.9,8.1,10.4,2227,2848,,,
8727,43309,42438,42840,29600,2000000,2000000,64,3716000,Discharging,9.2,8.5,5.2,11.8,10.7,2234,2852,,,
8729,43242,42505,42907,29700,2000000,2000000,64,3715000,Discharging,9.3,9.0,3.8,12.7,11.8,2380,2937,,,
8731,43309,42438,42371,29600,2000000,2000000,64,3718000,Discharging,8.6,6.7,5.1,7.7,15.6,2215,2890,,,
8733,43041,42170,42371,29600,2000000,2000000,64,3720000,Discharging,9.2,8.0,3.3,11.3,13.6,2234,2900,,,
8736,43711,42304,43175,29600,2000000,2000000,64,3716000,Discharging,8.8,8.5,4.2,7.1,15.7,1489,1913,,,
8738,42974,42304,42438,29600,2000000,2000000,64,3698000,Discharging,9.0,9.9,6.6,8.5,10.7,2410,2906,,,
8740,43041,42170,42974,29600,2000000,2000000,64,3719000,Discharging,9.2,8.5,4.2,7.1,16.1,2237,2903,,,
8742,42773,42639,42505,29600,2000000,2000000,64,3714000,Discharging,9.0,6.6,7.5,14.2,8.5,2242,2830,,,
8744,42907,42237,42438,29600,2000000,2000000,64,3713000,Discharging,8.9,8.0,3.8,15.6,8.1,2206,2850,,,
8746,43309,43175,42438,29600,2000000,2000000,64,3712000,Discharging,8.5,5.8,4.3,9.0,14.2,2162,2871,,,
8748,42773,42505,42840,29600,2000000,2000000,64,3706000,Discharging,9.2,7.6,4.7,11.3,13.9,2382,2932,,,
8750,43309,42773,42974,29600,2000000,2000000,64,3714000,Discharging,8.8,7.6,4.7,5.7,17.1,2228,2904,,,
8753,43376,42170,42371,29600,2000000,2000000,64,3716000,Discharging,8.5,9.0,3.8,9.0,13.2,1500,1930,,,
8755,42773,42907,42237,29600,2000000,2000000,64,3717000,Discharging,8.8,6.6,5.2,4.8,18.5,2206,2898,,,
8757,43108,42773,42505,29600,2000000,2000000,64,3711000,Discharging,8.2,8.6,4.8,9.0,10.4,2290,2855,,,
8759,43443,42371,42237,29600,2000000,2000000,64,3716000,Discharging,8.8,8.6,3.8,10.5,12.9,2368,2936,,,
8761,43041,42103,42773,29600,2000000,2000000,64,3715000,Discharging,8.3,8.6,7.1,9.0,8.1,2276,2860,,,
8763,43041,42438,42103,29600,2000000,2000000,64,3715000,Discharging,9.0,9.0,4.2,5.2,17.5,2290,2926,,,
8765,43242,42371,42840,29600,2000000,2000000,64,3713000,Discharging,8.8,8.1,3.3,11.8,11.3,2223,2866,,,
8767,43242,42572,42371,29600,2000000,2000000,64,3711000,Discharging,8.9,7.6,5.6,9.9,13.2,2249,2832,,,
8770,43175,42505,42974,29700,2000000,2000000,64,3712000,Discharging,9.2,7.1,6.5,4.7,18.0,1613,1974,,,
8772,43242,42371,42639,29700,2000000,2000000,64,3716000,Discharging,8.8,8.1,6.2,7.6,13.3,2294,2870,,,
8774,42706,42438,42572,29600,2000000,2000000,64,3716000,Discharging,9.0,7.6,4.7,4.8,18.3,2180,2857,,,
8776,42840,42639,42639,29700,2000000,2000000,64,3711000,Discharging,8.9,7.6,9.0,7.6,11.3,2198,2853,,,
8778,42840,42706,42371,29700,2000000,2000000,64,3714000,Discharging,8.8,9.5,3.3,10.9,10.8,2279,2912,,,
8780,43443,42438,43376,29600,2000000,2000000,64,3714000,Discharging,9.2,8.1,5.2,10.4,14.1,2383,2921,,,
8782,43041,42170,42304,29600,2000000,2000000,64,3714000,Discharging,8.7,7.1,4.2,5.2,18.9,2290,2966,,,
8784,43041,42371,42438,29600,2000000,2000000,64,3712000,Discharging,9.1,7.1,5.7,8.1,14.8,2254,2901,,,
8787,43309,42371,43242,29600,2000000,2000000,64,3710000,Discharging,8.6,8.5,3.8,10.4,12.7,1533,1943,,,
8789,43175,42103,42438,29600,2000000,2000000,64,3710000,Discharging,9.0,9.5,5.2,9.5,11.3,2336,2906,,,
8791,43242,42572,42840,29600,2000000,2000000,64,3707000,Discharging,8.4,9.5,3.8,11.3,9.5,2214,2842,,,
8793,43443,42170,41969,29600,2000000,2000000,64,3693000,Discharging,9.2,9.9,2.9,11.7,12.2,2263,2938,,,
8795,43510,42572,42706,29700,2000000,2000000,64,3712000,Discharging,9.1,8.1,4.7,9.9,13.1,2257,2864,,,
8797,43845,42706,43376,29700,2000000,2000000,63,3711000,Discharging,9.8,10.5,3.8,14.8,10.3,2473,3224,,,
8799,43510,42572,42907,29700,2000000,2000000,63,3714000,Discharging,9.0,7.1,4.8,15.5,8.5,2375,2910,,,
8802,43041,42371,42304,29700,2000000,2000000,63,3716000,Discharging,9.1,9.0,3.3,14.6,9.0,1502,1934,,,
8804,43175,42572,42706,29600,2000000,2000000,63,3712000,Discharging,9.0,8.1,8.5,6.2,13.2,2292,2913,,,
8806,42974,42639,43242,29700,2000000,2000000,63,3712000,Discharging,8.8,8.4,4.7,10.3,12.7,2257,2868,,,
8808,42706,42170,42639,29700,2000000,2000000,63,3709000,Discharging,8.9,6.7,4.7,7.1,16.4,2214,2894,,,
8810,43443,42639,42639,29600,2000000,2000000,63,3710000,Discharging,9.3,7.7,4.2,6.2,19.3,2388,2972,,,
8812,43041,42639,42036,29700,2000000,2000000,63,3713000,Discharging,9.2,8.5,4.7,10.8,12.1,2250,2920,,,
8814,43510,42639,42706,29700,2000000,2000000,63,3709000,Discharging,8.6,8.5,2.4,7.6,16.0,2218,2870,,,
8816,43510,42706,42773,29700,2000000,2000000,63,3711000,Discharging,8.8,6.7,5.7,7.5,14.7,2232,2886,,,
8819,43108,42304,42840,29600,2000000,2000000,63,3712000,Discharging,9.0,8.6,5.2,10.5,12.2,1499,1920,,,
8821,43175,42773,42304,29600,2000000,2000000,63,3715000,Discharging,8.7,7.5,3.8,12.7,10.0,2312,2904,,,
8823,43108,42304,42773,29600,2000000,2000000,63,3713000,Discharging,8.6,8.1,7.4,6.6,12.9,2302,2908,,,
8825,43041,42773,42639,29600,2000000,2000000,63,3712000,Discharging,8.8,6.2,3.3,16.0,9.0,2259,2883,,,
8827,43108,42639,42438,29700,2000000,2000000,63,3708000,Discharging,8.9,7.6,2.4,11.3,14.1,2266,2922,,,
8829,43309,42706,42371,29700,2000000,2000000,63,3695000,Discharging,9.0,8.1,7.0,9.9,11.4,2248,2862,,,
8831,43644,42304,42438,29600,2000000,2000000,63,3711000,Discharging,9.1,9.4,4.7,7.6,14.7,2392,2952,,,
8833,43108,42371,42103,29700,2000000,2000000,63,3709000,Discharging,9.0,8.2,5.7,11.2,11.2,2264,2860,,,
8836,42572,42237,43108,29700,2000000,2000000,63,3710000,Discharging,9.0,8.5,3.7,8.1,15.2,1443,1847,,,
8838,42907,42639,42639,29700,2000000,2000000,63,3710000,Discharging,9.2,8.0,5.7,14.5,8.1,2268,2851,,,
8840,42505,42639,41969,29700,2000000,2000000,63,3712000,Discharging,8.8,9.8,3.8,10.6,11.3,2230,2882,,,
8842,42974,42304,42371,29700,2000000,2000000,63,3713000,Discharging,9.2,9.3,3.3,11.8,12.3,2422,2916,,,
8844,42974,42304,42170,29600,2000000,2000000,63,3711000,Discharging,8.9,7.6,6.6,11.0,10.8,2186,2882,,,
8846,43376,42505,42706,29700,2000000,2000000,63,3710000,Discharging,8.9,9.5,3.8,7.5,14.7,2260,2874,,,
8848,43108,42304,42572,29700,2000000,2000000,63,3711000,Discharging,9.1,7.6,5.6,8.5,14.7,2259,2868,,,
8850,43376,42371,42840,29700,2000000,2000000,63,3713000,Discharging,9.0,7.7,6.2,9.5,12.1,2309,2878,,,
8853,43242,42371,42572,29700,2000000,2000000,63,3710000,Discharging,8.9,7.6,3.8,9.4,15.1,1501,1925,,,
8855,42974,42371,42371,29600,2000000,2000000,63,3708000,Discharging,8.7,6.7,4.7,9.5,13.0,2190,2886,,,
8857,43443,42304,42572,29700,2000000,2000000,63,3708000,Discharging,8.6,8.0,4.7,7.6,13.9,2264,2880,,,
8859,43242,42371,42036,29700,2000000,2000000,63,3709000,Discharging,8.9,8.0,4.7,15.6,8.1,2229,2882,,,
8861,42974,42371,42505,29700,2000000,2000000,63,3709000,Discharging,8.9,8.0,6.2,8.5,12.7,2322,2962,,,
8863,43175,42237,42170,29700,2000000,2000000,63,3711000,Discharging,8.8,7.7,4.7,7.6,14.1,2208,2884,,,
8865,43108,42371,43041,29700,2000000,2000000,63,3712000,Discharging,8.7,7.1,5.7,7.7,15.1,2256,2840,,,
8867,42907,42170,42304,29700,2000000,2000000,63,3710000,Discharging,9.3,8.5,3.8,17.8,6.6,2284,2907,,,
8870,43577,42773,42706,29600,2000000,2000000,63,3712000,Discharging,8.8,8.5,4.2,15.1,8.1,1494,1917,,,
8872,43175,42505,42773,29700,2000000,2000000,63,3708000,Discharging,8.9,7.6,3.3,9.4,14.6,2402,2951,,,
8874,42773,42505,41835,29700,2000000,2000000,63,3707000,Discharging,9.1,7.1,7.0,15.2,7.1,2197,2882,,,
8876,42907,42237,42505,29700,2000000,2000000,63,3706000,Discharging,8.8,8.9,8.0,7.1,11.8,2285,2918,,,
8878,42572,42237,42304,29700,2000000,2000000,63,3707000,Discharging,8.7,7.6,3.3,15.1,8.9,2275,2869,,,
8880,43041,42505,42371,29700,2000000,2000000,63,3711000,Discharging,9.1,9.5,5.2,10.6,10.0,2196,2835,,,
8882,42773,41902,42371,29700,2000000,2000000,63,3713000,Discharging,8.7,6.8,5.7,4.7,18.1,2370,2886,,,
8885,43376,42505,42907,29700,2000000,2000000,63,3690000,Discharging,8.9,6.2,3.8,12.3,13.4,1499,1952,,,
8887,43175,42639,42371,29700,2000000,2000000,63,3711000,Discharging,9.0,8.9,6.6,13.3,7.5,2252,2909,,,
8889,43376,41835,42036,29700,2000000,2000000,63,3712000,Discharging,8.6,9.0,2.8,8.1,15.1,2198,2864,,,
8891,42974,42572,43041,29700,2000000,2000000,63,3711000,Discharging,9.0,8.5,6.1,14.2,7.2,2225,2871,,,
8893,43108,42036,42773,29600,2000000,2000000,63,3707000,Discharging,9.1,8.1,2.9,14.2,9.9,2408,2976,,,
8895,42907,42438,42773,29700,2000000,2000000,63,3706000,Discharging,9.2,9.5,5.1,11.7,10.5,2298,2919,,,
8897,42974,42706,42907,29700,2000000,2000000,63,3705000,Discharging,8.5,8.0,3.3,5.7,17.6,2322,2970,,,
8899,42773,42304,42371,29700,2000000,2000000,63,3710000,Discharging,8.9,8.1,3.8,11.4,11.3,2244,2871,,,
8902,42840,41902,42505,29700,2000000,2000000,63,3711000,Discharging,8.7,8.6,4.2,18.4,4.3,1585,1968,,,
8904,43041,42371,42505,29700,2000000,2000000,63,3705000,Discharging,8.5,7.1,3.8,7.1,16.5,2234,2918,,,
8906,43510,42572,42438,29700,2000000,2000000,63,3708000,Discharging,9.2,8.1,5.7,10.0,11.3,2218,2852,,,
8908,43309,42706,42103,29700,2000000,2000000,63,3711000,Discharging,8.5,7.5,4.3,8.1,14.7,2220,2872,,,
8910,43443,42572,43242,29700,2000000,2000000,63,3709000,Discharging,9.0,8.5,4.3,6.1,17.7,2194,2855,,,
8912,43108,42103,43108,29700,2000000,2000000,63,3707000,Discharging,9.1,8.5,6.6,4.3,16.4,2430,2932,,,
8914,43108,42304,42304,29700,2000000,2000000,63,3707000,Discharging,9.0,7.5,4.2,12.7,11.4,2226,2859,,,
8916,42840,42371,42773,29700,2000000,2000000,63,3705000,Discharging,8.7,7.1,3.3,6.2,18.3,2170,2837,,,
8919,42639,42170,42773,29700,2000000,2000000,63,3703000,Discharging,9.0,8.5,12.7,5.2,10.0,1522,1966,,,
8921,43309,42304,42706,29700,2000000,2000000,63,3687000,Discharging,9.1,9.9,5.2,8.1,13.3,2256,2868,,,
8923,43108,42572,42438,29700,2000000,2000000,63,3704000,Discharging,8.6,6.7,4.2,9.0,14.6,2380,2916,,,
8925,43644,42505,42371,29700,2000000,2000000,63,3702000,Discharging,9.0,8.1,4.2,7.1,16.1,2224,2834,,,
8927,43443,42706,43041,29700,2000000,2000000,63,3708000,Discharging,8.5,8.5,3.8,10.0,12.3,2250,2858,,,
8929,42974,42438,42773,29700,2000000,2000000,63,3710000,Discharging,8.8,8.5,2.9,11.3,12.9,2258,2915,,,
8931,43175,42639,42170,29700,2000000,2000000,63,3708000,Discharging,8.7,6.7,5.2,5.2,17.3,2270,2924,,,
8933,43175,42438,42237,29700,2000000,2000000,63,3707000,Discharging,9.1,10.3,3.8,7.6,15.6,2384,2953,,,
8936,42840,42840,42773,29700,2000000,2000000,63,3705000,Discharging,8.9,7.1,4.3,7.1,16.7,1460,1903,,,
8938,42706,42170,41902,29700,2000000,2000000,63,3702000,Discharging,9.3,8.1,3.8,11.0,13.5,2256,2890,,,
8940,43577,42572,42974,29700,2000000,2000000,63,3708000,Discharging,8.8,7.1,7.1,13.2,7.7,2208,2880,,,
8942,42505,42572,41701,29700,2000000,2000000,63,3706000,Discharging,8.8,7.7,4.2,10.9,12.6,2191,2905,,,
8944,43309,42371,42036,29700,2000000,2000000,63,3704000,Discharging,9.5,9.0,5.2,10.9,11.7,2352,2948,,,
8946,42974,42036,42572,29700,2000000,2000000,63,3701000,Discharging,8.8,7.6,3.3,12.7,12.7,2246,2866,,,
8948,43242,42036,42505,29700,2000000,2000000,63,3705000,Discharging,9.0,8.1,4.2,12.2,11.0,2298,2902,,,
8951,43376,42572,42371,29700,2000000,2000000,63,3708000,Discharging,9.0,9.0,5.7,5.2,16.4,1494,1917,,,
8953,43577,42371,42371,29700,2000000,2000000,63,3708000,Discharging,8.8,6.7,4.8,16.4,6.7,2382,2941,,,
8955,43175,42304,42773,29700,2000000,2000000,63,3710000,Discharging,9.0,8.5,5.2,9.4,12.8,2187,2854,,,
8957,42840,42505,42572,29700,2000000,2000000,63,3686000,Discharging,8.6,7.1,1.9,9.4,16.0,2303,2876,,,
8959,42907,42840,42170,29700,2000000,2000000,63,3709000,Discharging,8.7,9.4,6.1,5.2,14.4,2224,2898,,,
8961,43108,42371,42572,29700,2000000,2000000,63,3707000,Discharging,9.2,6.2,5.7,8.5,16.4,2260,2939,,,
8963,43443,42170,42773,29700,2000000,2000000,63,3707000,Discharging,8.8,8.1,5.2,9.4,12.2,2418,2956,,,
8965,42840,42505,42103,29700,2000000,2000000,63,3704000,Discharging,9.3,8.5,7.1,8.0,13.7,2276,2915,,,
8968,43443,42706,42103,29700,2000000,2000000,63,3702000,Discharging,9.0,8.5,3.3,12.7,11.8,1503,1902,,,
8970,43510,42505,42505,29700,2000000,2000000,63,3701000,Discharging,8.9,8.1,5.2,8.1,14.1,2226,2886,,,
8972,43041,42103,42505,29700,2000000,2000000,63,3704000,Discharging,9.0,9.0,4.3,6.1,17.0,2266,2923,,,
8974,43175,42505,42371,29700,2000000,2000000,63,3707000,Discharging,8.9,7.6,2.9,13.3,11.7,2363,2933,,,
8976,42840,42371,42907,29700,2000000,2000000,63,3698000,Discharging,9.1,8.5,6.2,4.2,17.4,2282,2886,,,
8978,43108,42237,41768,29700,2000000,2000000,63,3704000,Discharging,8.7,6.7,5.2,15.1,7.7,2232,2867,,,
8980,42907,42103,42505,29700,2000000,2000000,63,3705000,Discharging,8.9,8.1,4.2,14.6,9.9,2232,2842,,,
8982,42505,41768,41701,29700,2000000,2000000,63,3708000,Discharging,8.8,6.2,8.1,13.1,6.1,2236,2890,,,
8985,42572,42438,42840,29700,2000000,2000000,63,3707000,Discharging,9.1,7.7,6.6,8.1,13.7,1590,1958,,,
8987,42639,42304,43108,29700,2000000,2000000,63,3705000,Discharging,8.8,8.9,8.0,3.8,15.0,2301,2889,,,
8989,43242,42371,42371,29700,2000000,2000000,63,3702000,Discharging,8.9,8.0,3.8,14.2,9.0,2188,2845,,,
8991,42840,42505,42371,29700,2000000,2000000,63,3700000,Discharging,9.1,8.5,4.7,8.5,14.3,2200,2860,,,
8993,42974,42304,42438,29700,2000000,2000000,63,3702000,Discharging,8.4,8.1,2.8,13.4,9.5,2250,2856,,,
8995,43309,42237,42840,29700,2000000,2000000,62,3702000,Discharging,10.4,10.5,6.5,11.2,13.7,2572,3268,,,
8997,42639,42304,42706,29700,2000000,2000000,62,3701000,Discharging,8.6,9.4,5.2,6.2,13.3,2258,2889,,,
8999,43242,42371,42572,29700,2000000,2000000,62,3701000,Discharging,9.1,7.6,5.6,10.4,13.6,2218,2886,,,
9002,42639,42036,42907,29700,2000000,2000000,62,3704000,Discharging,9.1,6.7,5.2,5.6,18.3,1513,1940,,,
9004,42907,42572,42304,29700,2000000,2000000,62,3707000,Discharging,9.0,7.6,3.7,6.2,18.7,2390,2978,,,
9006,43108,42773,42304,29700,2000000,2000000,62,3708000,Discharging,9.3,8.5,4.7,4.3,19.3,2232,2920,,,
9008,42572,42304,42036,29700,2000000,2000000,62,3705000,Discharging,8.7,8.1,4.3,6.6,15.0,2245,2916,,,
9010,43041,42304,42572,29700,2000000,2000000,62,3703000,Discharging,8.8,8.6,3.8,13.7,9.4,2202,2860,,,
9012,42773,42170,42304,29700,2000000,2000000,62,3687000,Discharging,8.6,7.5,2.8,13.7,10.9,2257,2897,,,
9014,43376,42773,42572,29700,2000000,2000000,62,3705000,Discharging,8.9,8.1,3.8,4.7,18.8,2386,2948,,,
9016,42840,42840,42639,29700,2000000,2000000,62,3702000,Discharging,9.1,6.7,5.7,12.1,11.4,2236,2845,,,
9019,43108,42103,42170,29700,2000000,2000000,62,3700000,Discharging,8.6,7.1,5.2,6.2,16.5,1524,1946,,,
9021,42840,42170,42036,29700,2000000,2000000,62,3700000,Discharging,9.1,9.0,4.2,5.7,17.0,2244,2864,,,
