# fw=nextui-auto workload=sf2 start=2026-09-13 20:01:45 soak=99C prelaunch=schedutil/1800000 launch_up=2083.48 max0=1800000 gov=schedutil devfreq=none,none backlight=none
elapsed_s,cpu_mc,gpu_mc,ddr_mc,bat_mc,cur_khz,max_khz,batt_pct,batt_uv,status,cpu_busy,c0_busy,c1_busy,c2_busy,c3_busy,irq_s,ctxt_s,df0_hz,df1_hz,backlight
2096,35872,37011,36408,26300,1800000,1800000,88,3962000,Discharging,,,,,,,,,,
2098,35872,36609,36341,26300,1800000,1800000,88,3961000,Discharging,20.6,8.7,13.1,41.7,19.0,2592,2822,,,
2100,36140,36944,36542,26300,1800000,1800000,88,3959000,Discharging,21.3,15.7,11.7,28.5,29.6,2744,2876,,,
2103,36140,37346,36609,26300,1800000,1800000,88,3960000,Discharging,20.4,8.6,8.6,38.6,24.6,1923,1984,,,
2105,35939,36944,36475,26300,1800000,1800000,87,3960000,Discharging,21.1,13.6,9.4,31.5,29.6,2781,2940,,,
2107,36140,37346,36609,26300,1800000,1800000,87,3959000,Discharging,21.5,18.5,15.3,29.5,23.3,3024,3294,,,
2109,36006,37413,36006,26300,1800000,1800000,87,3959000,Discharging,21.3,12.2,11.2,39.9,22.0,2602,2862,,,
2111,36274,37279,36609,26300,1800000,1800000,87,3958000,Discharging,21.4,17.1,21.0,23.3,23.9,2718,2894,,,
2113,36207,37078,36810,26300,1800000,1800000,87,3960000,Discharging,19.7,11.4,18.3,31.0,17.5,3006,3014,,,
2115,36341,36877,36408,26400,1800000,1800000,87,3957000,Discharging,21.6,14.3,16.0,43.0,12.8,2733,2928,,,
2118,36475,37212,36743,26300,1800000,1800000,87,3956000,Discharging,21.3,14.1,16.9,37.2,17.2,1787,1924,,,
2120,36542,36944,36810,26300,1800000,1800000,87,3959000,Discharging,20.8,17.5,12.7,28.2,24.8,2724,2899,,,
2122,36676,37413,36341,26300,1800000,1800000,87,3959000,Discharging,21.2,23.5,9.0,29.7,22.7,2756,2884,,,
2124,36274,37078,36274,26300,1800000,1800000,87,3959000,Discharging,20.5,11.3,9.9,36.7,24.8,2835,2952,,,
2126,36341,37212,36810,26300,1800000,1800000,87,3956000,Discharging,22.5,16.0,21.1,31.5,20.6,2803,2872,,,
2128,36341,37212,36341,26300,1800000,1800000,87,3954000,Discharging,21.5,13.2,10.4,25.6,36.8,3106,3050,,,
2131,36676,37212,36877,26300,1800000,1800000,87,3945000,Discharging,21.6,10.0,22.6,28.6,24.9,2300,2098,,,
2133,36743,37011,36877,26300,1800000,1800000,87,3956000,Discharging,21.4,8.1,9.0,50.9,17.5,3120,3076,,,
2135,36877,37413,36609,26400,1800000,1800000,87,3954000,Discharging,21.0,16.6,7.5,32.7,27.6,3421,3151,,,
2137,36475,37279,36810,26400,1608000,1800000,87,3953000,Discharging,21.4,11.8,16.1,39.9,17.0,3306,3082,,,
2139,36274,37480,36542,26400,1800000,1800000,87,3953000,Discharging,21.9,18.1,12.0,34.6,23.6,3176,3037,,,
2141,36609,37480,37212,26300,1800000,1800000,87,3955000,Discharging,21.6,11.4,5.2,36.2,33.2,2954,3002,,,
2143,36341,37279,36944,26400,1800000,1800000,87,3954000,Discharging,21.7,10.6,7.1,45.4,22.6,3444,3180,,,
2146,36542,37614,37145,26400,1800000,1800000,87,3934000,Discharging,21.8,18.5,11.3,36.4,20.8,2153,2030,,,
2148,36877,37949,37011,26400,1800000,1800000,87,3955000,Discharging,21.5,10.4,15.0,36.4,24.2,3239,3071,,,
2150,36609,37279,37011,26300,1800000,1800000,87,3960000,Discharging,20.8,10.9,11.3,36.3,24.2,3138,3060,,,
2152,36408,37212,36944,26400,1800000,1800000,87,3957000,Discharging,21.0,10.5,14.5,36.7,22.5,2793,2952,,,
2154,36207,37547,37011,26400,1800000,1800000,87,3957000,Discharging,20.3,18.2,17.8,27.6,17.7,2998,3001,,,
2156,36609,36877,36341,26400,1800000,1800000,87,3959000,Discharging,21.6,10.6,10.3,31.3,33.5,2520,2783,,,
2158,36140,36877,36676,26400,1800000,1800000,87,3959000,Discharging,21.4,15.5,17.7,29.0,23.5,2542,2778,,,
2161,36341,37011,36609,26400,1800000,1800000,87,3943000,Discharging,20.9,10.9,8.6,32.1,31.2,1830,1964,,,
2163,36207,37212,36542,26400,1800000,1800000,87,3955000,Discharging,20.6,16.7,13.1,18.0,35.2,2720,2862,,,
2165,36073,37011,36743,26400,1416000,1800000,87,3955000,Discharging,21.0,12.8,22.4,24.3,24.7,2868,2969,,,
2167,36341,37011,36542,26400,1800000,1800000,87,3955000,Discharging,21.4,13.7,14.4,35.5,21.4,2790,2945,,,
2169,36207,36944,36877,26400,1800000,1800000,87,3955000,Discharging,20.9,16.1,14.4,30.3,23.4,2640,2860,,,
2171,36006,37681,36810,26400,1800000,1800000,87,3955000,Discharging,20.8,9.1,13.7,33.5,26.3,2593,2860,,,
2174,36274,36944,36609,26400,1800000,1800000,87,3955000,Discharging,20.5,12.4,15.2,39.4,15.1,1869,1945,,,
2176,36475,37279,36743,26400,1800000,1800000,87,3937000,Discharging,21.2,11.5,15.0,38.6,18.7,2906,2994,,,
2178,36073,37011,36810,26400,1800000,1800000,87,3958000,Discharging,20.6,8.7,13.6,40.6,19.1,2656,2888,,,
2180,36073,37145,36341,26400,1800000,1800000,87,3957000,Discharging,20.9,12.7,8.9,42.7,18.4,2676,2918,,,
2182,36274,37212,36676,26400,1800000,1800000,87,3958000,Discharging,21.3,9.6,11.2,35.2,30.2,2700,2890,,,
2184,36140,37145,36475,26400,1800000,1800000,87,3959000,Discharging,19.7,8.1,13.6,35.8,21.8,2958,3015,,,
2186,36408,37145,36743,26400,1800000,1800000,87,3950000,Discharging,21.5,13.7,16.0,26.0,29.9,2756,2902,,,
2189,36274,37279,36609,26400,1800000,1800000,87,3953000,Discharging,20.9,9.0,12.3,34.9,26.8,1888,1966,,,
2191,36140,37145,36408,26400,1800000,1800000,87,3930000,Discharging,21.5,8.6,14.2,24.9,38.2,2708,2918,,,
2193,36408,37547,37145,26400,1800000,1800000,87,3952000,Discharging,21.2,11.3,16.4,37.9,18.9,2789,2942,,,
2195,36475,37279,36944,26400,1800000,1800000,87,3951000,Discharging,20.4,13.3,12.3,34.1,22.5,3066,3010,,,
2197,36609,37346,37011,26400,1800000,1800000,87,3951000,Discharging,21.4,14.6,10.8,40.6,18.8,2712,2872,,,
2199,36475,37547,36676,26400,1800000,1800000,87,3950000,Discharging,21.1,16.7,12.2,29.6,25.6,2897,2950,,,
2201,36274,37346,36743,26500,1800000,1800000,87,3952000,Discharging,20.8,16.0,9.5,32.4,26.1,2852,2942,,,
2204,36341,37748,36408,26500,1800000,1800000,87,3952000,Discharging,20.6,17.6,13.8,31.6,19.4,1951,1978,,,
2206,36609,37346,37279,26500,1800000,1800000,87,3952000,Discharging,20.9,9.4,16.0,36.6,20.9,3020,3032,,,
2208,36743,37547,37279,26500,1800000,1800000,87,3952000,Discharging,21.5,10.6,11.6,47.2,15.6,2656,2893,,,
2210,36274,37145,36341,26500,1800000,1800000,87,3955000,Discharging,20.9,13.3,11.3,32.4,27.6,2546,2824,,,
2212,36341,37145,36609,26500,1416000,1800000,87,3954000,Discharging,21.3,13.1,9.3,45.3,18.1,2638,2874,,,
2214,36274,37480,36408,26500,1800000,1800000,87,3956000,Discharging,20.0,12.6,11.2,34.9,20.3,2670,2867,,,
2217,36341,37614,36609,26500,1800000,1800000,87,3957000,Discharging,20.8,15.1,18.1,22.6,28.4,1890,1944,,,
2219,36408,37480,36542,26500,1608000,1800000,87,3955000,Discharging,20.7,18.9,16.3,30.5,16.5,2611,2806,,,
2221,36542,37145,36475,26500,1800000,1800000,87,3953000,Discharging,21.1,13.3,13.1,39.8,18.1,2716,2896,,,
2223,36609,37815,37078,26500,1800000,1800000,87,3955000,Discharging,21.4,16.6,16.4,28.3,23.7,2766,2908,,,
2225,36475,36877,36743,26500,1800000,1800000,87,3953000,Discharging,21.2,14.3,9.4,16.2,44.3,2879,2996,,,
2227,36542,37346,36810,26500,1800000,1800000,87,3955000,Discharging,21.5,14.4,9.8,21.5,40.8,2572,2827,,,
2229,36140,37145,36877,26500,1800000,1800000,87,3953000,Discharging,20.7,11.8,16.4,34.3,20.6,2612,2876,,,
2232,36274,37614,36676,26500,1800000,1800000,87,3956000,Discharging,21.7,12.4,16.4,30.8,26.2,1778,1921,,,
2234,36073,37011,36609,26500,1800000,1800000,87,3955000,Discharging,21.1,14.2,9.7,37.9,23.6,2659,2908,,,
2236,36542,37614,36877,26500,1800000,1800000,87,3956000,Discharging,20.4,16.7,18.3,23.5,22.6,2844,2914,,,
2238,36877,37346,36877,26500,1800000,1800000,87,3955000,Discharging,21.0,7.7,16.6,40.8,19.0,2680,2894,,,
2240,36073,37145,36877,26500,1800000,1800000,87,3955000,Discharging,21.0,9.9,13.2,36.0,24.4,2660,2848,,,
2242,36341,37413,36475,26500,1800000,1800000,87,3955000,Discharging,21.4,10.4,18.7,37.2,19.5,2761,2906,,,
2244,36542,37748,36609,26500,1800000,1800000,87,3957000,Discharging,20.5,8.2,15.9,32.4,24.9,2558,2818,,,
2247,36676,37547,36609,26500,1800000,1800000,87,3953000,Discharging,22.0,17.1,12.3,43.1,15.4,1924,1990,,,
2249,36475,37346,36810,26500,1800000,1800000,87,3952000,Discharging,21.2,8.1,9.4,40.1,26.9,2575,2856,,,
2251,36207,37212,36944,26500,1800000,1800000,87,3951000,Discharging,21.0,11.5,12.3,37.0,22.9,2736,2912,,,
2253,36274,37547,37212,26600,1800000,1800000,87,3952000,Discharging,21.7,9.0,14.0,31.8,33.2,2666,2874,,,
2255,36140,37748,36609,26500,1800000,1800000,87,3952000,Discharging,20.8,16.5,5.7,29.3,29.6,2680,2902,,,
2257,36743,37346,36877,26600,1800000,1800000,87,3951000,Discharging,21.3,8.1,12.7,38.3,27.0,2897,2998,,,
2260,36609,37346,37078,26600,1800000,1800000,87,3952000,Discharging,21.0,9.4,15.2,27.8,31.0,1757,1915,,,
2262,37078,37145,37011,26500,1800000,1800000,87,3952000,Discharging,21.7,13.3,12.7,33.2,27.2,2757,2930,,,
2264,36341,37413,36609,26500,1800000,1800000,87,3952000,Discharging,21.3,10.3,6.2,38.0,31.0,2579,2878,,,
2266,36676,37413,37212,26600,1800000,1800000,87,3951000,Discharging,21.3,14.2,14.2,39.5,17.4,2918,3039,,,
2268,36743,37279,37413,26700,1800000,1800000,87,3950000,Discharging,21.4,12.0,10.0,40.7,22.1,2826,3006,,,
2270,36408,36877,36542,26500,1800000,1800000,87,3953000,Discharging,20.7,13.7,15.2,26.5,26.8,2528,2835,,,
2272,36475,37614,36743,26600,1800000,1800000,87,3954000,Discharging,21.9,13.2,18.1,19.2,37.1,2658,2874,,,
2275,36475,37346,36877,26500,1800000,1800000,87,3956000,Discharging,20.9,8.7,14.6,28.9,30.8,1708,1867,,,
2277,36475,37480,36944,26600,1800000,1800000,87,3954000,Discharging,21.8,10.5,9.4,13.9,54.0,2705,2854,,,
2279,36475,37748,36609,26500,1800000,1800000,87,3953000,Discharging,21.0,7.2,14.6,30.7,30.8,2572,2848,,,
2281,36475,37346,36877,26600,1800000,1800000,87,3954000,Discharging,21.3,13.8,12.1,28.2,31.8,2614,2854,,,
2283,35939,37480,36676,26600,1800000,1800000,87,3937000,Discharging,21.8,9.9,8.7,39.9,27.2,2562,2840,,,
2285,36140,37011,36743,26600,1800000,1800000,87,3951000,Discharging,20.9,9.1,8.1,36.4,29.3,2692,2886,,,
2287,36408,37547,36542,26600,1800000,1800000,87,3951000,Discharging,21.2,9.0,10.4,34.0,31.6,2852,2979,,,
2290,36676,37480,37145,26600,1800000,1800000,87,3952000,Discharging,20.6,13.5,16.3,21.0,31.3,1797,1922,,,
2292,36073,37681,36944,26600,1608000,1800000,87,3951000,Discharging,21.3,9.5,15.2,14.7,45.5,2598,2862,,,
2294,36810,37614,37078,26600,1800000,1800000,87,3949000,Discharging,20.7,9.4,12.2,23.5,37.7,2650,2890,,,
2296,36408,37413,36743,26600,1800000,1800000,87,3951000,Discharging,21.3,11.5,12.1,14.0,47.2,2676,2870,,,
2298,36542,37480,36810,26600,1800000,1800000,87,3935000,Discharging,22.2,12.9,8.0,17.1,50.0,2872,2932,,,
2300,36207,37413,36676,26600,1800000,1800000,87,3954000,Discharging,21.0,8.7,12.7,35.5,26.3,2702,2964,,,
2302,36542,37614,37011,26600,1800000,1800000,87,3954000,Discharging,21.0,16.3,16.4,26.3,25.2,2660,2958,,,
2305,36408,37346,37078,26700,1800000,1800000,87,3950000,Discharging,20.7,12.4,23.6,29.3,17.5,1817,1995,,,
2307,36676,37614,36609,26700,1800000,1800000,87,3949000,Discharging,22.0,9.8,7.5,18.9,50.9,2983,3130,,,
2309,37011,37480,36408,26700,1800000,1800000,87,3948000,Discharging,21.0,17.8,14.0,23.4,28.8,2904,3054,,,
2311,36743,37346,36877,26700,1800000,1800000,87,3948000,Discharging,21.0,24.6,19.8,25.0,14.9,3068,3095,,,
2313,36475,37145,37212,26700,1800000,1800000,87,3928000,Discharging,22.1,11.4,13.9,25.0,37.5,2726,3004,,,
2315,36676,37279,36877,26700,1800000,1800000,87,3950000,Discharging,21.8,10.4,10.8,35.8,29.9,2786,3029,,,
2318,36676,37145,36341,26700,1800000,1800000,87,3948000,Discharging,21.7,11.0,9.0,29.9,36.4,2030,2065,,,
2320,36810,37480,36877,26700,1800000,1800000,87,3948000,Discharging,21.2,14.4,9.0,25.2,35.8,2815,3005,,,
2322,36676,37480,37078,26700,1800000,1800000,87,3949000,Discharging,21.7,18.9,9.9,40.7,17.3,2920,3036,,,
2324,36609,37212,36877,26700,1800000,1800000,87,3949000,Discharging,21.1,14.8,6.6,38.4,24.8,2786,2984,,,
2326,36408,37279,36877,26700,1800000,1800000,87,3949000,Discharging,21.9,11.8,13.6,25.6,36.8,2758,3024,,,
2328,36408,37949,36676,26700,1800000,1800000,87,3931000,Discharging,21.4,12.0,17.5,33.6,22.9,2821,3014,,,
2330,36810,37480,36408,26700,1800000,1800000,87,3951000,Discharging,20.6,11.8,10.1,20.4,39.8,2628,2932,,,
2333,36609,37547,37011,26700,1800000,1800000,87,3951000,Discharging,22.3,12.3,12.8,31.6,31.9,1762,1941,,,
2335,36542,37681,36944,26700,1800000,1800000,87,3953000,Discharging,20.2,11.4,13.7,34.4,21.7,2618,2936,,,
2337,36609,37346,36743,26700,1800000,1800000,87,3951000,Discharging,21.5,16.6,8.9,14.6,45.3,2544,2893,,,
2339,36609,37145,37011,26700,1800000,1800000,87,3949000,Discharging,21.5,18.6,11.0,17.8,39.2,2846,2984,,,
2341,36609,37212,36743,26700,1800000,1800000,87,3949000,Discharging,21.3,12.6,11.3,30.7,29.2,2716,2996,,,
2343,36542,37547,37413,26700,1800000,1800000,87,3949000,Discharging,21.1,17.4,10.4,11.3,46.4,2720,2963,,,
2345,36810,37279,37480,26700,1800000,1800000,87,3951000,Discharging,21.6,13.9,7.5,13.6,50.5,2686,2944,,,
2348,36743,37480,37011,26700,1608000,1800000,87,3950000,Discharging,21.8,10.0,14.7,15.1,47.6,1752,1955,,,
2350,36810,37681,37346,26700,1800000,1800000,87,3949000,Discharging,21.0,19.4,9.9,28.2,26.0,2876,3038,,,
2352,36609,37681,37078,26700,1800000,1800000,87,3949000,Discharging,21.1,10.9,15.6,21.0,37.2,2651,2952,,,
2354,36341,37614,36810,26700,1800000,1800000,87,3950000,Discharging,21.9,13.1,9.9,24.8,38.8,2578,2918,,,
2356,36140,37480,36944,26700,1800000,1800000,87,3949000,Discharging,20.8,9.5,14.8,34.9,24.0,2688,2964,,,
2358,36944,37882,37145,26700,1608000,1800000,87,3946000,Discharging,21.5,16.5,10.8,23.3,35.7,2988,3087,,,
2361,36609,37279,36743,26700,1800000,1800000,87,3952000,Discharging,20.7,15.3,13.2,35.7,18.2,1847,1998,,,
2363,36408,37547,37212,26700,1800000,1800000,87,3955000,Discharging,21.5,12.9,17.8,23.0,31.5,2782,3002,,,
2365,36341,37480,36810,26700,1800000,1800000,87,3948000,Discharging,20.9,9.1,14.8,29.1,30.8,2660,2920,,,
2367,36341,37614,36609,26700,1800000,1800000,87,3949000,Discharging,21.2,9.5,14.0,16.5,45.5,2610,2960,,,
2369,36743,37078,37145,26700,1800000,1800000,87,3948000,Discharging,21.8,11.0,7.6,31.5,36.8,2815,3040,,,
2371,36609,37547,37011,26800,1800000,1800000,87,3947000,Discharging,21.5,12.4,7.1,16.3,50.0,2600,2936,,,
2373,36609,37815,36810,26800,1416000,1800000,87,3947000,Discharging,21.6,23.7,12.4,18.4,32.2,2822,2967,,,
2376,36274,37614,36810,26800,1800000,1800000,87,3946000,Discharging,21.2,15.2,10.7,18.2,41.0,1819,2022,,,
2378,36609,37748,36743,26800,1800000,1800000,87,3945000,Discharging,21.8,15.6,15.0,28.0,27.9,2886,3049,,,
2380,36408,37145,37480,26800,1800000,1800000,87,3946000,Discharging,20.9,17.1,7.6,18.1,40.3,2980,3088,,,
2382,36676,37748,37011,26800,1800000,1800000,87,3946000,Discharging,21.1,13.2,8.0,27.6,35.6,2768,3050,,,
2384,36542,37614,36944,26800,1800000,1800000,87,3946000,Discharging,21.4,9.1,16.0,27.3,32.9,2628,2955,,,
2386,36743,37346,37145,26800,1416000,1800000,87,3945000,Discharging,21.0,14.4,11.3,20.8,37.0,2596,2934,,,
2389,36676,37346,37212,26800,1800000,1800000,87,3952000,Discharging,21.8,13.8,7.2,34.6,31.2,1739,1916,,,
2391,36743,37614,36609,26800,1416000,1800000,87,3949000,Discharging,20.6,27.1,14.3,11.3,29.2,2844,3012,,,
2393,36408,37480,36542,26800,1800000,1800000,87,3952000,Discharging,21.5,17.5,19.2,26.8,22.3,2646,2964,,,
2395,36341,37614,36609,26700,1800000,1800000,87,3951000,Discharging,21.4,20.9,8.0,24.1,32.9,2560,2854,,,
2397,36073,37145,36944,26800,1800000,1800000,87,3950000,Discharging,21.1,15.9,14.2,22.4,32.2,5292,8146,,,
2400,36207,37681,36676,26800,1800000,1800000,87,3947000,Discharging,21.4,18.3,17.8,23.1,25.9,4557,6990,,,
2402,37078,37949,36944,26800,1800000,1800000,87,3947000,Discharging,20.2,11.7,18.5,20.1,30.8,6565,10402,,,
2405,36877,37614,37145,26800,1800000,1800000,87,3947000,Discharging,21.7,14.9,18.9,19.6,32.9,4477,6930,,,
2407,36542,37346,36810,26800,1800000,1800000,87,3949000,Discharging,21.6,8.3,13.7,47.9,15.9,5876,9180,,,
2409,36341,37547,37145,26800,1800000,1800000,87,3949000,Discharging,21.5,13.6,18.5,26.7,27.2,5133,7322,,,
2412,36810,37413,36877,26800,1800000,1800000,87,3949000,Discharging,21.2,13.9,12.4,28.7,29.3,1929,2197,,,
2414,36341,37547,36676,26800,1800000,1800000,87,3935000,Discharging,22.5,12.7,13.4,19.4,44.5,2831,3284,,,
2416,36408,37614,36877,26800,1800000,1800000,87,3947000,Discharging,21.2,20.1,17.0,13.0,34.2,2970,3321,,,
2418,36542,37882,37078,26800,1800000,1800000,87,3949000,Discharging,21.5,12.3,18.7,28.4,26.1,3022,3443,,,
2420,36944,37748,37011,26800,1800000,1800000,87,3950000,Discharging,21.7,13.0,14.6,20.9,38.0,3109,3418,,,
2422,36676,37748,37212,26800,1800000,1800000,87,3949000,Discharging,21.8,11.6,9.3,20.2,46.6,2723,3124,,,
2425,36743,37614,36542,26800,1800000,1800000,87,3948000,Discharging,22.3,15.4,17.9,20.8,34.4,1872,2079,,,
2427,36274,37346,36676,26800,1800000,1800000,87,3945000,Discharging,22.1,9.8,18.1,11.9,49.3,2851,3201,,,
2429,36810,37614,36676,26800,1800000,1800000,87,3945000,Discharging,22.2,8.0,10.1,30.7,39.2,2846,3271,,,
2431,36542,37480,36810,26800,1608000,1800000,87,3946000,Discharging,21.5,10.8,9.7,27.3,38.4,3141,3580,,,
2433,37815,38351,37279,26900,1800000,1800000,86,3937000,Discharging,26.1,13.2,27.5,29.5,32.7,3575,4359,,,
2436,37011,37681,37346,26800,1608000,1800000,86,3946000,Discharging,20.9,10.0,12.8,21.9,39.6,2013,2183,,,
2438,36810,37614,37078,26900,1800000,1800000,86,3948000,Discharging,21.4,13.4,15.1,22.9,33.8,2814,3293,,,
2440,36676,36877,37078,26800,1800000,1800000,86,3947000,Discharging,21.9,12.1,18.5,24.0,32.3,3018,3394,,,
2442,36877,37346,37078,26800,1800000,1800000,86,3950000,Discharging,20.7,15.6,12.9,32.9,21.7,2822,3230,,,
2444,36408,37145,36877,26800,1800000,1800000,86,3949000,Discharging,20.9,17.4,14.8,24.5,26.1,3078,3436,,,
2447,36609,37547,36944,26800,1800000,1800000,86,3949000,Discharging,20.9,14.7,18.2,32.7,19.1,2002,2345,,,
2449,36475,37681,37212,26800,1800000,1800000,86,3922000,Discharging,21.1,12.5,15.2,19.2,37.2,3186,3412,,,
2451,36743,37748,37346,26900,1800000,1800000,86,3946000,Discharging,21.9,9.4,12.4,46.3,19.6,3258,3633,,,
2453,36341,37346,37212,26900,1800000,1800000,86,3946000,Discharging,22.0,15.9,13.2,32.3,25.8,3040,3404,,,
2455,36408,37815,36944,26800,1800000,1800000,86,3946000,Discharging,21.2,11.3,15.2,29.4,29.2,2844,3216,,,
2458,36743,37748,37346,26800,1800000,1800000,86,3945000,Discharging,21.4,14.4,15.3,26.3,29.4,1958,2195,,,
2460,36944,37547,37145,26900,1800000,1800000,86,3946000,Discharging,21.3,14.6,12.4,39.7,18.0,3012,3209,,,
2462,36676,37748,36877,26900,1608000,1800000,86,3947000,Discharging,21.4,19.9,11.1,31.8,22.7,3172,3603,,,
2464,36743,37748,37279,26800,1800000,1800000,86,3947000,Discharging,21.2,14.0,18.7,33.8,18.4,3128,3360,,,
2466,36609,37748,36542,26900,1800000,1800000,86,3949000,Discharging,21.4,14.7,8.3,38.4,24.0,2930,3292,,,
2469,36743,37614,37212,26900,1800000,1800000,86,3948000,Discharging,22.1,8.6,10.9,21.3,47.5,1835,2138,,,
2471,36743,38150,37078,26900,1608000,1800000,86,3949000,Discharging,21.3,13.0,18.3,20.9,32.1,3100,3511,,,
2473,36676,37815,37279,26900,1800000,1800000,86,3920000,Discharging,22.1,11.7,11.1,34.1,31.1,2810,3283,,,
2475,36944,37681,37078,26900,1800000,1800000,86,3943000,Discharging,21.6,8.5,20.5,27.6,29.7,3120,3466,,,
2477,36810,37815,37212,26900,1800000,1800000,86,3944000,Discharging,21.8,23.6,13.3,13.8,37.1,2943,3316,,,
2480,37078,37681,37212,26900,1800000,1800000,86,3945000,Discharging,21.6,17.1,10.6,13.4,44.8,2143,2339,,,
2482,36810,37815,37480,26900,1800000,1800000,86,3942000,Discharging,21.9,15.3,13.5,22.3,36.1,3226,3316,,,
2484,36877,38284,37279,26900,1800000,1800000,86,3944000,Discharging,22.1,10.0,18.3,24.8,35.0,2920,3313,,,
2486,36944,37681,36944,27000,1800000,1800000,86,3944000,Discharging,21.5,9.1,15.0,37.0,25.0,2662,2986,,,
2488,36743,37949,36877,26900,1800000,1800000,86,3942000,Discharging,21.0,10.5,14.6,25.0,33.8,2670,3008,,,
2490,36810,37547,37011,26900,1800000,1800000,86,3944000,Discharging,22.1,10.0,16.4,25.9,35.5,2630,2954,,,
2493,36743,37815,37212,26900,1800000,1800000,86,3943000,Discharging,21.5,10.0,9.4,33.5,33.3,1880,2041,,,
2495,37145,37815,37145,26900,1800000,1800000,86,3943000,Discharging,22.1,12.4,9.8,37.1,28.8,2670,2953,,,
2497,36676,37815,36877,26900,1416000,1800000,86,3946000,Discharging,21.3,13.3,7.0,22.2,41.9,2652,2952,,,
2499,36944,37748,37145,26900,1800000,1800000,86,3945000,Discharging,20.7,20.0,15.0,20.7,27.7,2724,2960,,,
2501,36676,37681,37346,27000,1800000,1800000,86,3946000,Discharging,21.5,8.1,13.7,31.2,33.0,2565,2888,,,
2503,36944,37614,37145,26900,1800000,1800000,86,3947000,Discharging,21.4,17.8,8.4,28.7,30.2,2799,3013,,,
2505,36274,37614,36877,26900,1800000,1800000,86,3944000,Discharging,22.3,11.9,11.2,36.6,29.0,2630,2944,,,
2508,36743,37681,36944,26900,1608000,1800000,86,3944000,Discharging,21.2,10.3,14.6,27.0,33.6,1716,1965,,,
2510,36877,38016,37614,26900,1800000,1800000,86,3945000,Discharging,21.2,16.5,11.8,28.4,26.5,2748,2990,,,
2512,36743,37815,37078,26900,1800000,1800000,86,3944000,Discharging,21.4,10.9,9.8,32.2,33.2,2756,3001,,,
2514,36542,37547,37078,26900,1800000,1800000,86,3944000,Discharging,21.4,13.5,19.2,26.3,26.8,2656,2954,,,
2516,36944,37748,36609,26900,1800000,1800000,86,3934000,Discharging,20.6,13.0,15.1,26.3,27.2,2650,2961,,,
2518,37011,37547,37011,26900,1800000,1800000,86,3945000,Discharging,21.8,9.0,10.8,17.5,49.3,2550,2928,,,
2520,36676,37614,37480,26900,1800000,1800000,86,3945000,Discharging,22.3,9.1,11.2,21.7,45.9,2670,2938,,,
2523,36810,37748,37279,27000,1800000,1800000,86,3944000,Discharging,20.9,8.6,17.8,34.3,23.4,1820,1987,,,
2525,36877,38016,37011,26900,1800000,1800000,86,3948000,Discharging,21.3,8.2,14.1,38.1,25.5,2550,2943,,,
2527,36877,38016,37011,26900,1200000,1800000,86,3947000,Discharging,21.2,10.0,12.3,23.0,38.8,2565,2934,,,
2529,36676,37614,37212,26900,1800000,1800000,86,3946000,Discharging,21.7,12.8,12.7,14.4,46.9,2674,2964,,,
2531,36877,37748,36676,26900,1800000,1800000,86,3934000,Discharging,20.8,12.3,12.8,31.3,26.8,2610,2919,,,
2533,36743,37681,37145,27000,1800000,1800000,86,3943000,Discharging,21.0,6.8,8.5,35.1,33.5,2696,2972,,,
2536,36877,37547,36810,27000,1800000,1800000,86,3942000,Discharging,21.4,12.9,13.7,31.2,27.6,1825,1993,,,
2538,36877,37413,37748,27000,1800000,1800000,86,3943000,Discharging,21.6,12.8,12.7,11.4,48.1,2588,2914,,,
2540,36810,37480,37145,27000,1800000,1800000,86,3942000,Discharging,21.5,9.6,16.5,26.6,33.8,2684,2971,,,
2542,36676,37882,37078,26900,1800000,1800000,86,3942000,Discharging,20.5,13.4,11.4,20.9,36.0,2774,2989,,,
2544,36475,37681,37279,27000,1800000,1800000,86,3942000,Discharging,21.1,11.7,16.0,21.1,35.2,2870,3044,,,
2546,36676,37480,36944,27000,1800000,1800000,86,3928000,Discharging,22.4,8.6,5.6,53.7,22.1,2580,2943,,,
2548,36810,37681,37212,27000,1800000,1800000,86,3942000,Discharging,21.2,13.2,17.0,12.9,41.3,2583,2934,,,
2551,36877,37413,37547,27000,1800000,1800000,86,3942000,Discharging,21.7,12.9,6.6,23.1,44.1,1746,1953,,,
2553,37212,37882,37346,27000,1800000,1800000,86,3941000,Discharging,21.5,8.7,10.7,42.1,23.6,2772,3044,,,
2555,36877,38083,37346,27000,1800000,1800000,86,3940000,Discharging,22.3,9.5,9.8,32.5,37.3,2633,2942,,,
2557,36810,37413,37413,27000,1608000,1800000,86,3943000,Discharging,21.7,13.6,10.8,13.6,49.0,2511,2876,,,
2559,36609,37212,37078,27000,1800000,1800000,86,3943000,Discharging,21.3,10.0,14.6,29.7,31.5,2674,2946,,,
2561,36743,37480,36944,26900,1800000,1800000,86,3927000,Discharging,20.8,11.0,13.1,26.2,32.7,2572,2926,,,
2563,36542,37748,37279,27000,1800000,1800000,86,3944000,Discharging,21.1,9.0,18.3,28.5,29.2,2709,2962,,,
2566,36743,37882,37279,27000,1800000,1800000,86,3945000,Discharging,21.3,18.4,5.7,19.6,40.4,1753,1925,,,
2568,36810,37547,37011,27000,1800000,1800000,86,3944000,Discharging,21.5,11.0,10.4,29.9,34.3,2647,2960,,,
2570,36542,37480,37279,27000,1800000,1800000,86,3945000,Discharging,21.8,10.6,10.8,12.8,53.3,2560,2933,,,
2572,37011,37547,36877,27000,1800000,1800000,86,3944000,Discharging,21.5,12.7,19.5,14.3,38.8,2590,2944,,,
2574,36609,37279,37480,27000,1800000,1800000,86,3943000,Discharging,22.3,10.0,10.3,20.9,47.2,2813,2986,,,
2576,37011,37815,37346,27000,1800000,1800000,86,3943000,Discharging,21.1,25.6,10.2,23.5,24.4,2803,2992,,,
