# fw=nextui-performance workload=thps2 start=2026-09-13 22:05:40 soak=99C prelaunch=performance/2000000 launch_up=9518.16 max0=2000000 gov=performance devfreq=none,none backlight=none
elapsed_s,cpu_mc,gpu_mc,ddr_mc,bat_mc,cur_khz,max_khz,batt_pct,batt_uv,status,cpu_busy,c0_busy,c1_busy,c2_busy,c3_busy,irq_s,ctxt_s,df0_hz,df1_hz,backlight
9531,44783,43242,44381,29700,2000000,2000000,60,3684000,Discharging,,,,,,,,,,
9533,44917,44180,44582,29700,2000000,2000000,59,3683000,Discharging,12.4,15.5,4.7,14.2,15.5,3141,4394,,,
9535,44783,43577,43711,29700,2000000,2000000,59,3681000,Discharging,11.4,9.0,10.0,16.7,9.9,3039,4056,,,
9537,44448,43443,43979,29700,2000000,2000000,59,3662000,Discharging,11.7,9.0,5.2,14.3,17.5,3130,4144,,,
9539,44917,43175,43979,29700,2000000,2000000,59,3682000,Discharging,11.6,8.6,9.8,10.8,17.0,3089,4158,,,
9541,44984,43443,43912,29700,2000000,2000000,59,3681000,Discharging,11.6,10.9,9.0,16.6,9.9,3070,4122,,,
9544,45118,43309,44381,29700,2000000,2000000,59,3676000,Discharging,11.9,9.6,10.6,14.6,13.1,2046,2772,,,
9546,44046,43778,44314,29700,2000000,2000000,59,3674000,Discharging,11.7,11.5,5.7,16.5,12.5,3151,4170,,,
9548,44582,43778,43845,29700,2000000,2000000,59,3677000,Discharging,10.8,8.6,8.1,8.0,18.8,3185,4170,,,
9550,44783,43711,44046,29700,2000000,2000000,59,3681000,Discharging,11.3,10.0,5.2,16.9,12.7,3082,4098,,,
9552,44180,43577,43912,29700,2000000,2000000,59,3683000,Discharging,10.9,10.4,5.7,14.4,12.7,3006,4104,,,
9554,44783,43778,44314,29700,2000000,2000000,59,3658000,Discharging,11.3,10.0,5.2,17.1,12.8,3003,4077,,,
9556,44247,43041,44046,29700,2000000,2000000,59,3676000,Discharging,10.9,10.0,5.3,14.2,14.1,3042,4107,,,
9559,44984,43376,44046,29700,2000000,2000000,59,3683000,Discharging,11.0,9.0,7.5,13.3,14.7,2077,2755,,,
9561,44917,43979,44046,29700,2000000,2000000,59,3685000,Discharging,11.8,12.3,8.9,14.3,12.1,3122,4158,,,
9563,44448,43309,44046,29700,2000000,2000000,59,3682000,Discharging,11.0,11.7,3.8,15.2,12.9,2959,4082,,,
9565,44783,43309,43912,29700,2000000,2000000,59,3673000,Discharging,11.6,11.4,6.6,13.2,15.2,3065,4056,,,
9567,44582,43175,43644,29700,2000000,2000000,59,3667000,Discharging,11.3,9.5,3.4,13.1,18.8,3068,4086,,,
9569,44180,43309,43979,29700,2000000,2000000,59,3669000,Discharging,11.0,12.4,9.5,10.5,11.7,3036,4051,,,
9571,44716,43376,43979,29700,2000000,2000000,59,3674000,Discharging,11.5,8.1,7.7,14.3,15.3,2983,4030,,,
9573,44783,43577,43979,29700,2000000,2000000,59,3668000,Discharging,11.6,7.6,6.6,21.0,11.4,3026,4110,,,
9576,44314,43778,44113,29700,2000000,2000000,59,3670000,Discharging,11.7,11.3,4.8,16.7,14.2,2054,2729,,,
9578,44582,43577,44381,29700,2000000,2000000,59,3674000,Discharging,11.0,7.7,4.7,15.6,15.7,3135,4138,,,
9580,44917,43376,43845,29700,2000000,2000000,59,3678000,Discharging,11.6,11.0,5.7,7.6,22.6,3037,4110,,,
9582,44448,43644,44046,29700,2000000,2000000,59,3676000,Discharging,11.3,9.5,3.8,20.4,11.2,3068,4146,,,
9584,44515,43443,43912,29700,2000000,2000000,59,3676000,Discharging,11.5,8.6,6.2,17.4,14.5,3082,4129,,,
9586,44984,43979,44113,29700,2000000,2000000,59,3671000,Discharging,11.5,8.1,5.7,23.6,7.6,3013,4120,,,
9588,44448,43577,43979,29700,2000000,2000000,59,3666000,Discharging,11.3,9.1,5.2,20.3,10.8,3182,4162,,,
9590,45520,43644,44381,29700,2000000,2000000,59,3655000,Discharging,11.7,9.5,6.2,16.0,16.0,3133,4150,,,
9593,44984,44046,43778,29700,2000000,2000000,59,3671000,Discharging,11.6,8.7,6.1,18.7,11.8,2020,2734,,,
9595,44984,43778,43912,29700,2000000,2000000,59,3663000,Discharging,11.4,11.9,4.2,18.1,11.3,3058,4088,,,
9597,44783,43376,43979,29700,2000000,2000000,59,3670000,Discharging,11.6,11.5,8.1,13.2,14.0,3054,4118,,,
9599,44515,43443,43979,29700,2000000,2000000,59,3674000,Discharging,11.3,11.5,5.2,9.9,17.5,3254,4174,,,
9601,44716,44113,44314,29700,2000000,2000000,59,3676000,Discharging,11.8,13.3,5.7,13.1,15.6,3070,4122,,,
9603,44783,43912,44247,29700,2000000,2000000,59,3673000,Discharging,11.4,8.1,5.2,14.6,17.8,2984,4089,,,
9605,44783,43309,44180,29700,2000000,2000000,59,3670000,Discharging,11.6,11.0,6.5,14.8,14.6,3042,4078,,,
9608,44850,43644,43845,29700,2000000,2000000,59,3670000,Discharging,11.6,9.1,5.7,12.7,19.2,2029,2728,,,
9610,44582,43510,44046,29700,2000000,2000000,59,3674000,Discharging,11.0,9.6,5.2,16.5,12.9,3164,4134,,,
9612,44448,43778,44180,29700,2000000,2000000,59,3670000,Discharging,11.7,8.1,6.6,8.1,22.9,2955,4058,,,
9614,44649,43376,44046,29700,2000000,2000000,59,3669000,Discharging,10.9,9.0,4.7,16.4,13.8,3035,4111,,,
9616,44850,43510,43577,29700,2000000,2000000,59,3666000,Discharging,11.6,9.5,9.3,19.0,9.0,2979,4059,,,
9618,45118,43577,44582,29700,2000000,2000000,59,3673000,Discharging,11.9,8.6,5.2,13.6,19.2,3146,4136,,,
9620,44850,43108,44247,29700,2000000,2000000,59,3674000,Discharging,11.5,8.6,4.7,13.8,19.3,3063,4124,,,
9622,44582,43577,43912,29700,2000000,2000000,59,3673000,Discharging,11.8,9.5,5.6,16.9,15.3,3024,4104,,,
9625,44649,43711,43711,29700,2000000,2000000,59,3670000,Discharging,11.5,7.2,7.5,15.0,15.9,2016,2735,,,
9627,45051,43309,43979,29700,2000000,2000000,59,3674000,Discharging,11.8,10.5,5.7,15.7,14.5,3059,4110,,,
9629,44180,43175,44247,29700,2000000,2000000,59,3670000,Discharging,11.6,7.6,2.9,20.2,14.9,3102,4140,,,
9631,44582,43778,43711,29700,2000000,2000000,59,3667000,Discharging,11.3,6.8,8.8,14.6,15.8,3047,4112,,,
9633,45185,43912,44113,29700,2000000,2000000,59,3667000,Discharging,11.3,11.4,5.7,19.4,8.5,3085,4159,,,
9635,44850,43376,43979,29700,2000000,2000000,59,3670000,Discharging,11.8,8.6,7.1,20.2,11.3,3025,4095,,,
9637,44582,43510,43979,29700,2000000,2000000,59,3671000,Discharging,11.3,8.6,5.2,8.9,22.8,3022,4106,,,
9640,44515,43711,43912,29700,2000000,2000000,59,3674000,Discharging,11.6,13.2,5.2,13.3,14.3,2164,2792,,,
9642,44515,43577,43510,29700,2000000,2000000,59,3671000,Discharging,11.9,9.0,6.6,17.8,14.1,3011,4085,,,
9644,44515,43376,44180,29700,2000000,2000000,59,3662000,Discharging,11.1,8.6,5.7,15.2,15.2,2945,4036,,,
9646,44984,43577,44113,29700,2000000,2000000,59,3671000,Discharging,12.1,9.0,6.5,18.1,14.6,3016,4069,,,
9648,44917,43845,44649,29700,2000000,2000000,59,3668000,Discharging,11.3,6.7,4.7,14.2,19.3,2920,3985,,,
9650,44783,43644,43711,29700,2000000,2000000,59,3664000,Discharging,11.5,10.0,7.5,14.2,15.1,3166,4120,,,
9652,44783,43510,44247,29700,2000000,2000000,59,3666000,Discharging,11.1,8.5,4.7,14.6,17.5,2924,4008,,,
9654,44180,43376,43845,29700,2000000,2000000,59,3673000,Discharging,10.5,9.5,6.1,12.7,13.2,2989,4082,,,
9657,45118,43376,43845,29700,2000000,2000000,59,3675000,Discharging,11.2,11.2,7.5,11.8,14.3,2010,2667,,,
9659,45386,43376,43979,29700,2000000,2000000,59,3673000,Discharging,11.3,9.0,7.5,13.6,14.2,2974,3980,,,
9661,45118,43577,44448,29700,2000000,2000000,59,3647000,Discharging,13.3,11.5,6.7,19.0,15.9,3282,4239,,,
9663,45185,43912,44850,29700,2000000,2000000,59,3668000,Discharging,13.4,10.1,8.1,17.9,17.8,2988,3950,,,
9665,45252,44046,44515,29700,2000000,2000000,59,3673000,Discharging,13.0,9.5,4.3,18.4,19.2,2986,3916,,,
9667,45386,43912,44515,29700,2000000,2000000,59,3670000,Discharging,13.4,10.0,10.9,15.2,17.1,2974,3906,,,
9669,45118,43912,44582,29800,2000000,2000000,59,3661000,Discharging,13.1,11.5,8.9,18.0,14.3,3147,3968,,,
9672,45520,43443,44649,29700,2000000,2000000,59,3667000,Discharging,13.3,12.0,9.5,16.7,14.1,1994,2571,,,
9674,45118,44180,44582,29700,2000000,2000000,59,3665000,Discharging,13.2,9.1,10.8,15.5,17.4,2979,3919,,,
9676,45252,43443,44515,29700,2000000,2000000,59,3672000,Discharging,13.0,8.7,9.4,15.7,18.5,2995,3878,,,
9678,45386,44046,44649,29700,2000000,2000000,59,3670000,Discharging,13.2,10.0,7.2,15.1,20.3,2976,3906,,,
9680,45051,43443,44850,29700,2000000,2000000,59,3666000,Discharging,12.9,12.0,9.5,15.1,16.0,3170,3960,,,
9682,45587,44046,44247,29700,2000000,2000000,59,3672000,Discharging,13.4,13.1,10.8,17.5,10.9,3033,3895,,,
9684,45118,44180,44381,29700,2000000,2000000,59,3668000,Discharging,13.3,9.5,6.7,18.5,18.1,3001,3920,,,
9686,45453,43376,43912,29700,2000000,2000000,59,3666000,Discharging,13.7,12.4,11.2,14.6,17.1,3030,3890,,,
9689,45453,43711,44381,29800,2000000,2000000,59,3665000,Discharging,13.5,12.9,9.4,13.7,17.0,2012,2604,,,
9691,44984,44247,43979,29800,2000000,2000000,59,3660000,Discharging,13.3,9.1,10.0,19.2,15.1,3108,3948,,,
9693,45654,43577,44716,29700,2000000,2000000,59,3668000,Discharging,13.0,10.1,8.5,16.9,16.8,3012,3896,,,
9695,44984,43979,44448,29700,2000000,2000000,59,3676000,Discharging,12.4,8.1,10.4,16.7,14.6,5172,8414,,,
9697,46190,44649,45252,29800,2000000,2000000,59,3661000,Discharging,14.0,11.0,8.6,25.2,11.8,8938,15882,,,
9699,45989,44515,44716,29800,2000000,2000000,59,3665000,Discharging,14.5,14.8,12.7,19.8,10.4,8800,15451,,,
9701,46726,45051,44984,29700,2000000,2000000,58,3668000,Discharging,15.4,17.1,11.9,19.0,13.7,8356,14473,,,
9704,46324,44850,45520,29700,2000000,2000000,58,3663000,Discharging,13.9,13.0,11.7,17.5,13.3,5379,9366,,,
9706,46056,44314,44984,29700,2000000,2000000,58,3661000,Discharging,14.5,11.3,9.4,15.1,22.1,7346,12590,,,
9708,47530,45453,46190,29800,2000000,2000000,58,3654000,Discharging,20.9,16.7,15.6,22.7,28.6,3350,4411,,,
9710,46056,44247,44984,29800,2000000,2000000,58,3655000,Discharging,15.4,11.0,9.8,21.6,18.8,3171,4178,,,
9712,45252,44716,44917,29700,2000000,2000000,58,3665000,Discharging,16.7,12.4,11.8,23.6,18.6,3319,4241,,,
9714,45788,44783,45386,29800,2000000,2000000,58,3652000,Discharging,16.4,14.2,9.9,18.1,23.8,3248,4212,,,
9716,45654,44448,45386,29800,2000000,2000000,58,3660000,Discharging,16.0,11.8,10.8,22.0,19.3,3127,4130,,,
9719,45855,44716,45118,29800,2000000,2000000,58,3669000,Discharging,15.1,12.4,9.0,19.3,19.6,2091,2754,,,
9721,46056,44582,45252,29800,2000000,2000000,58,3666000,Discharging,15.7,16.3,10.3,17.0,19.6,3352,4196,,,
9723,45654,44381,44984,29800,2000000,2000000,58,3664000,Discharging,14.6,9.6,12.2,20.6,16.0,3108,4112,,,
9725,45453,44649,44984,29800,2000000,2000000,58,3654000,Discharging,14.8,11.4,7.7,22.5,17.0,3116,4142,,,
9727,46190,44783,45788,29800,2000000,2000000,58,3653000,Discharging,16.2,11.6,14.6,18.9,20.7,3138,4164,,,
9729,46123,44783,45319,29800,2000000,2000000,58,3661000,Discharging,17.0,13.7,15.1,23.0,14.7,3208,4199,,,
9731,46659,44917,45721,29900,2000000,2000000,58,3653000,Discharging,16.3,10.0,13.6,18.7,23.6,3277,4254,,,
9733,46056,44582,45185,29800,2000000,2000000,58,3661000,Discharging,16.4,9.1,13.2,25.9,17.1,3132,4166,,,
9736,45788,44716,44917,29800,2000000,2000000,58,3669000,Discharging,16.4,12.4,11.8,23.1,17.2,2145,2796,,,
9738,45922,44180,44716,29800,2000000,2000000,58,3668000,Discharging,14.3,9.5,10.8,19.9,17.3,3124,4133,,,
9740,45654,44582,44046,29800,2000000,2000000,58,3665000,Discharging,13.1,8.2,8.1,20.8,14.7,3031,4052,,,
9742,45051,44180,44582,29800,2000000,2000000,58,3667000,Discharging,10.9,11.0,4.8,16.7,12.1,3032,4003,,,
9744,44850,43644,44113,29800,2000000,2000000,58,3667000,Discharging,12.2,10.5,6.1,20.6,10.8,3018,4010,,,
9746,45252,44314,44649,29800,2000000,2000000,58,3666000,Discharging,13.8,11.8,10.7,14.7,18.1,2958,3870,,,
9748,45587,44247,44314,29800,2000000,2000000,58,3663000,Discharging,13.0,9.0,9.4,15.4,18.9,2914,3846,,,
9751,45118,43778,44582,29800,2000000,2000000,58,3659000,Discharging,13.2,9.7,8.1,15.7,18.2,1994,2601,,,
9753,45654,43711,45051,29700,2000000,2000000,58,3667000,Discharging,13.3,9.7,8.9,17.5,17.0,3190,3972,,,
9755,45520,44180,44850,29800,2000000,2000000,58,3668000,Discharging,13.0,11.5,6.7,17.7,16.5,3061,3909,,,
9757,45654,44113,44649,29800,2000000,2000000,58,3664000,Discharging,13.9,10.8,9.0,23.0,11.9,2926,3858,,,
9759,45252,44113,44113,29800,2000000,2000000,58,3661000,Discharging,12.7,10.0,7.1,20.7,13.0,3026,3950,,,
9761,45453,44180,45185,29800,2000000,2000000,58,3656000,Discharging,13.2,10.6,9.4,12.3,21.7,2988,3886,,,
9763,45453,44515,44917,29800,2000000,2000000,58,3667000,Discharging,13.4,11.0,8.8,10.1,23.2,3055,3872,,,
9766,45520,43979,44917,29800,2000000,2000000,58,3643000,Discharging,13.4,12.9,9.0,16.4,15.6,2051,2599,,,
9768,45319,44180,44582,29800,2000000,2000000,58,3658000,Discharging,13.3,9.6,6.7,20.8,15.5,2950,3889,,,
9770,45453,44046,44448,29800,2000000,2000000,58,3667000,Discharging,13.1,10.0,9.5,16.9,16.0,3046,3888,,,
9772,45855,44381,44515,29700,2000000,2000000,58,3664000,Discharging,13.6,12.4,7.6,17.0,17.1,3158,3974,,,
9774,45386,43778,44716,29800,2000000,2000000,58,3665000,Discharging,12.6,9.5,7.1,15.2,18.9,2938,3908,,,
9776,46592,44046,44850,29800,2000000,2000000,58,3658000,Discharging,13.4,11.3,8.5,18.9,15.1,6464,10908,,,
9778,46190,44716,45252,29800,2000000,2000000,58,3656000,Discharging,14.7,11.9,11.3,22.1,12.8,8715,15424,,,
9780,46458,44716,45185,29800,2000000,2000000,58,3660000,Discharging,14.6,12.4,13.6,15.6,17.1,8971,15788,,,
9783,46458,44984,45118,29800,2000000,2000000,58,3638000,Discharging,14.1,13.3,9.5,18.9,16.0,5364,9169,,,
9785,46190,45319,45118,29800,2000000,2000000,58,3658000,Discharging,14.2,9.6,6.7,23.6,16.4,8662,15240,,,
9787,46592,44649,45319,29800,2000000,2000000,58,3665000,Discharging,14.7,13.4,9.0,15.2,20.4,5342,8560,,,
9789,46056,44850,45118,29800,2000000,2000000,58,3664000,Discharging,15.8,16.2,10.3,19.4,17.5,3112,4020,,,
9791,46123,44649,45185,29800,2000000,2000000,58,3659000,Discharging,16.0,12.5,11.4,21.6,18.4,3132,4131,,,
9793,45587,44917,44783,29800,2000000,2000000,58,3655000,Discharging,15.4,13.7,9.6,22.4,16.5,3295,4160,,,
9795,45654,44448,44783,29900,2000000,2000000,58,3656000,Discharging,14.5,10.1,8.6,17.1,21.2,3154,4183,,,
9798,46056,44649,45319,29800,2000000,2000000,58,3659000,Discharging,15.7,12.4,13.7,17.9,19.4,2113,2768,,,
9800,46056,44716,44649,29800,2000000,2000000,58,3661000,Discharging,14.8,13.5,9.4,20.7,15.7,3144,4082,,,
9802,46525,44850,45185,29800,2000000,2000000,58,3659000,Discharging,15.9,13.0,9.9,23.4,16.8,3134,4120,,,
9804,45788,44314,45319,29800,2000000,2000000,58,3662000,Discharging,15.1,10.1,13.8,18.2,17.5,3270,4146,,,
9806,46391,44448,45654,29800,2000000,2000000,58,3663000,Discharging,15.6,12.9,16.5,16.7,18.5,3193,4166,,,
9808,45989,44783,45319,29800,2000000,2000000,58,3660000,Discharging,15.3,9.1,13.7,18.1,18.9,3138,4172,,,
9810,46257,44649,45319,29800,2000000,2000000,58,3650000,Discharging,16.6,13.8,10.5,24.1,18.2,3158,4167,,,
9812,46592,44716,45319,29900,2000000,2000000,58,3653000,Discharging,14.6,13.7,12.2,17.7,14.8,3122,4091,,,
9815,45386,43778,44448,29800,2000000,2000000,58,3668000,Discharging,10.7,8.6,4.7,8.1,20.5,2052,2684,,,
9817,44917,43979,44716,29800,2000000,2000000,58,3669000,Discharging,12.4,11.4,9.8,17.8,12.1,2988,3980,,,
9819,45721,44113,44783,29900,2000000,2000000,58,3661000,Discharging,13.0,12.9,10.8,10.4,17.7,3034,3926,,,
9821,45453,44515,44850,29800,2000000,2000000,58,3664000,Discharging,13.6,10.9,13.1,14.6,15.8,3001,3908,,,
9823,45252,44180,44649,29800,2000000,2000000,58,3665000,Discharging,13.2,10.5,7.1,12.7,22.0,3068,3898,,,
9825,45520,43979,44582,29800,2000000,2000000,58,3660000,Discharging,12.7,8.3,9.9,18.3,14.7,3033,3920,,,
9827,45989,44381,45453,29800,2000000,2000000,58,3653000,Discharging,13.1,9.1,8.5,15.6,18.2,2964,3876,,,
9830,45654,43778,44515,29800,2000000,2000000,58,3660000,Discharging,13.4,12.8,8.9,12.7,19.9,2060,2613,,,
9832,45587,43711,44917,29800,2000000,2000000,58,3659000,Discharging,13.7,11.8,7.6,20.2,14.7,2971,3872,,,
9834,45922,44381,44917,29800,2000000,2000000,58,3666000,Discharging,13.3,11.3,10.0,15.6,17.4,3130,3927,,,
9836,45587,44783,44448,29800,2000000,2000000,58,3646000,Discharging,13.2,10.0,8.5,18.3,15.6,2976,3877,,,
9838,45922,44046,44850,29800,2000000,2000000,58,3660000,Discharging,14.0,10.8,11.7,14.1,18.6,2998,3861,,,
9840,45587,44515,44850,29800,2000000,2000000,58,3662000,Discharging,13.6,9.6,6.6,12.4,25.1,2936,3880,,,
9842,45855,43979,45051,29800,2000000,2000000,58,3660000,Discharging,13.8,11.4,11.3,17.1,16.3,3036,3862,,,
9844,45051,44314,44917,29800,2000000,2000000,58,3654000,Discharging,13.0,11.0,8.6,16.5,15.6,3143,3947,,,
9847,45520,44046,44515,29900,2000000,2000000,58,3658000,Discharging,13.0,10.0,13.6,14.5,13.7,2011,2609,,,
9849,46458,44180,45386,29800,2000000,2000000,58,3656000,Discharging,12.8,7.7,5.3,12.9,24.4,6322,10780,,,
9851,46458,44180,45453,29900,2000000,2000000,58,3663000,Discharging,14.1,10.0,7.5,26.6,12.5,8812,15598,,,
9853,45922,44314,45051,29800,2000000,2000000,58,3634000,Discharging,14.4,13.0,9.9,17.9,17.2,8901,15797,,,
9855,46257,44850,45386,29800,2000000,2000000,58,3659000,Discharging,14.0,12.3,9.0,22.5,11.4,7554,12728,,,
9857,46726,44649,45386,29800,2000000,2000000,58,3660000,Discharging,15.0,12.0,13.3,23.4,11.5,8426,14788,,,
9859,45721,44582,44850,29800,2000000,2000000,58,3657000,Discharging,13.9,9.7,15.4,15.1,15.7,3860,5568,,,
9862,46726,44783,45252,29900,2000000,2000000,58,3647000,Discharging,14.9,10.6,10.9,25.5,13.2,2048,2731,,,
9864,46860,44917,45386,30000,2000000,2000000,57,3644000,Discharging,17.4,12.9,15.3,19.0,22.1,3302,4504,,,
9866,46458,44582,45185,29900,2000000,2000000,57,3658000,Discharging,15.8,14.3,14.2,13.7,20.7,3305,4234,,,
9868,46659,44582,45721,29800,2000000,2000000,57,3660000,Discharging,16.6,9.6,18.2,16.1,22.4,3146,4150,,,
9870,46525,44381,44917,29800,2000000,2000000,57,3639000,Discharging,15.9,10.5,12.1,23.0,17.5,3122,4162,,,
9872,46190,44649,45721,29900,2000000,2000000,57,3659000,Discharging,16.1,11.5,12.3,23.6,17.3,3160,4158,,,
9874,46391,44917,44582,29800,2000000,2000000,57,3650000,Discharging,16.9,17.5,12.3,20.9,17.5,3408,4245,,,
9876,46391,44917,45051,29900,2000000,2000000,57,3655000,Discharging,15.1,13.1,10.4,20.0,16.9,3123,4164,,,
9879,46525,44917,45520,29900,2000000,2000000,57,3644000,Discharging,16.2,12.9,11.9,17.5,21.3,2092,2779,,,
9881,46123,44783,45587,29900,2000000,2000000,57,3649000,Discharging,16.2,13.3,7.7,21.2,22.9,3151,4198,,,
9883,46257,45051,45587,29800,2000000,2000000,57,3660000,Discharging,15.5,10.2,11.9,17.8,21.5,3080,4097,,,
9885,45185,44314,44716,29800,2000000,2000000,57,3665000,Discharging,11.0,9.5,8.0,12.3,13.8,3121,4037,,,
9887,44984,44113,44582,29800,2000000,2000000,57,3662000,Discharging,12.0,10.8,7.5,12.7,18.0,2988,3942,,,
9889,45654,44046,44515,29800,2000000,2000000,57,3660000,Discharging,13.2,8.2,6.7,17.6,18.6,2970,3874,,,
9891,45051,44314,44783,29900,2000000,2000000,57,3654000,Discharging,13.2,8.2,7.1,17.8,19.9,2943,3876,,,
9894,46190,44314,44984,29800,2000000,2000000,57,3657000,Discharging,13.5,8.6,9.3,17.4,18.9,1957,2587,,,
9896,45587,44247,44984,29900,2000000,2000000,57,3649000,Discharging,13.3,9.1,8.5,17.5,17.4,3080,3919,,,
9898,45587,44783,45252,29800,2000000,2000000,57,3661000,Discharging,13.6,8.6,8.6,12.7,23.8,2946,3856,,,
9900,45654,44716,44515,29800,2000000,2000000,57,3659000,Discharging,12.9,9.6,4.3,23.3,15.5,2940,3858,,,
9902,45654,44314,45319,29800,2000000,2000000,57,3656000,Discharging,13.4,9.6,8.1,17.9,17.1,2910,3862,,,
9904,45319,43778,44850,29800,2000000,2000000,57,3653000,Discharging,13.0,7.7,9.9,9.5,24.9,3024,3969,,,
9906,45989,44515,44716,30000,2000000,2000000,57,3657000,Discharging,13.2,10.5,11.8,18.4,12.9,3150,3923,,,
9909,45989,44448,44716,29900,2000000,2000000,57,3649000,Discharging,13.6,12.5,10.9,15.8,15.3,2007,2578,,,
9911,45721,44917,44984,29900,2000000,2000000,57,3654000,Discharging,13.7,12.7,10.8,19.2,11.4,3029,3910,,,
9913,45788,44448,45051,29900,2000000,2000000,57,3650000,Discharging,13.6,10.6,12.7,13.2,17.4,3008,3898,,,
9915,45989,44582,44783,29800,2000000,2000000,57,3660000,Discharging,12.9,9.0,5.3,18.5,19.0,2968,3875,,,
9917,46525,44448,44515,29800,2000000,2000000,57,3657000,Discharging,13.1,9.2,13.7,14.7,14.6,3174,3984,,,
9919,45252,44716,44850,29800,2000000,2000000,57,3658000,Discharging,12.4,10.4,5.7,20.0,14.0,5404,8759,,,
9921,46123,44850,45118,29900,2000000,2000000,57,3649000,Discharging,14.4,11.4,8.5,29.0,8.5,9126,16165,,,
9923,46726,45051,45520,29900,2000000,2000000,57,3655000,Discharging,13.9,11.9,10.6,24.4,8.7,8606,15218,,,
9926,46994,44984,45721,29900,2000000,2000000,57,3652000,Discharging,13.5,9.8,11.4,16.7,15.6,5517,9577,,,
9928,46525,44649,45721,29900,2000000,2000000,57,3648000,Discharging,14.0,11.7,6.7,20.0,16.7,7593,13292,,,
9930,46391,44180,45788,30000,2000000,2000000,57,3653000,Discharging,14.4,11.9,9.0,16.7,20.0,6224,10437,,,
9932,45721,44515,44850,29900,2000000,2000000,57,3658000,Discharging,14.2,9.1,10.4,21.7,15.6,2986,3912,,,
9934,45788,44917,44582,29800,2000000,2000000,57,3658000,Discharging,14.0,11.0,10.0,22.3,12.8,3084,4092,,,
9936,46324,44582,45386,29900,2000000,2000000,57,3654000,Discharging,15.5,8.1,12.8,19.0,21.6,3285,4245,,,
9938,46324,44783,45654,29900,2000000,2000000,57,3641000,Discharging,15.5,10.6,10.9,23.2,17.8,3215,4146,,,
9941,46123,44917,45386,30000,2000000,2000000,57,3635000,Discharging,14.7,10.0,11.2,14.3,22.6,2095,2774,,,
9943,45989,45252,45252,29900,2000000,2000000,57,3650000,Discharging,15.3,13.8,7.5,21.1,20.2,3102,4090,,,
9945,46123,45118,45051,29900,2000000,2000000,57,3652000,Discharging,15.5,8.7,12.0,19.7,21.1,3172,4157,,,
9947,46190,44783,45520,29900,2000000,2000000,57,3650000,Discharging,15.6,10.6,12.3,17.5,21.7,3254,4194,,,
9949,46123,44515,45386,29900,2000000,2000000,57,3659000,Discharging,14.6,11.4,9.8,18.4,18.5,3101,4105,,,
9951,46793,44716,45386,29800,2000000,2000000,57,3657000,Discharging,15.7,12.4,11.3,16.9,22.1,3151,4169,,,
9953,46525,45118,45252,29900,2000000,2000000,57,3649000,Discharging,15.7,11.4,8.1,17.1,25.5,3129,4140,,,
9955,45453,44716,44783,29900,2000000,2000000,57,3654000,Discharging,10.7,8.7,4.3,15.1,15.0,3064,4052,,,
9958,45386,44515,44917,29900,2000000,2000000,57,3634000,Discharging,11.8,13.1,7.9,14.3,12.7,2076,2659,,,
9960,45520,44113,44716,29900,2000000,2000000,57,3652000,Discharging,13.4,10.2,8.4,13.1,21.1,3017,3885,,,
9962,45386,44113,45051,30000,2000000,2000000,57,3647000,Discharging,13.2,10.5,5.3,19.7,17.5,2945,3898,,,
9964,46056,44448,44716,29900,2000000,2000000,57,3657000,Discharging,13.0,11.4,7.6,23.8,8.7,2975,3906,,,
9966,45654,44850,44917,29900,2000000,2000000,57,3658000,Discharging,13.1,7.7,12.7,20.7,12.7,2961,3876,,,
9968,45520,44448,44984,29900,2000000,2000000,57,3654000,Discharging,13.6,9.0,9.5,12.4,22.3,3092,3969,,,
9970,45855,44783,44984,29800,2000000,2000000,57,3653000,Discharging,13.3,8.7,9.9,15.6,18.9,2990,3884,,,
9973,46525,44716,45721,30000,2000000,2000000,57,3647000,Discharging,13.4,9.9,7.1,20.3,17.1,1984,2580,,,
9975,45453,44448,45118,29900,2000000,2000000,57,3654000,Discharging,13.4,9.9,9.6,13.1,20.5,2980,3882,,,
9977,45386,44180,45185,29900,2000000,2000000,57,3653000,Discharging,13.9,11.4,8.1,22.6,12.3,3110,3966,,,
9979,45721,44448,44716,30000,2000000,2000000,57,3649000,Discharging,13.4,9.0,10.3,18.3,16.4,2915,3887,,,
9981,45386,44448,44850,29900,2000000,2000000,57,3656000,Discharging,13.0,9.0,7.2,15.2,20.3,2932,3873,,,
9983,45855,44247,44716,29900,2000000,2000000,57,3656000,Discharging,13.7,9.5,8.0,16.5,20.6,2936,3884,,,
9985,45721,44649,44850,29900,2000000,2000000,57,3651000,Discharging,13.3,10.0,10.4,16.6,16.4,2988,3901,,,
9987,45989,44649,44984,30000,2000000,2000000,57,3650000,Discharging,13.5,9.0,9.4,18.1,17.8,3124,3934,,,
9990,45855,44381,44917,29900,2000000,2000000,57,3656000,Discharging,12.1,9.0,4.8,20.2,14.6,3422,5535,,,
9992,46056,44582,45319,29900,2000000,2000000,57,3654000,Discharging,13.9,12.1,10.4,18.0,14.6,8943,15842,,,
9994,46324,44716,45386,30000,2000000,2000000,57,3646000,Discharging,14.6,11.0,7.6,22.0,17.5,8496,14974,,,
9996,46324,44917,45386,30000,2000000,2000000,57,3653000,Discharging,14.2,10.5,6.2,16.0,24.8,8514,15054,,,
9998,45989,44917,45721,29900,2000000,2000000,57,3654000,Discharging,13.9,9.7,6.1,25.4,14.7,8109,14020,,,
10000,46927,45185,45252,29900,2000000,2000000,57,3651000,Discharging,14.0,11.1,7.6,15.4,20.6,7212,12344,,,
10002,46391,44984,44917,30000,2000000,2000000,57,3649000,Discharging,14.7,12.7,9.8,21.4,15.6,2994,3896,,,
10005,46458,45118,45252,30000,2000000,2000000,57,3639000,Discharging,14.6,9.1,7.2,18.0,23.1,2071,2755,,,
10007,46257,44984,44917,30000,2000000,2000000,57,3654000,Discharging,15.3,12.9,10.4,22.3,16.5,3140,4162,,,
10009,45855,45118,44850,30000,2000000,2000000,57,3653000,Discharging,15.4,13.0,13.6,17.1,17.1,3312,4225,,,
10011,46659,45051,45118,30000,2000000,2000000,57,3651000,Discharging,16.0,12.3,12.4,17.5,22.8,3208,4190,,,
