# fw=nextui-performance workload=sonic start=2026-09-13 21:40:54 soak=99C prelaunch=performance/2000000 launch_up=8032.71 max0=2000000 gov=performance devfreq=none,none backlight=none
elapsed_s,cpu_mc,gpu_mc,ddr_mc,bat_mc,cur_khz,max_khz,batt_pct,batt_uv,status,cpu_busy,c0_busy,c1_busy,c2_busy,c3_busy,irq_s,ctxt_s,df0_hz,df1_hz,backlight
8045,43979,42706,43376,29400,2000000,2000000,67,3740000,Discharging,,,,,,,,,,
8047,43510,42639,43309,29400,2000000,2000000,67,3740000,Discharging,11.3,9.1,4.2,14.7,16.5,2866,3817,,,
8050,44046,42907,43510,29400,2000000,2000000,67,3734000,Discharging,11.3,11.8,5.3,13.3,15.7,1974,2552,,,
8052,44180,42840,43309,29300,2000000,2000000,67,3747000,Discharging,11.5,9.0,5.2,17.0,14.6,2984,3827,,,
8054,43912,43108,43242,29300,2000000,2000000,67,3720000,Discharging,11.3,9.2,7.1,12.8,16.1,2928,3806,,,
8056,44180,43041,43577,29400,2000000,2000000,67,3740000,Discharging,12.0,9.9,4.2,17.9,16.3,2856,3822,,,
8058,44247,42639,43376,29400,2000000,2000000,67,3743000,Discharging,11.7,9.1,4.7,12.7,20.9,2868,3806,,,
8060,44046,42974,43041,29300,2000000,2000000,67,3743000,Discharging,12.2,7.2,5.7,14.8,20.4,2890,3808,,,
8062,43979,42907,43577,29400,2000000,2000000,67,3746000,Discharging,11.9,8.1,7.0,20.3,11.5,3024,3832,,,
8065,44515,43175,43443,29300,2000000,2000000,67,3742000,Discharging,12.1,10.0,5.7,14.3,18.3,1940,2535,,,
8067,44180,43108,43778,29300,2000000,2000000,67,3744000,Discharging,12.0,10.7,5.1,14.6,17.5,2872,3796,,,
8069,44046,42639,43510,29400,2000000,2000000,67,3739000,Discharging,12.0,10.0,6.7,11.4,20.8,2942,3788,,,
8071,43979,43175,43778,29400,2000000,2000000,67,3727000,Discharging,12.0,7.7,6.1,11.3,23.2,2842,3740,,,
8073,44381,42773,43376,29400,2000000,2000000,67,3745000,Discharging,11.6,7.7,4.8,18.1,15.5,2932,3787,,,
8075,44180,42974,42974,29400,2000000,2000000,67,3741000,Discharging,12.5,10.0,8.1,20.2,11.4,2934,3782,,,
8077,43979,42840,43041,29400,2000000,2000000,67,3739000,Discharging,12.4,7.6,5.2,23.3,13.6,2783,3720,,,
8079,44649,43242,43510,29400,2000000,2000000,67,3723000,Discharging,12.1,9.0,4.3,17.7,17.3,2865,3752,,,
8082,44113,43309,43778,29400,2000000,2000000,67,3740000,Discharging,11.9,8.5,4.7,13.2,20.9,1898,2511,,,
8084,44448,43242,43778,29400,2000000,2000000,67,3743000,Discharging,12.2,10.1,7.5,15.5,15.1,3070,3914,,,
8086,43778,42572,43711,29400,2000000,2000000,67,3744000,Discharging,11.1,7.2,5.2,14.1,17.9,2838,3773,,,
8088,43510,42974,43510,29400,2000000,2000000,67,3741000,Discharging,10.4,9.0,6.1,5.6,21.6,2844,3764,,,
8090,43443,42706,42907,29400,2000000,2000000,67,3749000,Discharging,10.5,11.5,4.7,17.5,8.0,2954,3820,,,
8092,43845,42907,43376,29300,2000000,2000000,67,3746000,Discharging,10.5,9.9,5.2,11.8,16.0,2831,3730,,,
8094,44113,43041,43711,29300,2000000,2000000,67,3727000,Discharging,11.3,9.6,4.8,16.5,13.7,3036,3844,,,
8097,43912,42840,43309,29400,2000000,2000000,67,3742000,Discharging,11.4,10.0,7.1,14.7,13.7,1924,2537,,,
8099,43912,43309,43309,29400,2000000,2000000,67,3739000,Discharging,11.2,10.5,5.2,18.5,10.3,2882,3827,,,
8101,44515,42974,43376,29400,2000000,2000000,67,3739000,Discharging,11.2,8.5,4.3,14.6,18.3,2859,3800,,,
8103,44113,43175,43443,29400,2000000,2000000,67,3744000,Discharging,11.8,9.0,7.5,14.6,15.6,3036,3830,,,
8105,44113,43510,43845,29400,2000000,2000000,67,3731000,Discharging,11.7,8.2,5.6,17.7,15.0,2900,3806,,,
8107,44180,43041,43644,29500,2000000,2000000,67,3737000,Discharging,11.9,11.4,5.3,20.7,10.2,2941,3864,,,
8109,44850,43041,43577,29400,2000000,2000000,67,3731000,Discharging,11.9,11.9,9.9,9.0,17.1,2974,3820,,,
8111,44649,42840,43845,29400,2000000,2000000,67,3738000,Discharging,11.6,11.8,11.8,12.3,11.3,2900,3798,,,
8114,44180,43309,43845,29400,2000000,2000000,67,3744000,Discharging,11.9,7.7,5.7,17.6,16.4,2019,2573,,,
8116,44247,42974,43778,29400,2000000,2000000,67,3743000,Discharging,12.2,8.7,6.1,15.0,17.5,2924,3820,,,
8118,44113,43108,43242,29400,2000000,2000000,67,3742000,Discharging,11.7,8.6,5.2,18.4,15.1,2871,3829,,,
8120,44850,42773,44046,29400,2000000,2000000,67,3737000,Discharging,12.0,11.4,5.2,10.4,21.0,2989,3830,,,
8122,43778,42907,43778,29400,2000000,2000000,67,3737000,Discharging,11.7,7.6,6.2,10.8,22.0,2870,3801,,,
8124,44247,43242,43510,29400,2000000,2000000,67,3723000,Discharging,12.0,11.0,5.2,15.4,17.1,3064,3864,,,
8126,44448,42706,43912,29400,2000000,2000000,67,3738000,Discharging,12.0,10.8,6.2,11.3,19.1,2852,3792,,,
8129,44381,42974,43711,29400,2000000,2000000,67,3737000,Discharging,12.2,10.5,7.5,15.5,16.0,1958,2561,,,
8131,44716,43510,43979,29400,2000000,2000000,67,3734000,Discharging,12.2,8.1,5.2,23.9,11.8,2864,3800,,,
8133,44381,42773,43778,29400,2000000,2000000,67,3735000,Discharging,11.4,7.6,5.2,17.1,14.7,2849,3800,,,
8135,44314,43108,43175,29400,2000000,2000000,67,3736000,Discharging,11.0,10.1,4.2,13.6,16.1,3051,3866,,,
8137,43845,43376,43242,29400,2000000,2000000,67,3739000,Discharging,9.8,8.2,7.6,11.4,12.7,2909,3798,,,
8139,43778,43041,42974,29400,2000000,2000000,67,3742000,Discharging,10.1,7.3,5.1,15.6,11.4,2894,3809,,,
8141,43912,42639,43510,29400,2000000,2000000,67,3720000,Discharging,10.7,10.4,5.7,5.7,21.3,2840,3767,,,
8143,44314,43175,43778,29400,2000000,2000000,67,3741000,Discharging,10.9,7.2,5.7,16.0,15.0,2836,3808,,,
8146,44046,43309,43845,29400,2000000,2000000,67,3742000,Discharging,11.9,9.6,5.2,8.9,24.1,2009,2566,,,
8148,44247,42840,43577,29400,2000000,2000000,67,3741000,Discharging,11.0,10.0,5.7,15.8,12.7,2922,3834,,,
8150,44046,43041,43644,29400,2000000,2000000,67,3740000,Discharging,11.1,9.4,3.4,10.0,21.4,2865,3780,,,
8152,43979,43242,43041,29400,2000000,2000000,67,3741000,Discharging,11.0,8.7,5.6,16.0,14.2,2838,3774,,,
8154,44113,43175,43041,29400,2000000,2000000,67,3736000,Discharging,11.7,9.6,5.8,18.9,11.8,2993,3830,,,
8156,44180,42907,43778,29400,2000000,2000000,67,3737000,Discharging,11.9,11.7,7.1,10.4,19.3,2912,3818,,,
8158,44448,42907,43711,29400,2000000,2000000,67,3739000,Discharging,12.0,9.5,8.4,9.1,21.1,2858,3801,,,
8161,44850,43041,43309,29500,2000000,2000000,67,3735000,Discharging,12.5,10.8,5.2,14.7,18.4,1954,2539,,,
8163,44180,43041,43711,29400,2000000,2000000,67,3734000,Discharging,11.6,6.7,3.8,12.2,23.6,2748,3744,,,
8165,44381,43912,43979,29400,2000000,2000000,67,3738000,Discharging,12.0,8.2,6.1,18.7,15.6,2962,3800,,,
8167,44515,42840,43577,29400,2000000,2000000,67,3741000,Discharging,11.6,10.5,4.3,15.1,16.0,2814,3696,,,
8169,44649,42907,43242,29400,2000000,2000000,67,3741000,Discharging,11.6,10.0,5.2,17.1,14.7,2839,3737,,,
8171,43711,43175,43845,29400,2000000,2000000,67,3739000,Discharging,11.6,8.1,4.3,11.7,22.3,2778,3713,,,
8173,44113,42773,42773,29400,2000000,2000000,67,3736000,Discharging,11.6,12.9,9.0,11.8,12.7,2910,3787,,,
8175,44381,43108,43912,29400,2000000,2000000,67,3731000,Discharging,11.5,8.2,5.7,14.7,17.0,3032,3852,,,
8178,44649,43242,43711,29400,2000000,2000000,66,3721000,Discharging,12.5,13.8,5.2,18.5,12.4,2060,2754,,,
8180,44381,43242,43979,29400,2000000,2000000,66,3735000,Discharging,12.3,9.0,7.0,13.7,19.2,2874,3788,,,
8182,43845,42706,43845,29400,2000000,2000000,66,3734000,Discharging,11.9,10.9,5.2,7.1,23.5,2867,3786,,,
8184,43778,43041,43309,29400,2000000,2000000,66,3733000,Discharging,11.2,9.1,5.2,20.8,9.9,2893,3860,,,
8186,44314,42840,43510,29400,2000000,2000000,66,3734000,Discharging,10.7,8.6,4.8,12.1,17.4,2996,3863,,,
8188,43711,43376,42907,29400,2000000,2000000,66,3744000,Discharging,10.4,8.5,5.2,13.7,14.2,2833,3841,,,
8190,43912,42773,43108,29400,2000000,2000000,66,3748000,Discharging,10.8,9.1,5.7,18.3,9.5,2924,3830,,,
8192,44046,42974,43242,29400,2000000,2000000,66,3739000,Discharging,11.2,9.6,6.0,20.2,9.5,2850,3754,,,
8195,44314,42572,42974,29400,2000000,2000000,66,3718000,Discharging,11.6,11.0,6.7,16.0,11.8,1936,2539,,,
8197,44113,42974,43108,29400,2000000,2000000,66,3741000,Discharging,11.5,10.0,8.5,19.0,8.5,2983,3866,,,
8199,43778,42706,43376,29400,2000000,2000000,66,3738000,Discharging,10.7,10.0,5.2,16.4,10.4,2912,3809,,,
8201,44180,43309,43778,29400,2000000,2000000,66,3739000,Discharging,12.2,9.5,5.6,17.4,17.1,2868,3798,,,
8203,44381,42706,43443,29400,2000000,2000000,66,3735000,Discharging,11.5,7.2,8.6,13.1,17.5,2822,3766,,,
8205,44515,43309,44046,29400,2000000,2000000,66,3735000,Discharging,12.1,9.6,8.4,13.8,15.6,3081,3884,,,
8207,43778,42639,43644,29400,2000000,2000000,66,3733000,Discharging,11.5,8.2,6.5,13.1,18.7,2911,3781,,,
8210,44515,42907,43309,29400,2000000,2000000,66,3737000,Discharging,11.9,11.3,7.6,18.7,10.3,1963,2555,,,
8212,44314,43175,43041,29400,2000000,2000000,66,3739000,Discharging,12.1,11.4,6.1,22.0,9.5,2906,3778,,,
8214,44180,42907,43577,29500,2000000,2000000,66,3733000,Discharging,11.8,9.5,7.6,10.4,19.4,2942,3818,,,
8216,44314,42840,43711,29400,2000000,2000000,66,3735000,Discharging,12.3,8.5,6.2,16.5,17.0,3037,3849,,,
8218,44850,42974,43912,29400,2000000,2000000,66,3738000,Discharging,11.8,10.0,6.6,13.9,17.5,2860,3774,,,
8220,44716,43309,43577,29400,2000000,2000000,66,3741000,Discharging,11.8,12.0,4.3,23.1,7.6,2933,3815,,,
8222,44314,43108,43979,29400,2000000,2000000,66,3737000,Discharging,11.8,7.2,5.2,15.0,19.2,2860,3762,,,
8224,43845,43309,42840,29500,2000000,2000000,66,3730000,Discharging,10.8,10.0,4.2,14.1,15.5,2928,3798,,,
8227,43845,42639,43711,29400,2000000,2000000,66,3730000,Discharging,11.0,7.6,5.2,11.7,19.8,2012,2583,,,
8229,43778,42907,43912,29500,2000000,2000000,66,3739000,Discharging,10.5,10.5,4.3,12.3,14.2,2884,3798,,,
8231,44180,43108,43845,29400,2000000,2000000,66,3725000,Discharging,10.8,9.0,4.8,18.4,10.4,2880,3822,,,
8233,44180,43175,43845,29500,2000000,2000000,66,3731000,Discharging,11.8,10.4,5.6,10.7,20.8,2901,3800,,,
8235,44046,42974,43778,29500,2000000,2000000,66,3732000,Discharging,11.7,9.5,8.5,16.0,12.4,2934,3850,,,
8237,43845,43108,43309,29500,2000000,2000000,66,3732000,Discharging,11.4,7.7,5.6,20.2,12.1,3000,3836,,,
8239,43577,43242,43778,29500,2000000,2000000,66,3741000,Discharging,11.2,10.0,8.0,13.1,13.8,2996,3811,,,
8242,44247,42639,43510,29400,2000000,2000000,66,3738000,Discharging,12.0,9.5,5.2,15.0,18.3,1924,2536,,,
8244,44381,43041,43376,29400,2000000,2000000,66,3738000,Discharging,11.7,9.5,6.1,13.3,18.4,2904,3796,,,
8246,44113,43175,43845,29500,2000000,2000000,66,3736000,Discharging,11.9,7.7,5.2,10.5,23.0,2866,3790,,,
8248,43979,43309,43778,29500,2000000,2000000,66,3720000,Discharging,12.2,12.3,7.5,15.3,14.2,3010,3814,,,
8250,44515,42773,43577,29400,2000000,2000000,66,3739000,Discharging,12.2,8.6,10.8,13.4,15.9,2896,3806,,,
8252,44180,43041,43577,29400,2000000,2000000,66,3734000,Discharging,12.1,6.3,4.7,10.5,26.0,2817,3804,,,
8254,43845,42974,43912,29500,2000000,2000000,66,3732000,Discharging,11.3,9.6,4.3,13.2,18.3,2880,3808,,,
8256,44381,42840,43644,29500,2000000,2000000,66,3732000,Discharging,11.9,12.5,6.1,10.5,18.0,3037,3832,,,
8259,44180,43309,43644,29500,2000000,2000000,66,3731000,Discharging,12.0,10.0,6.6,19.4,12.2,1932,2535,,,
8261,44582,43108,43644,29500,2000000,2000000,66,3734000,Discharging,12.2,9.1,6.0,19.2,14.8,2872,3800,,,
8263,44180,43577,43711,29500,2000000,2000000,66,3736000,Discharging,11.5,8.7,7.1,13.9,16.4,2917,3832,,,
8265,44381,42974,43845,29500,2000000,2000000,66,3738000,Discharging,12.4,7.8,5.7,24.8,11.1,2912,3804,,,
8267,43778,43108,43711,29500,2000000,2000000,66,3733000,Discharging,12.1,13.7,7.1,11.8,16.0,3050,3858,,,
8269,44046,43108,43845,29500,2000000,2000000,66,3735000,Discharging,12.1,10.0,6.1,17.1,14.6,2924,3818,,,
8271,44515,43108,43845,29400,2000000,2000000,66,3736000,Discharging,12.4,7.7,8.9,18.4,14.6,2876,3784,,,
8273,44247,42974,43376,29500,2000000,2000000,66,3734000,Discharging,10.9,11.0,8.4,15.7,8.1,2826,3730,,,
8276,44381,43242,43242,29500,2000000,2000000,66,3731000,Discharging,10.7,7.2,5.2,11.8,18.8,1907,2486,,,
8278,44314,42974,43242,29400,2000000,2000000,66,3735000,Discharging,10.3,8.6,4.3,16.9,10.8,2958,3841,,,
8280,44515,42773,43309,29500,2000000,2000000,66,3734000,Discharging,10.4,10.0,6.1,12.3,13.2,2904,3777,,,
8282,44247,43175,43979,29500,2000000,2000000,66,3731000,Discharging,11.3,8.1,7.0,13.3,17.5,2906,3822,,,
8284,43979,43108,43644,29500,2000000,2000000,66,3717000,Discharging,11.4,8.1,5.2,13.3,18.5,2846,3774,,,
8286,44314,43175,43309,29500,2000000,2000000,66,3729000,Discharging,11.5,13.0,9.4,10.9,12.3,2942,3815,,,
8288,43912,43108,43577,29500,2000000,2000000,66,3732000,Discharging,10.4,7.7,7.5,17.2,10.0,3013,3853,,,
8291,43979,42840,43644,29500,2000000,2000000,66,3731000,Discharging,11.5,9.0,3.3,9.5,23.6,1927,2552,,,
8293,44783,43309,43778,29500,2000000,2000000,66,3733000,Discharging,11.7,9.5,8.0,8.0,21.7,2904,3812,,,
8295,44448,42974,44046,29500,2000000,2000000,66,3735000,Discharging,12.1,9.4,6.1,10.8,22.0,2866,3766,,,
8297,44381,43041,43443,29500,2000000,2000000,66,3734000,Discharging,12.0,9.1,7.1,14.2,16.7,2908,3782,,,
8299,44113,43510,43644,29500,2000000,2000000,66,3730000,Discharging,12.3,10.4,6.1,17.8,15.5,3040,3848,,,
8301,44381,43376,43242,29500,2000000,2000000,66,3717000,Discharging,12.0,8.5,5.2,17.6,16.1,2859,3776,,,
8303,44582,43175,43912,29500,2000000,2000000,66,3736000,Discharging,11.7,9.1,4.7,21.5,10.9,2870,3802,,,
8305,44716,43175,43912,29500,2000000,2000000,66,3730000,Discharging,12.1,9.0,7.5,19.4,13.1,2900,3843,,,
8308,44515,43242,43711,29500,2000000,2000000,66,3730000,Discharging,11.4,10.0,4.8,19.2,11.0,1972,2554,,,
8310,44381,43175,43242,29500,2000000,2000000,66,3727000,Discharging,12.1,10.0,8.4,14.5,16.7,2996,3825,,,
8312,44582,43242,43443,29500,2000000,2000000,66,3729000,Discharging,11.8,11.5,5.3,15.6,13.8,2930,3852,,,
8314,44783,43309,43644,29500,2000000,2000000,66,3731000,Discharging,12.1,9.0,5.7,12.7,21.6,2872,3749,,,
8316,44448,42706,43711,29500,2000000,2000000,66,3733000,Discharging,11.9,7.2,7.5,9.6,22.1,2861,3790,,,
8318,44515,43309,43912,29500,2000000,2000000,66,3735000,Discharging,12.1,10.0,7.5,22.1,9.0,3024,3844,,,
8320,44582,43108,44247,29500,2000000,2000000,66,3733000,Discharging,12.0,11.5,8.1,9.0,19.2,2938,3794,,,
8323,44314,43309,43242,29500,2000000,2000000,66,3734000,Discharging,10.1,7.7,4.3,19.7,8.6,1901,2535,,,
8325,44247,43108,43577,29500,2000000,2000000,66,3734000,Discharging,10.2,7.2,3.8,13.5,16.0,2866,3796,,,
8327,43711,43242,43041,29500,2000000,2000000,66,3737000,Discharging,10.8,10.3,6.1,16.9,9.0,2899,3810,,,
8329,43778,43242,43711,29500,2000000,2000000,66,3734000,Discharging,10.8,9.1,7.4,10.8,16.4,3006,3824,,,
8331,44180,43041,43175,29500,2000000,2000000,66,3729000,Discharging,11.4,8.1,6.6,17.1,12.7,2882,3797,,,
8333,44046,43041,43242,29500,2000000,2000000,66,3726000,Discharging,11.1,10.9,4.8,14.2,15.2,2880,3769,,,
8335,44113,42907,43510,29500,2000000,2000000,66,3730000,Discharging,11.8,10.0,9.4,18.8,9.4,2931,3832,,,
8337,44113,43242,43510,29600,2000000,2000000,66,3732000,Discharging,11.0,8.5,6.7,16.0,12.2,2851,3800,,,
8340,44113,42907,43376,29500,2000000,2000000,66,3727000,Discharging,11.0,10.0,6.7,17.9,9.5,2035,2595,,,
8342,44448,42840,43711,29500,2000000,2000000,66,3728000,Discharging,12.0,9.6,5.7,19.6,12.8,2924,3792,,,
8344,44850,43175,43711,29500,2000000,2000000,66,3734000,Discharging,11.7,8.6,3.8,14.6,19.4,2938,3818,,,
8346,44515,43175,43979,29500,2000000,2000000,66,3734000,Discharging,12.0,10.0,7.9,17.0,14.3,2888,3778,,,
8348,44582,42907,43711,29500,2000000,2000000,66,3735000,Discharging,11.8,10.0,5.2,15.9,16.0,2913,3802,,,
8350,44716,43175,43778,29500,2000000,2000000,66,3731000,Discharging,11.9,11.5,9.0,11.9,15.9,3093,3858,,,
8352,44783,42974,43376,29500,2000000,2000000,66,3727000,Discharging,11.9,11.4,11.7,16.0,8.5,2912,3830,,,
8355,44314,42907,43711,29500,2000000,2000000,66,3714000,Discharging,11.4,10.5,8.1,9.0,17.5,1987,2553,,,
8357,43778,43108,43577,29500,2000000,2000000,66,3729000,Discharging,11.8,8.1,8.0,9.5,21.0,2866,3768,,,
8359,44247,43242,43644,29500,2000000,2000000,66,3727000,Discharging,11.3,10.5,5.3,17.0,12.3,3038,3832,,,
8361,44381,43108,43845,29500,2000000,2000000,66,3725000,Discharging,11.9,9.6,6.6,9.4,22.2,2870,3813,,,
8363,44314,43443,43711,29500,2000000,2000000,66,3726000,Discharging,11.4,12.9,3.4,12.1,16.6,2882,3810,,,
8365,44314,43577,44180,29500,2000000,2000000,66,3731000,Discharging,11.3,7.2,5.1,14.1,19.0,2891,3800,,,
8367,44515,43108,43979,29500,2000000,2000000,66,3734000,Discharging,11.8,10.4,7.5,16.0,14.3,2890,3780,,,
8369,44448,43778,44046,29500,2000000,2000000,66,3732000,Discharging,12.1,10.0,9.9,20.5,7.5,3100,3866,,,
8372,44515,43041,43577,29500,2000000,2000000,66,3732000,Discharging,10.8,11.5,4.3,19.0,8.1,1946,2555,,,
8374,43644,42773,43309,29500,2000000,2000000,66,3731000,Discharging,10.4,7.7,5.2,13.7,15.0,2851,3815,,,
8376,43711,42840,43309,29500,2000000,2000000,66,3736000,Discharging,10.5,10.7,4.3,19.7,9.0,2810,3775,,,
8378,43912,42840,43242,29500,2000000,2000000,66,3731000,Discharging,10.3,7.2,3.3,11.3,17.6,2885,3813,,,
8380,43644,43041,43376,29500,2000000,2000000,66,3726000,Discharging,10.9,8.1,5.7,22.7,7.5,3029,3878,,,
8382,44247,42840,43577,29500,2000000,2000000,66,3725000,Discharging,11.6,7.7,7.0,19.5,12.3,2896,3788,,,
8384,44046,43041,43711,29500,2000000,2000000,66,3723000,Discharging,11.6,8.1,5.2,21.8,10.9,2878,3808,,,
8387,44314,43309,43778,29500,2000000,2000000,66,3729000,Discharging,10.6,10.5,7.5,16.1,9.0,1894,2499,,,
8389,43778,43644,43845,29500,2000000,2000000,66,3731000,Discharging,11.6,6.7,3.8,15.2,19.6,2852,3764,,,
8391,44381,42773,44046,29600,2000000,2000000,65,3728000,Discharging,13.3,13.5,7.5,12.7,18.5,3253,4221,,,
8393,44381,43443,44046,29500,2000000,2000000,65,3732000,Discharging,11.4,10.5,5.7,17.8,12.3,2923,3780,,,
8395,44716,43108,43845,29500,2000000,2000000,65,3730000,Discharging,11.6,7.1,6.6,14.7,18.4,2841,3786,,,
8397,44649,43175,43577,29500,2000000,2000000,65,3729000,Discharging,12.2,10.0,8.0,13.7,15.8,2944,3812,,,
8399,44582,43443,43778,29500,2000000,2000000,65,3725000,Discharging,11.7,9.5,7.1,14.6,16.8,2968,3838,,,
8401,44984,42773,43979,29500,2000000,2000000,65,3724000,Discharging,12.3,10.9,6.5,13.0,18.0,3040,3844,,,
8404,44448,43309,43577,29600,2000000,2000000,65,3726000,Discharging,11.7,10.5,5.7,13.2,17.5,1934,2552,,,
8406,44113,43108,43912,29500,2000000,2000000,65,3728000,Discharging,11.5,6.8,8.4,15.3,16.0,2915,3822,,,
8408,44649,43108,43577,29500,2000000,2000000,65,3707000,Discharging,11.5,8.5,7.1,13.7,17.2,2850,3819,,,
8410,44582,43108,43577,29500,2000000,2000000,65,3720000,Discharging,11.8,8.1,8.8,15.6,13.7,3056,3910,,,
8412,44113,43242,43577,29500,2000000,2000000,65,3726000,Discharging,11.0,9.4,8.1,17.0,10.8,2908,3824,,,
8414,43979,43041,43644,29500,2000000,2000000,65,3729000,Discharging,10.9,7.6,4.2,14.2,16.9,2900,3826,,,
8416,43845,42773,43309,29500,2000000,2000000,65,3734000,Discharging,10.2,8.2,5.3,15.6,11.3,2820,3782,,,
8418,43845,42974,43443,29500,2000000,2000000,65,3730000,Discharging,10.6,9.0,4.7,14.1,14.3,2870,3783,,,
8421,44046,42907,44046,29500,2000000,2000000,65,3723000,Discharging,11.3,9.1,5.2,14.6,16.7,2019,2563,,,
8423,44046,43108,43443,29600,2000000,2000000,65,3724000,Discharging,11.5,9.1,6.2,14.5,16.0,2876,3776,,,
8425,44247,43309,43175,29500,2000000,2000000,65,3728000,Discharging,11.3,8.1,7.1,14.8,15.4,2864,3804,,,
8427,44381,43041,43108,29600,2000000,2000000,65,3727000,Discharging,11.3,9.5,6.7,15.6,13.1,2857,3761,,,
8429,43644,43108,43711,29500,2000000,2000000,65,3724000,Discharging,11.6,10.0,6.5,19.0,11.4,2890,3822,,,
8431,44247,43108,43778,29500,2000000,2000000,65,3727000,Discharging,12.1,9.1,10.2,13.5,15.5,3062,3946,,,
8433,44381,42773,43711,29500,2000000,2000000,65,3728000,Discharging,11.6,7.7,5.2,11.7,20.9,2876,3820,,,
8436,44180,43108,43510,29500,2000000,2000000,65,3729000,Discharging,12.2,12.4,8.5,16.4,12.5,1978,2541,,,
8438,44314,43041,43845,29500,2000000,2000000,65,3726000,Discharging,11.7,9.0,5.7,16.9,15.4,2898,3820,,,
8440,44381,43108,43845,29500,2000000,2000000,65,3724000,Discharging,11.9,7.7,8.9,14.2,16.2,2916,3799,,,
8442,44850,43577,43443,29500,2000000,2000000,65,3721000,Discharging,12.4,10.0,15.5,16.8,7.0,3069,3880,,,
8444,44448,43577,43711,29600,2000000,2000000,65,3728000,Discharging,11.8,8.1,11.5,13.8,14.7,2958,3828,,,
8446,44448,42974,43778,29600,2000000,2000000,65,3724000,Discharging,11.9,8.7,5.2,18.8,14.2,2900,3797,,,
8448,44113,43242,43778,29600,2000000,2000000,65,3721000,Discharging,11.6,10.5,5.2,20.2,11.0,2902,3795,,,
8450,44515,43309,43175,29600,2000000,2000000,65,3723000,Discharging,12.0,10.0,6.6,14.4,16.9,2920,3823,,,
8453,44515,43510,43577,29500,2000000,2000000,65,3726000,Discharging,12.9,10.3,8.9,18.3,14.2,2054,2601,,,
8455,44515,43041,43979,29500,2000000,2000000,65,3727000,Discharging,11.6,7.8,5.7,11.9,20.9,2896,3820,,,
8457,44448,42907,43912,29500,2000000,2000000,65,3727000,Discharging,12.4,10.8,6.1,16.2,16.5,2866,3808,,,
8459,44247,43376,43711,29600,2000000,2000000,65,3725000,Discharging,12.2,8.1,5.3,15.0,19.6,2890,3788,,,
8461,44113,42907,43510,29500,2000000,2000000,65,3708000,Discharging,11.0,8.1,5.7,15.6,14.2,2952,3833,,,
8463,44314,42773,42974,29600,2000000,2000000,65,3725000,Discharging,10.2,10.0,7.1,10.9,13.1,2908,3777,,,
8465,44046,43108,43376,29600,2000000,2000000,65,3728000,Discharging,10.1,8.2,4.3,16.3,11.8,2962,3819,,,
8468,44314,43041,43376,29600,2000000,2000000,65,3723000,Discharging,10.7,7.1,4.7,13.6,18.3,1893,2524,,,
8470,43778,42907,43376,29600,2000000,2000000,65,3724000,Discharging,11.3,6.7,5.2,20.8,11.7,2894,3828,,,
8472,44515,43175,43979,29600,2000000,2000000,65,3725000,Discharging,11.6,9.9,5.7,15.4,15.7,3037,3875,,,
8474,44381,43175,43644,29600,2000000,2000000,65,3728000,Discharging,11.5,8.6,10.2,16.4,10.8,2902,3780,,,
8476,43912,43108,43711,29500,2000000,2000000,65,3731000,Discharging,11.3,8.5,5.2,11.0,20.3,2825,3768,,,
8478,44314,43376,43510,29500,2000000,2000000,65,3728000,Discharging,11.5,7.7,7.5,14.2,16.5,2826,3764,,,
8480,44314,42974,43510,29600,2000000,2000000,65,3728000,Discharging,11.5,10.5,6.6,14.7,14.2,2951,3813,,,
8482,44448,43041,43979,29500,2000000,2000000,65,3725000,Discharging,11.9,9.0,6.2,14.8,17.9,3042,3870,,,
8485,44314,43510,44046,29600,2000000,2000000,65,3723000,Discharging,12.0,10.4,4.7,15.3,17.1,1935,2543,,,
8487,44783,43510,43778,29600,2000000,2000000,65,3720000,Discharging,12.3,8.6,6.1,22.3,12.2,2874,3802,,,
8489,44314,43510,43845,29600,2000000,2000000,65,3721000,Discharging,11.4,8.1,4.3,20.3,13.4,2864,3778,,,
8491,44448,43443,43711,29600,2000000,2000000,65,3724000,Discharging,12.1,9.1,6.1,9.9,23.4,2886,3807,,,
8493,44917,43041,43376,29600,2000000,2000000,65,3728000,Discharging,12.5,11.3,9.8,18.0,10.4,3079,3896,,,
8495,44113,42974,43376,29600,2000000,2000000,65,3726000,Discharging,11.4,7.3,5.2,21.6,11.4,2924,3844,,,
8497,44448,43108,43108,29700,2000000,2000000,65,3725000,Discharging,12.0,11.5,7.5,14.2,14.6,2880,3774,,,
8499,44381,43309,43912,29500,2000000,2000000,65,3726000,Discharging,12.3,11.5,6.5,8.6,21.8,2918,3772,,,
8502,44649,43577,44180,29600,2000000,2000000,65,3723000,Discharging,12.2,8.2,10.8,18.5,11.4,1922,2532,,,
8504,44314,43376,44314,29600,2000000,2000000,65,3718000,Discharging,12.2,9.5,6.1,14.7,18.8,3001,3836,,,
8506,44649,43510,43845,29600,2000000,2000000,65,3718000,Discharging,12.1,10.9,8.6,15.4,12.9,2905,3781,,,
8508,44247,43510,43711,29600,2000000,2000000,65,3723000,Discharging,11.8,8.2,8.4,15.2,14.8,2878,3792,,,
8510,44783,42974,43242,29600,2000000,2000000,65,3724000,Discharging,10.8,11.0,5.1,14.6,13.1,2944,3794,,,
8512,44381,43309,43577,29600,2000000,2000000,65,3724000,Discharging,10.8,9.5,5.2,11.8,17.3,2964,3872,,,
8514,44046,43577,43711,29600,2000000,2000000,65,3710000,Discharging,10.1,7.7,4.3,22.5,5.2,2868,3826,,,
8517,44783,43376,43175,29500,2000000,2000000,65,3729000,Discharging,10.4,8.6,7.1,16.5,10.4,1903,2533,,,
8519,44381,43577,43443,29600,2000000,2000000,65,3725000,Discharging,11.2,7.2,7.0,16.6,13.6,2996,3856,,,
8521,44113,43443,43979,29600,2000000,2000000,65,3721000,Discharging,11.4,8.7,4.7,10.8,20.5,2888,3814,,,
8523,44448,43175,43778,29600,2000000,2000000,65,3714000,Discharging,11.5,9.1,4.8,14.6,17.3,3042,3888,,,
8525,44314,42974,43778,29600,2000000,2000000,65,3723000,Discharging,10.9,10.0,7.6,17.1,9.4,2902,3834,,,
