# fw=nextui-auto workload=mariokart start=2026-09-13 19:53:29 soak=99C prelaunch=schedutil/1800000 launch_up=1587.86 max0=1800000 gov=schedutil devfreq=none,none backlight=none
elapsed_s,cpu_mc,gpu_mc,ddr_mc,bat_mc,cur_khz,max_khz,batt_pct,batt_uv,status,cpu_busy,c0_busy,c1_busy,c2_busy,c3_busy,irq_s,ctxt_s,df0_hz,df1_hz,backlight
1601,34867,35604,35068,25300,1800000,1800000,89,3971000,Discharging,,,,,,,,,,
1603,34934,36073,35135,25300,1800000,1800000,89,3973000,Discharging,19.5,12.7,11.2,13.6,41.3,2675,3016,,,
1605,34800,35872,34867,25300,1800000,1800000,89,3972000,Discharging,21.3,14.1,5.1,22.2,43.1,2656,2986,,,
1607,35001,36073,35470,25300,1800000,1800000,89,3974000,Discharging,21.9,13.8,7.8,13.1,52.7,2620,2864,,,
1609,34465,35738,35269,25400,1800000,1800000,89,3961000,Discharging,20.2,16.4,7.9,18.3,37.6,2708,3016,,,
1612,34599,36073,35671,25400,1608000,1800000,89,3973000,Discharging,20.7,14.0,10.7,12.8,45.1,1874,2079,,,
1614,35001,36073,35202,25400,1800000,1800000,89,3973000,Discharging,21.1,13.1,8.7,19.3,43.1,2812,3254,,,
1616,34733,36207,35604,25400,1800000,1800000,89,3972000,Discharging,22.1,20.1,7.9,24.8,35.6,2656,3014,,,
1618,34733,35671,35336,25400,1800000,1800000,89,3972000,Discharging,21.3,13.6,7.0,6.5,56.9,2668,3052,,,
1620,34398,36006,35336,25400,1608000,1800000,89,3972000,Discharging,20.8,14.4,8.7,18.1,42.4,2712,3158,,,
1623,34867,36207,35470,25400,1608000,1800000,89,3972000,Discharging,20.7,15.9,10.2,13.0,43.1,1933,2157,,,
1625,34934,36140,35202,25400,1800000,1800000,89,3972000,Discharging,19.9,17.9,7.0,15.2,39.9,2872,3239,,,
1627,35001,36006,34934,25400,1800000,1800000,89,3972000,Discharging,20.9,14.0,10.1,32.4,26.6,2631,3011,,,
1629,34867,35738,35403,25400,1800000,1800000,89,3972000,Discharging,20.5,14.5,11.6,6.8,48.2,2862,3342,,,
1631,34867,35939,35403,25400,1800000,1800000,89,3972000,Discharging,21.5,15.4,8.9,12.9,48.6,2904,3186,,,
1633,34666,36073,35403,25400,1416000,1800000,89,3972000,Discharging,21.0,17.5,10.6,21.3,35.5,2641,3014,,,
1636,34733,36408,35269,25400,1800000,1800000,89,3972000,Discharging,20.2,14.6,12.7,11.3,41.0,1800,2084,,,
1638,34666,35939,35470,25400,1608000,1800000,89,3972000,Discharging,21.0,20.5,6.9,18.1,39.9,2738,3032,,,
1640,34800,36542,35470,25400,1608000,1800000,89,3972000,Discharging,21.5,16.7,9.2,37.9,20.9,2694,3148,,,
1642,34934,35872,35671,25400,1800000,1800000,89,3971000,Discharging,21.3,15.0,10.1,12.6,48.4,2898,3214,,,
1644,34867,35872,35403,25400,1608000,1800000,89,3962000,Discharging,20.4,19.2,7.4,36.1,18.1,2628,3020,,,
1647,34934,35805,35269,25400,1800000,1800000,89,3972000,Discharging,21.2,15.0,9.7,11.5,48.4,1793,2055,,,
1649,34934,36006,35202,25400,1608000,1800000,89,3973000,Discharging,20.0,16.4,5.6,38.2,19.3,2628,2916,,,
1651,34733,35805,35068,25400,1800000,1800000,89,3971000,Discharging,20.8,16.8,20.6,14.0,32.4,2723,3116,,,
1653,35135,36207,35403,25400,1800000,1800000,89,3972000,Discharging,20.8,21.7,7.9,37.0,16.4,2939,3236,,,
1655,35336,35872,35403,25400,1416000,1800000,89,3971000,Discharging,21.4,12.7,12.0,6.1,54.1,2648,3046,,,
1658,34867,36073,35738,25500,1800000,1800000,89,3971000,Discharging,21.5,19.4,10.2,33.2,22.2,1843,2107,,,
1660,34800,36475,35202,25500,1800000,1800000,89,3972000,Discharging,19.9,16.4,10.8,20.2,32.1,2704,3118,,,
1662,34934,36207,35202,25500,1416000,1800000,89,3972000,Discharging,21.7,13.0,10.2,21.0,43.0,2942,3303,,,
1664,34465,36073,35403,25400,1608000,1800000,89,3971000,Discharging,20.8,15.3,4.7,17.2,45.6,2601,3020,,,
1666,35068,35805,35202,25500,1800000,1800000,89,3972000,Discharging,21.7,13.2,21.5,18.4,32.3,2718,3075,,,
1669,34733,35671,35537,25500,1608000,1800000,89,3957000,Discharging,20.4,12.9,7.5,22.0,39.5,1685,1900,,,
1671,34331,36140,35135,25500,1608000,1800000,89,3971000,Discharging,21.0,11.4,8.6,27.1,36.9,2484,2764,,,
1673,35068,36006,35403,25500,1800000,1800000,89,3971000,Discharging,20.3,12.9,11.6,29.4,27.2,2640,2854,,,
1675,34800,35671,35336,25500,1800000,1800000,89,3971000,Discharging,20.6,10.0,8.0,20.2,43.4,2548,2790,,,
1677,34800,36274,35336,25500,1800000,1800000,89,3971000,Discharging,20.7,10.6,17.5,19.0,36.0,2452,2752,,,
1679,34599,35872,35001,25500,1800000,1800000,89,3971000,Discharging,20.6,14.3,8.0,22.7,37.7,2470,2784,,,
1681,34733,35872,35336,25600,1800000,1800000,89,3971000,Discharging,20.7,15.3,9.3,29.6,28.4,2506,2809,,,
1684,34599,36073,35537,25500,1800000,1800000,89,3949000,Discharging,19.7,11.8,7.6,34.4,25.0,1755,1887,,,
1686,34867,35671,35269,25600,1800000,1800000,89,3970000,Discharging,20.8,13.0,6.2,19.0,43.4,2472,2777,,,
1688,34800,36475,35068,25600,1800000,1800000,89,3971000,Discharging,20.6,12.9,24.4,10.0,35.5,2469,2754,,,
1690,34867,35939,35604,25600,1800000,1800000,89,3970000,Discharging,20.5,12.1,12.8,18.9,38.7,2500,2781,,,
1692,34800,36274,35336,25600,1800000,1800000,89,3968000,Discharging,19.4,20.6,17.1,12.9,27.1,2523,2780,,,
1694,35001,36073,35738,25600,1416000,1800000,89,3970000,Discharging,19.6,13.8,5.3,10.4,47.4,2666,2865,,,
1697,34532,35939,35269,25600,1608000,1800000,89,3970000,Discharging,20.2,12.6,4.3,19.5,43.5,1652,1861,,,
1699,35001,35738,35403,25600,1608000,1800000,89,3957000,Discharging,20.3,11.4,8.9,9.4,51.4,2536,2816,,,
1701,34867,36073,35202,25600,1800000,1800000,89,3970000,Discharging,20.8,9.6,7.1,10.4,55.4,2456,2774,,,
1703,34934,36073,35470,25600,1800000,1800000,89,3969000,Discharging,19.7,11.8,12.9,21.7,32.4,2710,2852,,,
1705,35135,36274,35403,25600,1800000,1800000,89,3969000,Discharging,18.8,11.8,12.9,27.4,23.3,2596,2815,,,
1707,34934,36073,35470,25600,1800000,1800000,89,3969000,Discharging,21.3,10.6,8.0,48.6,17.4,2496,2824,,,
1709,35068,36006,35872,25600,1608000,1800000,89,3969000,Discharging,21.0,10.0,10.6,29.7,33.5,2467,2828,,,
1712,34666,36408,35336,25600,1800000,1800000,89,3970000,Discharging,19.6,13.3,8.5,25.1,31.3,1682,1873,,,
1714,34867,36341,35604,25600,1608000,1800000,89,3960000,Discharging,21.1,18.0,7.4,14.6,44.2,2678,2836,,,
1716,35068,36341,35872,25600,1800000,1800000,89,3970000,Discharging,21.1,13.2,7.5,10.9,53.1,2526,2778,,,
1718,35068,35872,35403,25600,1800000,1800000,89,3970000,Discharging,20.9,10.7,12.3,25.5,33.8,2478,2796,,,
1720,34733,35939,35403,25600,1800000,1800000,89,3969000,Discharging,20.9,11.1,8.5,23.2,41.3,2493,2773,,,
1722,34934,35939,35537,25600,1800000,1800000,89,3969000,Discharging,20.9,15.6,11.0,35.8,21.2,2531,2800,,,
1724,35068,35872,35269,25600,1608000,1800000,89,3969000,Discharging,20.1,12.0,6.2,22.7,38.9,2663,2869,,,
1727,35068,36207,35604,25600,1800000,1800000,89,3969000,Discharging,19.6,10.0,13.2,45.3,10.4,1663,1861,,,
1729,35135,35939,35470,25600,1800000,1800000,89,3969000,Discharging,22.1,13.9,8.5,27.8,38.4,2484,2748,,,
1731,34934,35872,35671,25600,1608000,1800000,89,3969000,Discharging,20.3,13.3,6.2,4.8,55.9,2488,2778,,,
1733,34733,35872,35738,25600,1608000,1800000,89,3969000,Discharging,22.2,15.2,6.2,26.9,40.6,2496,2812,,,
1735,35068,36207,35738,25600,1608000,1800000,89,3970000,Discharging,20.6,10.6,13.3,19.6,38.1,2608,2824,,,
1737,35001,36207,35604,25700,1800000,1800000,89,3969000,Discharging,21.2,10.2,8.0,36.2,29.7,2533,2820,,,
1740,34666,36006,35470,25700,1800000,1800000,89,3969000,Discharging,19.8,13.8,9.0,15.3,42.1,1665,1847,,,
1742,35269,36006,35269,25700,1608000,1800000,89,3969000,Discharging,20.2,13.4,9.5,25.2,31.6,2435,2758,,,
1744,34666,35939,35068,25700,1800000,1800000,89,3969000,Discharging,21.6,13.9,10.5,41.9,18.9,2674,2852,,,
1746,35068,36073,35537,25700,1416000,1800000,89,3968000,Discharging,20.7,10.5,7.0,14.7,50.7,2496,2820,,,
1748,34465,36274,35403,25700,1800000,1800000,89,3969000,Discharging,21.6,12.0,6.2,33.5,34.0,2480,2746,,,
1750,34532,35671,35537,25700,1608000,1800000,89,3969000,Discharging,20.7,13.5,13.5,28.0,27.6,2532,2794,,,
1752,34867,36006,35671,25700,1800000,1800000,89,3970000,Discharging,20.8,13.3,5.8,22.8,41.8,2508,2843,,,
1755,35336,36207,35403,25700,1608000,1800000,89,3969000,Discharging,19.7,16.3,8.0,11.4,42.3,1799,1917,,,
1757,35135,36006,35336,25700,1800000,1800000,89,3969000,Discharging,20.3,13.0,10.3,14.2,43.1,2501,2803,,,
1759,34934,35939,35403,25700,1800000,1800000,89,3969000,Discharging,21.9,11.0,11.7,26.8,38.2,2489,2777,,,
1761,34733,35939,35738,25700,1800000,1800000,89,3968000,Discharging,20.5,11.7,11.7,32.2,25.5,2466,2768,,,
1763,34800,36140,35001,25700,1608000,1800000,89,3968000,Discharging,21.3,15.9,12.4,23.8,32.4,2471,2807,,,
1765,34800,36073,35403,25700,1800000,1800000,89,3969000,Discharging,19.9,15.7,7.1,19.3,37.6,2667,2863,,,
1767,34934,36341,35805,25700,1608000,1800000,88,3969000,Discharging,20.8,12.1,8.1,11.8,51.2,2660,3162,,,
1770,35001,36006,35604,25700,1800000,1800000,88,3969000,Discharging,21.3,14.8,6.7,17.7,45.3,1704,1873,,,
1772,34666,36274,35537,25700,1800000,1800000,88,3969000,Discharging,21.5,10.5,7.5,41.9,26.3,2416,2788,,,
1774,35068,36341,35470,25700,1608000,1800000,88,3968000,Discharging,21.4,12.0,11.8,31.6,30.2,2543,2842,,,
1776,34867,36073,35202,25800,1800000,1800000,88,3968000,Discharging,20.0,11.9,8.1,40.4,19.4,2615,2858,,,
1778,35135,35738,35202,25700,1608000,1800000,88,3967000,Discharging,21.1,14.0,12.1,10.0,47.9,2479,2822,,,
1780,34800,36140,35604,25700,1608000,1800000,88,3968000,Discharging,19.8,23.7,15.0,8.5,31.0,2588,2841,,,
1783,35202,35939,35403,25700,1800000,1800000,88,3968000,Discharging,20.5,11.5,15.2,18.7,36.2,1665,1874,,,
1785,34800,36006,35671,25700,1800000,1800000,88,3968000,Discharging,20.1,15.4,13.7,20.7,31.0,2692,2843,,,
1787,35403,36341,35470,25700,1608000,1800000,88,3967000,Discharging,20.9,13.5,4.3,26.3,38.3,2461,2766,,,
1789,35403,36341,35537,25800,1416000,1800000,88,3968000,Discharging,21.6,16.0,12.7,10.0,47.4,2558,2812,,,
1791,34800,36006,35537,25800,1608000,1800000,88,3967000,Discharging,20.8,9.8,7.9,32.6,32.6,2498,2784,,,
1793,34532,36006,35671,25800,1800000,1800000,88,3967000,Discharging,21.6,12.7,11.3,36.0,25.8,2444,2775,,,
1795,34800,35604,35269,25800,1608000,1800000,88,3967000,Discharging,18.9,19.6,8.4,21.2,26.9,2655,2842,,,
1798,34934,36475,35269,25700,1800000,1800000,88,3967000,Discharging,21.1,10.0,6.2,29.9,37.4,1612,1860,,,
1800,34666,36274,35269,25800,1608000,1800000,88,3968000,Discharging,21.7,11.4,10.0,17.8,47.9,2519,2812,,,
1802,35470,36475,35604,25800,1608000,1800000,88,3967000,Discharging,19.9,10.1,10.7,8.6,49.3,2448,2750,,,
1804,35001,36207,35336,25800,1800000,1800000,88,3968000,Discharging,21.9,19.0,11.4,21.6,35.4,2533,2792,,,
1806,34867,35805,35135,25800,1800000,1800000,88,3967000,Discharging,21.2,13.4,5.7,25.1,39.4,2688,2850,,,
1808,34398,36140,35738,25800,1800000,1800000,88,3966000,Discharging,20.4,12.8,11.0,33.5,25.1,2454,2813,,,
1810,34733,36073,35336,25800,1800000,1800000,88,3967000,Discharging,20.9,11.0,9.0,33.5,29.2,2458,2776,,,
1813,35403,36341,35604,25800,1800000,1800000,88,3967000,Discharging,20.2,14.8,12.7,22.7,30.8,1660,1851,,,
1815,35001,36475,35604,25800,1800000,1800000,88,3967000,Discharging,21.3,12.0,11.3,34.9,27.7,2500,2762,,,
1817,35001,36542,35671,25800,1800000,1800000,88,3966000,Discharging,20.0,16.1,23.9,26.5,13.3,2670,2895,,,
1819,35202,36408,35470,25800,1800000,1800000,88,3965000,Discharging,20.9,15.7,10.9,26.3,29.2,2605,2826,,,
1821,34666,36006,35135,25800,1608000,1800000,88,3966000,Discharging,20.9,11.5,8.4,27.7,36.2,2460,2798,,,
1823,34599,36743,35470,25800,1800000,1800000,88,3967000,Discharging,20.5,11.1,6.2,46.9,17.0,2452,2762,,,
1826,34867,36140,35336,25800,1800000,1800000,88,3967000,Discharging,21.0,15.2,11.4,16.7,40.9,1793,1896,,,
1828,35269,36676,35537,25900,1800000,1800000,88,3967000,Discharging,20.3,10.2,8.5,27.4,34.4,2416,2758,,,
1830,35001,36140,35604,25900,1800000,1800000,88,3966000,Discharging,20.2,12.6,10.4,20.4,37.6,2540,2816,,,
1832,35269,36274,35805,25800,1608000,1800000,88,3966000,Discharging,20.6,10.9,8.0,34.0,28.6,2512,2854,,,
1834,35135,36274,35537,25800,1800000,1800000,88,3966000,Discharging,22.6,9.7,10.4,21.6,47.4,2558,2796,,,
1836,34934,36207,35604,25900,1608000,1800000,88,3965000,Discharging,20.4,12.0,5.7,16.1,47.4,2610,2840,,,
1838,35068,36006,35269,25800,1800000,1800000,88,3966000,Discharging,20.7,11.6,5.7,13.1,52.1,2478,2756,,,
1841,35470,36341,35269,25800,1416000,1800000,88,3966000,Discharging,21.9,15.2,18.1,23.2,31.0,1675,1849,,,
1843,35202,36274,35805,25800,1800000,1800000,88,3966000,Discharging,20.6,11.6,7.5,39.5,23.7,2518,2830,,,
1845,35202,35872,35604,25800,1800000,1800000,88,3965000,Discharging,21.1,20.4,5.3,29.5,28.5,2578,2823,,,
1847,35202,36140,35604,25900,1416000,1800000,88,3965000,Discharging,20.4,11.5,6.2,18.9,44.4,2640,2852,,,
1849,35336,36341,35738,25800,1800000,1800000,88,3965000,Discharging,22.1,12.0,16.0,36.0,23.5,2463,2773,,,
1851,35336,36274,35537,25900,1608000,1800000,88,3965000,Discharging,20.4,14.4,6.6,30.4,31.0,2564,2835,,,
1854,35403,36609,35470,25900,1800000,1800000,88,3966000,Discharging,20.5,14.8,11.2,14.3,41.2,1642,1836,,,
1856,35068,36274,35604,25800,1800000,1800000,88,3965000,Discharging,21.9,11.4,10.7,11.4,54.2,2549,2816,,,
1858,35604,36207,35537,25900,1800000,1800000,88,3965000,Discharging,20.0,11.5,10.5,37.4,19.7,2651,2844,,,
1860,35336,36073,35805,25900,1608000,1800000,88,3964000,Discharging,21.9,10.6,7.5,22.3,47.4,2520,2854,,,
1862,34934,36274,35872,25900,1608000,1800000,88,3965000,Discharging,20.5,10.5,9.1,19.1,42.6,2482,2783,,,
1864,34934,36609,35336,25900,1800000,1800000,88,3964000,Discharging,20.2,12.7,17.8,36.0,14.1,2530,2819,,,
1866,35068,36408,35470,25900,1800000,1800000,88,3966000,Discharging,20.7,12.3,8.1,18.7,43.2,2610,2842,,,
1869,35135,36542,35872,25900,1800000,1800000,88,3965000,Discharging,19.8,13.3,10.9,21.0,34.6,1660,1868,,,
1871,34934,36475,35604,25900,1608000,1800000,88,3965000,Discharging,22.0,15.2,11.8,5.8,54.0,2584,2853,,,
1873,35068,36274,35872,25900,1608000,1800000,88,3965000,Discharging,20.7,11.6,5.7,32.9,32.1,2434,2767,,,
1875,35068,36140,35537,25900,1416000,1800000,88,3964000,Discharging,21.8,10.5,17.4,28.0,31.0,2507,2836,,,
1877,35269,36140,35738,25900,1608000,1800000,88,3964000,Discharging,19.9,13.9,8.1,8.5,49.3,2675,2874,,,
1879,35403,36676,35604,25900,1608000,1800000,88,3964000,Discharging,20.7,10.2,9.3,5.2,57.0,2463,2774,,,
1881,35604,36006,35939,25900,1800000,1800000,88,3964000,Discharging,21.0,12.1,25.1,16.3,31.3,2500,2829,,,
1884,35269,36542,35939,25900,1608000,1800000,88,3965000,Discharging,21.0,14.9,6.2,11.4,50.5,1651,1860,,,
1886,34733,35939,35939,25900,1608000,1800000,88,3965000,Discharging,21.4,10.2,12.2,36.0,27.0,2505,2821,,,
1888,35202,36140,35470,25900,1800000,1800000,88,3965000,Discharging,20.9,10.1,12.3,4.7,54.2,2594,2820,,,
1890,34934,36073,35537,25900,1608000,1800000,88,3964000,Discharging,21.2,13.3,11.2,21.1,39.9,2514,2803,,,
1892,35403,36274,35671,25900,1800000,1800000,88,3964000,Discharging,20.8,15.7,16.6,9.4,41.1,2458,2742,,,
1894,35068,36341,35403,25900,1608000,1800000,88,3964000,Discharging,20.4,8.7,8.5,10.4,54.0,2510,2822,,,
1897,35202,36341,35738,25900,1608000,1800000,88,3958000,Discharging,21.7,15.8,7.6,13.6,48.8,1610,1840,,,
1899,35403,36274,35738,25900,1800000,1800000,88,3964000,Discharging,20.2,12.4,11.4,16.7,40.2,2672,2854,,,
1901,35269,36609,36006,26000,1800000,1800000,88,3964000,Discharging,21.6,11.4,8.5,8.5,56.9,2584,2826,,,
1903,34599,36676,35805,25900,1608000,1800000,88,3964000,Discharging,20.6,10.5,10.3,21.6,39.5,2536,2812,,,
1905,34934,36140,35939,26000,1416000,1800000,88,3964000,Discharging,22.4,9.5,8.9,19.3,51.7,2482,2797,,,
1907,35068,36408,35805,26000,1416000,1800000,88,3963000,Discharging,19.5,12.9,14.1,39.5,11.2,2575,2824,,,
1909,34934,36743,35738,26000,1800000,1800000,88,3963000,Discharging,20.5,13.3,11.8,43.5,13.3,2608,2874,,,
1912,35537,36274,35939,26000,1800000,1800000,88,3956000,Discharging,21.2,10.6,12.8,32.4,28.5,1692,1887,,,
1914,35470,36542,35671,26000,1800000,1800000,88,3963000,Discharging,20.0,13.7,6.7,21.4,38.0,2478,2794,,,
1916,34867,36475,35537,26000,1800000,1800000,88,3963000,Discharging,20.0,16.8,17.5,12.8,32.5,2544,2850,,,
1918,35403,36542,35336,26000,1800000,1800000,88,3964000,Discharging,19.5,14.7,12.1,13.3,38.1,2677,2858,,,
1920,35068,36475,35470,26000,1800000,1800000,88,3963000,Discharging,21.4,11.5,12.3,22.0,40.1,2478,2794,,,
1922,35135,36274,35470,26000,1800000,1800000,88,3964000,Discharging,21.0,8.6,7.5,9.5,57.5,2464,2788,,,
1924,35470,36676,36207,26000,1800000,1800000,88,3962000,Discharging,19.7,16.3,8.0,23.0,31.1,2512,2808,,,
1927,35336,36542,35604,26000,1608000,1800000,88,3950000,Discharging,22.0,18.5,6.6,27.8,35.4,1670,1854,,,
1929,35135,36609,36140,26000,1416000,1800000,88,3962000,Discharging,20.6,11.0,6.1,6.2,58.5,2657,2890,,,
1931,35202,36408,35939,26000,1608000,1800000,88,3962000,Discharging,21.2,9.6,9.1,29.0,36.9,2456,2777,,,
1933,35202,36408,35872,26000,1800000,1800000,88,3962000,Discharging,21.6,10.4,9.3,6.1,60.8,2448,2782,,,
1935,35135,36475,35604,26000,1800000,1800000,88,3962000,Discharging,20.4,13.5,9.5,10.0,47.2,2466,2801,,,
1937,35336,36207,35872,26000,1800000,1800000,88,3962000,Discharging,20.8,12.9,9.9,17.5,42.9,2554,2810,,,
1940,35537,36207,35872,26000,1800000,1800000,88,3962000,Discharging,19.8,12.9,13.1,28.8,24.9,1779,1918,,,
1942,35202,35939,35939,26000,1608000,1800000,88,3953000,Discharging,20.6,10.6,12.4,19.9,39.0,2470,2822,,,
1944,35403,36341,35805,26000,1608000,1800000,88,3963000,Discharging,20.2,10.9,10.3,29.6,30.7,2448,2824,,,
1946,35403,36207,35872,26000,1800000,1800000,88,3963000,Discharging,21.8,10.0,7.5,9.0,60.6,2456,2762,,,
1948,35269,36743,35537,26000,1800000,1800000,88,3962000,Discharging,21.1,16.4,7.5,7.6,51.4,2539,2835,,,
1950,35068,36475,36006,26100,1800000,1800000,88,3962000,Discharging,20.9,8.7,7.6,16.7,49.8,2668,2864,,,
1952,35001,36676,35671,26100,1800000,1800000,88,3961000,Discharging,21.3,10.5,9.1,24.8,41.0,2456,2781,,,
1955,35068,36475,35738,26000,1800000,1800000,88,3962000,Discharging,20.5,15.7,8.5,15.9,43.1,1685,1854,,,
1957,35403,36207,35939,26100,1608000,1800000,88,3947000,Discharging,20.7,13.1,9.4,22.4,36.4,2530,2850,,,
1959,35269,36609,35872,26100,1800000,1800000,88,3963000,Discharging,19.7,14.4,6.6,14.6,43.9,2618,2810,,,
1961,35470,36274,35872,26100,1800000,1800000,88,3962000,Discharging,22.0,11.5,6.6,27.5,41.3,2516,2824,,,
1963,35269,36274,36073,26100,1608000,1800000,88,3962000,Discharging,20.4,12.7,7.1,22.6,38.3,2468,2775,,,
1965,35336,36207,35805,26100,1800000,1800000,88,3962000,Discharging,19.5,18.0,7.1,41.9,10.9,2524,2814,,,
1968,35202,36475,35604,26100,1800000,1800000,88,3962000,Discharging,21.5,20.7,8.9,5.7,50.2,1671,1875,,,
1970,35470,36408,35939,26100,1800000,1800000,88,3962000,Discharging,20.5,17.1,9.3,11.9,44.0,2707,2852,,,
1972,35202,36609,35671,26100,1608000,1800000,88,3945000,Discharging,21.0,18.3,9.1,18.9,37.6,2448,2762,,,
1974,35135,36542,35403,26100,1608000,1800000,88,3962000,Discharging,19.8,10.1,6.7,14.4,47.6,2492,2810,,,
1976,35068,36475,35604,26100,1800000,1800000,88,3962000,Discharging,21.7,13.9,7.7,32.9,31.9,2564,2845,,,
1978,35537,36408,35470,26100,1800000,1800000,88,3962000,Discharging,20.6,10.9,9.0,36.0,26.5,2478,2758,,,
1980,35135,36408,35805,26100,1416000,1800000,88,3962000,Discharging,20.1,11.0,8.9,26.2,35.4,2652,2858,,,
1983,35001,36542,35403,26100,1416000,1800000,88,3961000,Discharging,20.1,15.3,9.5,9.0,46.0,1709,1880,,,
1985,35537,36408,35872,26100,1608000,1800000,88,3961000,Discharging,20.1,9.1,13.3,28.3,29.4,2504,2802,,,
1987,35403,36609,35135,26100,1800000,1800000,88,3942000,Discharging,20.9,16.4,7.1,25.1,34.3,2515,2802,,,
1989,35068,36475,35671,26100,1416000,1800000,88,3961000,Discharging,20.8,10.4,7.5,9.9,54.6,2532,2779,,,
1991,35269,36877,35805,26100,1416000,1800000,88,3961000,Discharging,20.3,14.5,16.0,23.2,27.2,2710,2856,,,
1993,35269,36408,35939,26100,1800000,1800000,88,3960000,Discharging,20.9,14.4,7.6,17.4,44.9,2491,2763,,,
1995,35269,36944,35805,26100,1800000,1800000,88,3960000,Discharging,20.3,10.1,9.4,14.2,47.9,2482,2767,,,
1998,35269,36743,36006,26100,1800000,1800000,88,3960000,Discharging,21.0,14.2,8.1,26.7,34.8,1693,1897,,,
2000,35202,36408,35939,26200,1800000,1800000,88,3960000,Discharging,20.4,12.5,7.2,17.4,43.7,2701,2898,,,
2002,35403,36408,35805,26100,1800000,1800000,88,3961000,Discharging,21.6,18.5,5.3,17.1,45.8,2488,2770,,,
2004,35135,36006,36274,26100,1608000,1800000,88,3962000,Discharging,20.9,12.1,6.7,32.7,31.3,2424,2802,,,
2006,35336,36676,35939,26100,1608000,1800000,88,3961000,Discharging,21.6,11.0,8.1,22.6,43.7,2498,2814,,,
2008,35403,36140,36207,26100,1800000,1800000,88,3961000,Discharging,20.3,11.1,10.3,21.1,39.3,2534,2840,,,
2011,35403,36341,35738,26200,1608000,1800000,88,3961000,Discharging,20.4,13.9,14.9,42.7,9.4,1802,1936,,,
2013,35202,36475,35671,26100,1800000,1800000,88,3961000,Discharging,20.8,20.7,8.9,18.9,35.8,2488,2759,,,
2015,35202,36408,35872,26100,1800000,1800000,88,3961000,Discharging,20.9,8.7,14.3,29.0,30.7,2536,2829,,,
2017,35537,36006,35805,26200,1608000,1800000,88,3943000,Discharging,22.3,13.9,9.4,11.3,54.2,2480,2750,,,
2019,35336,36743,35738,26200,1608000,1800000,88,3961000,Discharging,21.4,9.5,6.1,5.3,63.7,2473,2794,,,
2021,35738,36341,35671,26100,1800000,1800000,88,3960000,Discharging,18.8,15.3,14.7,15.7,29.4,2649,2898,,,
2023,35135,36542,36073,26200,1800000,1800000,88,3960000,Discharging,20.3,14.4,8.1,13.3,44.6,2545,2820,,,
2026,35537,36810,35872,26200,1800000,1800000,88,3961000,Discharging,20.6,12.5,10.4,22.1,37.4,1667,1857,,,
2028,35202,36408,35671,26200,1608000,1800000,88,3962000,Discharging,20.6,15.5,7.2,16.1,43.7,2482,2752,,,
2030,35202,36676,35872,26200,1800000,1800000,88,3960000,Discharging,21.2,10.0,15.2,22.2,36.8,2549,2808,,,
2032,35202,36542,35872,26200,1608000,1800000,88,3961000,Discharging,21.3,15.4,16.0,19.4,34.7,2666,2856,,,
2034,35202,36341,35671,26200,1800000,1800000,88,3960000,Discharging,20.3,11.0,7.5,8.5,53.7,2537,2841,,,
2036,35336,36140,36207,26200,1800000,1800000,88,3960000,Discharging,21.4,10.5,7.1,39.2,28.6,2480,2832,,,
2038,35135,36609,35135,26200,1800000,1800000,88,3959000,Discharging,21.9,10.5,10.0,10.8,54.2,2458,2770,,,
2041,35202,36743,35805,26200,1800000,1800000,88,3960000,Discharging,20.1,14.8,12.6,18.6,35.1,1795,1902,,,
2043,35470,36207,35738,26200,1800000,1800000,88,3959000,Discharging,20.9,14.8,12.1,37.3,19.6,2488,2760,,,
2045,35202,36408,36073,26200,1800000,1800000,88,3960000,Discharging,19.6,13.9,18.1,15.3,31.5,2592,2828,,,
2047,35135,36609,35872,26200,1608000,1800000,88,3959000,Discharging,20.9,13.8,5.7,11.5,52.1,2442,2764,,,
2049,35336,36542,35604,26200,1800000,1800000,88,3960000,Discharging,20.4,12.0,6.7,31.3,30.7,2471,2774,,,
2051,35403,36542,36006,26200,1608000,1800000,88,3960000,Discharging,20.0,13.6,8.4,27.7,30.7,2647,2878,,,
2054,35470,36609,35805,26200,1800000,1800000,88,3960000,Discharging,22.2,12.8,7.6,10.4,57.7,1657,1862,,,
2056,34934,36810,35939,26200,1800000,1800000,88,3960000,Discharging,20.6,13.5,11.9,31.6,24.4,2510,2782,,,
2058,35537,36341,35872,26200,1800000,1800000,88,3960000,Discharging,21.1,16.7,16.4,24.1,28.8,2482,2763,,,
2060,35470,36475,36006,26200,1608000,1800000,88,3960000,Discharging,20.4,11.0,7.5,19.8,42.1,2600,2846,,,
2062,35336,36743,35939,26200,1416000,1800000,88,3959000,Discharging,20.0,13.0,9.0,14.6,42.5,2644,2826,,,
2064,35202,36542,35872,26200,1800000,1800000,88,3959000,Discharging,20.9,14.2,9.4,33.6,27.4,2521,2762,,,
2066,35470,36810,35872,26300,1800000,1800000,88,3959000,Discharging,21.2,9.2,5.7,5.2,62.9,2477,2782,,,
2069,35671,36341,35671,26300,1608000,1800000,88,3958000,Discharging,22.2,11.4,9.0,10.3,57.7,1609,1833,,,
2071,35604,36475,35939,26300,1800000,1800000,88,3959000,Discharging,20.4,10.1,8.4,21.0,43.1,2500,2780,,,
2073,35537,36274,35805,26300,1416000,1800000,88,3958000,Discharging,19.6,18.5,12.7,14.1,32.9,2686,2844,,,
2075,35202,36944,35738,26200,1800000,1800000,88,3958000,Discharging,21.1,11.4,6.1,11.7,54.7,2610,2796,,,
2077,35470,36743,35939,26300,1608000,1800000,88,3958000,Discharging,20.7,10.7,9.0,8.6,53.7,2432,2774,,,
2079,35336,36810,35470,26300,1800000,1800000,88,3959000,Discharging,20.8,15.6,10.4,23.3,33.8,2556,2789,,,
2081,35671,36609,36207,26300,1800000,1800000,88,3959000,Discharging,20.2,16.8,15.0,10.0,38.9,2650,2882,,,
