# fw=nextui-auto workload=zelda start=2026-09-13 19:28:46 soak=99C prelaunch=schedutil/1800000 launch_up=104.45 max0=1800000 gov=schedutil devfreq=none,none backlight=none
elapsed_s,cpu_mc,gpu_mc,ddr_mc,bat_mc,cur_khz,max_khz,batt_pct,batt_uv,status,cpu_busy,c0_busy,c1_busy,c2_busy,c3_busy,irq_s,ctxt_s,df0_hz,df1_hz,backlight
117,26023,27497,26961,20300,1800000,1800000,94,4011000,Discharging,,,,,,,,,,
119,26358,27966,26961,20300,1608000,1800000,94,4011000,Discharging,19.5,18.5,12.6,14.4,32.0,2814,3398,,,
122,26090,27698,27296,20300,1800000,1800000,94,4010000,Discharging,18.8,13.7,17.6,24.2,19.6,1915,2211,,,
124,26626,27698,27162,20400,1416000,1800000,94,4010000,Discharging,18.8,22.3,8.8,19.9,24.3,2846,3306,,,
126,26425,27497,27497,20300,1800000,1800000,94,3994000,Discharging,18.3,16.9,20.3,14.0,23.0,2886,3184,,,
128,26827,28033,26760,20400,1800000,1800000,94,4012000,Discharging,18.5,18.0,15.2,16.0,25.4,2575,2908,,,
130,26827,27966,27363,20400,1800000,1800000,94,4007000,Discharging,20.2,13.6,8.6,19.2,37.4,2469,2840,,,
132,26626,27765,27028,20400,1608000,1800000,94,4007000,Discharging,18.3,18.4,12.1,27.6,16.0,2510,2864,,,
135,26894,27966,26827,20400,1608000,1800000,94,4005000,Discharging,19.1,13.9,14.1,22.6,25.6,1729,1941,,,
137,26760,28435,27631,20400,1800000,1800000,94,4008000,Discharging,18.3,19.0,13.1,19.9,20.7,2723,2982,,,
139,26827,28368,27363,20400,1608000,1800000,94,4007000,Discharging,17.6,15.3,12.3,25.9,17.0,2625,2916,,,
141,26425,28234,27698,20400,1800000,1800000,94,3985000,Discharging,19.0,18.1,18.9,17.8,20.8,2574,2907,,,
143,26760,28100,27296,20400,1800000,1800000,94,4009000,Discharging,18.6,20.7,16.4,17.1,20.1,2573,2906,,,
145,26559,28167,27564,20400,1800000,1800000,94,4008000,Discharging,19.3,14.4,16.3,22.0,25.1,2533,2876,,,
147,26559,28301,27631,20400,1608000,1800000,94,4007000,Discharging,19.8,13.9,13.7,11.3,39.9,2686,2952,,,
150,26894,28435,27229,20400,1800000,1800000,94,4008000,Discharging,19.5,17.8,11.4,25.9,23.5,1716,1935,,,
152,27296,28301,26961,20400,1608000,1800000,94,4007000,Discharging,18.4,15.0,17.8,25.5,15.6,2518,2914,,,
154,26827,28368,27497,20500,1800000,1800000,94,4008000,Discharging,19.2,18.2,16.0,11.4,30.8,2514,2856,,,
156,26760,27966,27162,20500,1800000,1800000,94,3993000,Discharging,19.5,16.5,10.5,33.3,16.4,2518,2888,,,
158,26894,27698,27765,20400,1416000,1800000,94,4006000,Discharging,19.4,18.3,24.0,14.8,19.8,2662,2946,,,
160,27095,28569,27296,20500,1608000,1800000,94,4010000,Discharging,19.9,19.6,11.8,33.6,15.2,2560,2907,,,
162,27162,28368,28033,20500,1800000,1800000,94,4007000,Discharging,18.1,15.4,12.2,18.2,25.9,2523,2894,,,
165,26894,28234,27363,20500,1416000,1800000,94,4005000,Discharging,19.6,18.3,8.1,27.6,24.4,1698,1924,,,
167,27296,28435,27430,20500,1608000,1800000,94,4006000,Discharging,19.2,15.4,10.6,29.4,21.1,2694,2930,,,
169,26827,28502,27497,20500,1800000,1800000,94,4005000,Discharging,19.1,13.9,14.2,29.4,18.5,2541,2914,,,
171,26693,28435,27363,20500,1608000,1800000,94,4006000,Discharging,19.1,20.0,9.6,24.2,23.3,2533,2932,,,
173,26894,28167,27296,20500,1608000,1800000,94,4007000,Discharging,17.1,16.2,14.3,15.2,22.2,2528,2894,,,
175,27162,28837,27430,20500,1608000,1800000,94,4007000,Discharging,20.4,17.7,9.9,22.2,31.5,2544,2885,,,
178,27095,28368,27631,20500,1608000,1800000,94,4005000,Discharging,18.3,16.7,11.3,20.5,25.6,1786,1962,,,
180,26961,28502,27832,20500,1800000,1800000,94,4007000,Discharging,18.7,17.1,12.9,18.9,24.6,2516,2914,,,
182,27162,28569,27765,20500,1608000,1800000,94,4006000,Discharging,19.5,21.8,13.1,21.9,21.8,2572,2894,,,
184,27631,28770,27698,20500,1608000,1800000,94,4006000,Discharging,18.3,19.5,10.9,20.5,21.8,2602,2926,,,
186,27296,28368,27765,20600,1416000,1800000,94,4007000,Discharging,19.9,18.4,12.9,25.6,23.0,2544,2884,,,
188,27095,28502,27832,20600,1608000,1800000,94,4007000,Discharging,19.3,19.0,11.2,20.3,26.4,2698,3000,,,
190,27095,28636,27966,20600,1608000,1800000,94,4006000,Discharging,19.5,23.9,10.0,28.4,15.2,2540,2914,,,
193,27296,28703,27765,20600,1608000,1800000,94,4006000,Discharging,17.9,15.9,15.4,20.5,18.7,1675,1927,,,
195,27229,28837,27966,20600,1608000,1800000,94,4006000,Discharging,18.1,15.8,15.2,17.9,24.2,2580,2960,,,
197,27229,28770,27832,20600,1800000,1800000,94,4005000,Discharging,18.6,17.7,17.0,18.6,21.0,2562,2918,,,
199,27899,28636,28301,20600,1800000,1800000,94,4006000,Discharging,19.4,16.5,8.6,18.3,34.1,2747,2968,,,
201,27564,28636,28167,20600,1800000,1800000,94,4006000,Discharging,20.0,19.2,14.8,20.0,25.9,2488,2872,,,
203,27296,28435,27765,20600,1608000,1800000,94,4006000,Discharging,18.9,18.8,13.7,19.8,23.8,2542,2890,,,
205,27765,28703,27966,20600,1608000,1800000,94,4005000,Discharging,20.6,13.3,10.0,16.4,41.1,2478,2828,,,
208,27765,29038,27631,20600,1800000,1800000,94,4005000,Discharging,20.0,17.1,16.2,19.3,28.2,1777,1952,,,
210,27698,29239,28100,20600,1608000,1800000,94,4005000,Discharging,19.9,20.7,11.7,27.8,18.8,2538,2827,,,
212,28033,29038,28167,20700,1800000,1800000,94,4007000,Discharging,19.7,18.8,16.0,26.6,17.4,2578,2906,,,
214,27832,28837,28502,20600,1416000,1800000,94,3996000,Discharging,18.4,19.7,12.1,17.8,24.2,2566,2908,,,
216,27095,28636,28368,20700,1800000,1800000,94,4007000,Discharging,19.4,20.4,10.8,27.8,19.2,2532,2858,,,
218,27631,28770,28636,20600,1800000,1800000,94,4006000,Discharging,18.6,19.4,9.9,25.0,19.8,2716,2966,,,
221,27564,29105,28033,20700,1608000,1800000,94,4006000,Discharging,18.3,13.9,15.6,23.1,20.2,1682,1924,,,
223,27899,28770,28569,20700,1800000,1800000,94,4007000,Discharging,18.6,14.4,7.1,32.6,21.1,2457,2852,,,
225,27966,29574,28703,20600,1800000,1800000,94,4006000,Discharging,18.8,20.0,12.2,22.4,20.0,2566,2902,,,
227,28033,29105,28502,20700,1800000,1800000,94,4009000,Discharging,20.1,14.4,16.1,19.8,29.4,2537,2896,,,
229,27698,29172,28569,20700,1608000,1800000,94,3992000,Discharging,18.2,18.0,8.1,15.3,31.8,2704,2966,,,
231,27832,29105,28234,20700,1800000,1800000,94,4003000,Discharging,19.1,19.2,15.3,17.0,23.8,2537,2884,,,
233,27966,29038,28368,20800,1800000,1800000,94,4003000,Discharging,19.1,15.8,11.5,23.4,26.6,2540,2896,,,
236,28368,28904,28167,20700,1608000,1800000,94,4006000,Discharging,18.3,18.6,11.8,19.9,22.3,1687,1926,,,
238,27765,29038,28435,20700,1608000,1800000,94,4005000,Discharging,18.8,14.9,19.9,9.0,31.0,2480,2848,,,
240,27698,29574,28636,20700,1608000,1800000,94,4005000,Discharging,18.7,19.4,14.2,18.1,22.6,2744,2968,,,
242,28301,28770,28435,20700,1800000,1800000,94,4006000,Discharging,19.5,18.0,11.3,21.6,27.4,2569,2894,,,
244,28033,29306,28502,20800,1800000,1800000,94,3994000,Discharging,18.7,19.0,11.5,25.1,18.8,2584,2927,,,
246,27966,29306,28502,20700,1800000,1800000,94,4005000,Discharging,19.6,18.2,12.2,24.5,24.4,2457,2863,,,
248,28033,29708,28502,20800,1800000,1800000,94,4005000,Discharging,19.1,18.6,12.3,21.2,24.5,2590,2916,,,
251,28033,29507,28636,20800,1608000,1800000,94,4006000,Discharging,19.3,17.5,12.2,24.3,22.9,1747,1958,,,
253,27966,29172,28368,20800,1416000,1800000,94,4004000,Discharging,19.4,16.7,7.6,23.8,29.8,2547,2872,,,
255,28435,29306,29038,20800,1800000,1800000,94,4005000,Discharging,18.6,20.3,10.7,13.1,29.6,2578,2890,,,
257,28167,29440,28569,20800,1800000,1800000,94,4005000,Discharging,19.5,16.3,13.7,22.7,24.9,2551,2902,,,
259,28368,29373,28435,20800,1800000,1800000,94,3990000,Discharging,19.2,22.4,12.7,19.8,22.3,2828,3041,,,
261,28234,29239,28569,20800,1800000,1800000,94,4002000,Discharging,20.1,16.7,8.6,26.4,29.0,2507,2854,,,
263,28636,29172,28435,20800,1800000,1800000,94,4004000,Discharging,17.9,21.6,10.0,23.4,16.6,2499,2872,,,
266,28100,29507,29239,20800,1800000,1800000,94,4004000,Discharging,18.6,19.9,16.0,20.3,17.8,1674,1904,,,
268,28100,29172,28837,20900,1608000,1800000,94,4002000,Discharging,20.5,18.1,7.5,23.0,33.2,2564,2895,,,
270,28368,29373,28770,20900,1800000,1800000,94,4004000,Discharging,17.9,22.0,12.1,20.9,16.4,2764,2946,,,
272,27966,29440,28904,20900,1608000,1800000,94,4004000,Discharging,19.2,21.0,9.9,18.9,28.2,2532,2882,,,
274,27832,29306,28904,20900,1800000,1800000,94,4003000,Discharging,18.6,20.9,10.4,22.9,20.0,2565,2898,,,
276,28569,29440,29239,20900,1800000,1800000,94,4002000,Discharging,20.1,15.3,11.3,25.4,27.2,2510,2897,,,
279,28435,29775,28770,20900,1608000,1800000,94,4003000,Discharging,18.3,21.2,13.6,18.1,20.7,1700,1942,,,
281,28569,30043,29038,20900,1608000,1800000,94,4004000,Discharging,18.9,16.4,8.1,25.2,25.7,2648,2990,,,
283,28234,29373,29239,20900,1608000,1800000,94,4003000,Discharging,19.8,17.2,12.7,28.5,20.5,2572,2915,,,
285,28100,29574,28770,20900,1800000,1800000,94,4003000,Discharging,19.4,22.0,11.1,24.1,20.4,2567,2916,,,
287,28435,29507,28569,20900,1800000,1800000,94,4004000,Discharging,19.4,20.4,16.9,20.8,20.3,2507,2862,,,
289,28301,29641,28569,20900,1416000,1800000,94,4003000,Discharging,19.2,18.2,9.4,25.9,22.4,2649,2950,,,
291,28435,29775,28904,20900,1800000,1800000,94,4003000,Discharging,19.0,17.3,11.4,24.5,23.0,2660,2928,,,
294,28368,29641,29038,20900,1416000,1800000,94,4002000,Discharging,18.8,21.8,14.4,27.6,11.1,1735,1938,,,
296,28837,29909,28569,20900,1608000,1800000,94,4003000,Discharging,19.6,21.2,14.0,21.2,22.2,2480,2864,,,
298,28569,29641,28770,21000,1800000,1800000,94,4003000,Discharging,19.4,23.2,13.3,19.2,21.3,2584,2895,,,
300,28234,29641,29105,21000,1800000,1800000,94,4002000,Discharging,19.1,19.6,8.9,21.3,26.8,2737,2949,,,
302,28502,29574,29038,21000,1800000,1800000,94,4003000,Discharging,18.8,18.8,11.3,20.6,24.6,2531,2890,,,
304,28636,29641,29105,21000,1608000,1800000,94,4003000,Discharging,20.0,21.0,13.3,27.8,17.5,2576,2889,,,
306,28368,29775,28837,21000,1800000,1800000,94,4004000,Discharging,19.3,18.2,8.1,32.7,18.4,2546,2862,,,
309,28435,29708,28971,21000,1800000,1800000,94,4003000,Discharging,19.5,16.9,8.0,30.5,23.2,1682,1934,,,
311,28971,29708,29172,21000,1800000,1800000,94,4001000,Discharging,19.1,14.7,12.8,23.7,24.6,2663,2940,,,
313,28703,30110,29306,21000,1800000,1800000,93,4006000,Discharging,20.3,18.0,10.9,27.1,25.6,2801,3263,,,
315,28435,29708,29239,21000,1800000,1800000,93,4004000,Discharging,18.5,15.0,23.0,15.6,20.2,2592,2930,,,
317,28703,30043,29038,21000,1800000,1800000,93,4003000,Discharging,19.1,21.9,10.0,14.8,29.1,2508,2874,,,
319,28435,29507,29038,21000,1416000,1800000,93,4003000,Discharging,18.9,16.2,9.1,27.7,22.2,2579,2906,,,
322,28703,29842,29708,21000,1416000,1800000,93,4006000,Discharging,19.3,16.7,13.6,17.6,29.7,1821,1971,,,
324,28770,30043,29306,21100,1800000,1800000,93,4004000,Discharging,20.5,19.5,13.4,10.8,38.7,2584,2882,,,
326,28971,30177,29708,21000,1800000,1800000,93,4005000,Discharging,18.7,19.5,13.5,18.5,23.0,2541,2907,,,
328,28636,30378,29641,21000,1800000,1800000,93,4008000,Discharging,19.8,19.7,11.0,23.6,24.5,2522,2834,,,
330,28502,30043,29306,21100,1800000,1800000,93,4002000,Discharging,19.0,16.9,11.3,24.3,23.8,2539,2897,,,
332,28770,30244,28770,21200,1800000,1800000,93,4000000,Discharging,18.6,16.7,11.0,29.7,16.0,2668,2992,,,
334,28770,30177,29172,21100,1800000,1800000,93,4003000,Discharging,19.2,16.5,9.9,16.6,35.0,2642,2981,,,
337,29373,30110,29239,21100,1608000,1800000,93,4003000,Discharging,18.6,14.1,18.5,14.8,25.5,1640,1902,,,
339,29038,30378,29440,21100,1800000,1800000,93,4001000,Discharging,20.4,16.6,12.3,32.4,20.2,2624,2920,,,
341,29038,30646,29105,21200,1800000,1800000,93,4003000,Discharging,18.7,16.7,5.7,28.3,24.3,2702,2962,,,
343,28703,30043,29641,21200,1800000,1800000,93,4003000,Discharging,19.8,18.3,13.3,19.8,26.9,2494,2864,,,
345,28502,30110,29507,21200,1800000,1800000,93,4004000,Discharging,17.3,15.9,15.8,16.0,22.1,2557,2886,,,
347,29172,30043,29976,21200,1608000,1800000,93,4004000,Discharging,18.5,18.0,8.8,26.9,20.3,2515,2882,,,
349,28971,30378,29574,21200,1608000,1800000,93,4004000,Discharging,18.1,19.4,15.5,21.3,16.0,2573,2902,,,
352,28770,30646,29708,21200,1800000,1800000,93,4002000,Discharging,18.2,16.7,13.4,23.6,17.9,1798,1982,,,
354,29105,30445,29909,21200,1800000,1800000,93,4003000,Discharging,19.6,21.4,8.6,31.0,18.0,2618,2904,,,
356,29038,30579,29373,21200,1800000,1800000,93,4004000,Discharging,19.8,21.8,9.8,29.5,19.3,2542,2876,,,
358,29306,30244,29105,21200,1416000,1800000,93,4002000,Discharging,20.0,26.3,13.2,19.9,20.1,2556,2882,,,
360,28971,30579,29440,21200,1608000,1800000,93,4003000,Discharging,17.8,17.6,15.7,22.0,16.7,2560,2894,,,
362,29239,30177,29172,21200,1608000,1800000,93,4004000,Discharging,18.3,17.1,7.7,14.3,33.6,2633,2930,,,
364,28770,30244,29507,21300,1800000,1800000,93,4003000,Discharging,20.2,17.8,11.3,28.6,22.5,2563,2937,,,
367,29172,30311,29239,21300,1608000,1800000,93,4001000,Discharging,18.8,22.6,11.2,22.1,20.0,1673,1926,,,
369,28904,30177,30043,21300,1608000,1800000,93,4001000,Discharging,18.9,21.9,15.3,18.4,19.6,2649,2924,,,
371,29172,30579,29842,21300,1800000,1800000,93,4002000,Discharging,19.1,19.6,12.3,15.2,29.9,2460,2841,,,
373,28837,30177,29775,21300,1608000,1800000,93,4002000,Discharging,20.2,17.2,11.4,27.3,24.5,2698,2941,,,
375,28770,30512,29708,21300,1800000,1800000,93,4001000,Discharging,19.3,15.0,12.7,25.0,23.6,2510,2896,,,
377,29507,30378,29909,21300,1800000,1800000,93,3979000,Discharging,18.7,22.5,8.5,23.6,20.9,2561,2902,,,
380,29507,30311,29976,21300,1608000,1800000,93,4001000,Discharging,19.1,20.8,11.6,21.3,22.9,1721,1944,,,
382,28770,30445,29574,21300,1800000,1800000,93,4001000,Discharging,19.3,16.7,14.9,15.2,29.4,2686,2978,,,
384,29038,30445,29909,21300,1608000,1800000,93,4001000,Discharging,19.8,19.4,13.6,23.8,23.3,2599,2916,,,
386,28904,30579,29976,21300,1800000,1800000,93,4001000,Discharging,19.0,17.8,11.1,16.0,31.5,2524,2850,,,
388,29105,30378,29842,21400,1800000,1800000,93,4002000,Discharging,20.3,19.4,16.5,22.3,21.4,2476,2847,,,
390,29708,30646,29574,21400,1416000,1800000,93,4002000,Discharging,18.7,18.3,17.1,22.7,17.5,2583,2917,,,
392,29239,30579,29842,21400,1416000,1800000,93,3991000,Discharging,18.8,15.7,10.9,25.0,24.4,2688,2934,,,
395,29507,31115,29574,21400,1608000,1800000,93,4001000,Discharging,19.9,21.1,7.5,26.1,24.9,1676,1914,,,
397,29105,30244,29708,21400,1800000,1800000,93,3999000,Discharging,19.3,18.2,14.1,13.5,31.0,2514,2886,,,
399,29306,30512,30110,21400,1608000,1800000,93,4001000,Discharging,19.5,18.1,12.4,21.0,26.5,2536,2882,,,
401,29440,30579,29708,21400,1800000,1800000,93,4002000,Discharging,19.0,18.3,12.2,20.9,24.3,2546,2902,,,
403,29373,30847,29976,21400,1608000,1800000,93,4000000,Discharging,18.0,18.0,10.1,20.4,23.9,2649,2970,,,
405,29373,30847,30110,21400,1800000,1800000,93,4001000,Discharging,19.8,18.2,15.1,26.4,19.1,2574,2903,,,
407,29172,31249,29708,21400,1800000,1800000,93,3982000,Discharging,18.5,16.0,17.7,17.5,22.6,2498,2851,,,
410,29641,30378,29976,21400,1608000,1800000,93,4001000,Discharging,19.5,22.4,13.7,25.8,16.2,1716,1938,,,
412,29373,31048,29708,21400,1800000,1800000,93,4003000,Discharging,18.4,16.4,9.9,26.9,20.8,2475,2850,,,
414,29507,30445,30177,21400,1608000,1800000,93,3999000,Discharging,19.4,16.3,14.6,27.0,18.4,2676,2940,,,
416,29574,30981,30378,21500,1800000,1800000,93,4001000,Discharging,18.9,14.8,11.3,29.6,21.3,2591,2944,,,
418,29909,30646,30110,21500,1800000,1800000,93,4003000,Discharging,18.4,12.6,11.4,24.5,24.3,2512,2879,,,
420,29708,31048,30244,21500,1200000,1800000,93,4002000,Discharging,19.1,23.9,8.0,17.4,27.2,2570,2869,,,
422,30311,30847,30043,21500,1608000,1800000,93,3991000,Discharging,19.5,17.6,9.9,22.9,26.5,2526,2883,,,
425,29909,30847,30110,21500,1800000,1800000,93,4001000,Discharging,19.5,13.2,12.7,26.5,25.3,1765,1959,,,
427,29507,30914,29842,21500,1608000,1800000,93,4005000,Discharging,18.6,19.6,17.0,19.0,19.3,2558,2922,,,
429,29239,30713,30646,21500,1608000,1800000,93,4003000,Discharging,20.1,19.6,19.2,14.9,27.8,2542,2880,,,
431,29373,31115,30244,21500,1800000,1800000,93,4000000,Discharging,19.0,11.2,13.9,10.4,39.0,2562,2907,,,
433,29641,30512,29842,21500,1800000,1800000,93,3999000,Discharging,18.8,23.1,11.4,26.8,14.6,2688,2946,,,
435,29909,31517,30378,21500,1416000,1800000,93,4002000,Discharging,20.3,17.1,11.9,17.4,35.1,2542,2912,,,
438,29775,30981,30579,21500,1800000,1800000,93,3987000,Discharging,18.6,15.2,12.3,18.0,28.0,1672,1906,,,
440,29373,31316,30780,21500,1416000,1800000,93,4002000,Discharging,19.7,13.0,15.3,23.8,27.2,2556,2886,,,
442,29842,31048,30043,21600,1800000,1800000,93,4001000,Discharging,17.5,16.3,12.9,19.7,20.9,2560,2892,,,
444,29842,30847,30110,21600,1800000,1800000,93,4001000,Discharging,19.0,18.8,12.3,23.7,20.7,2642,2935,,,
446,29641,30445,30110,21600,1800000,1800000,93,4001000,Discharging,18.5,16.3,15.2,19.6,23.4,2568,2902,,,
448,30110,30981,30244,21600,1800000,1800000,93,4003000,Discharging,18.4,16.9,13.7,21.9,21.5,2516,2924,,,
450,29909,31048,30244,21600,1608000,1800000,93,4001000,Discharging,18.7,17.5,13.1,24.2,20.1,2531,2888,,,
453,29775,31182,30512,21600,1608000,1800000,93,3992000,Discharging,19.2,14.9,10.0,21.0,29.7,1638,1928,,,
455,29775,30914,30579,21600,1800000,1800000,93,4001000,Discharging,19.3,19.0,12.7,23.8,22.6,2730,2956,,,
457,29641,30646,30311,21600,1800000,1800000,93,4002000,Discharging,19.3,15.4,8.1,20.7,31.9,2456,2855,,,
459,30244,31115,30378,21600,1608000,1800000,93,4003000,Discharging,19.4,21.1,10.0,16.4,30.1,2532,2860,,,
461,29976,31249,30311,21600,1608000,1800000,93,4001000,Discharging,18.6,16.9,8.1,26.5,23.1,2478,2865,,,
463,30177,31249,30311,21600,1800000,1800000,93,4001000,Discharging,18.9,17.6,8.5,30.3,18.7,2569,2901,,,
465,29976,31450,30713,21700,1800000,1800000,93,4000000,Discharging,19.5,19.4,13.0,21.2,24.4,2668,2968,,,
468,30110,31450,30780,21700,1608000,1800000,93,3990000,Discharging,18.5,16.4,10.5,21.1,26.3,1651,1935,,,
470,29775,30981,30512,21700,1800000,1800000,93,4001000,Discharging,19.5,13.7,8.5,13.3,41.4,2502,2890,,,
472,29976,30646,30177,21700,1608000,1800000,93,4001000,Discharging,18.7,21.3,16.2,21.3,16.7,2536,2856,,,
474,30110,30780,30043,21700,1800000,1800000,93,3999000,Discharging,18.8,13.0,11.0,27.6,23.2,2712,2980,,,
476,29641,31115,30311,21700,1800000,1800000,93,4000000,Discharging,20.9,18.7,15.2,24.8,24.9,2534,2880,,,
478,29373,31048,30780,21700,1800000,1800000,93,4000000,Discharging,18.7,18.6,11.3,20.6,24.5,2568,2906,,,
480,29775,31249,30981,21700,1800000,1800000,93,3999000,Discharging,19.8,15.9,13.3,26.3,23.5,2540,2881,,,
483,30378,31383,30512,21700,1800000,1800000,93,3987000,Discharging,18.9,22.6,9.0,22.1,21.8,1683,1915,,,
485,29909,31182,30646,21700,1608000,1800000,93,3999000,Discharging,19.3,18.7,17.6,13.3,27.7,2696,2912,,,
487,29842,31383,30512,21700,1608000,1800000,93,3999000,Discharging,17.6,14.9,11.7,27.4,16.3,2520,2882,,,
489,30311,31383,30713,21700,1800000,1800000,93,4001000,Discharging,18.4,17.8,15.0,26.3,14.6,2559,2914,,,
491,29708,31450,30512,21800,1608000,1800000,93,4000000,Discharging,20.4,18.6,11.8,16.4,35.3,2464,2872,,,
493,30177,31316,30512,21800,1416000,1800000,93,3999000,Discharging,19.1,17.0,15.2,22.5,20.8,2606,2912,,,
496,29842,31182,30311,21800,1608000,1800000,93,3997000,Discharging,18.7,21.5,11.4,20.3,21.6,1799,1958,,,
498,30177,31718,30646,21800,1608000,1800000,93,3998000,Discharging,18.6,18.4,12.8,23.9,20.2,2492,2880,,,
500,30177,31316,30981,21800,1416000,1800000,93,3999000,Discharging,20.4,22.1,12.8,23.1,22.9,2542,2904,,,
502,30244,31249,30780,21800,1800000,1800000,93,4000000,Discharging,18.9,15.3,16.0,20.6,24.5,2545,2887,,,
504,29976,31584,30780,21800,1800000,1800000,93,3999000,Discharging,18.4,21.4,12.7,21.5,18.0,2574,2888,,,
506,29976,31584,30445,21800,1800000,1800000,93,3999000,Discharging,19.5,21.5,11.4,13.7,31.6,2752,2950,,,
508,30713,31450,31048,21800,1800000,1800000,93,3999000,Discharging,18.7,15.6,12.6,17.8,27.4,2522,2918,,,
511,30244,31383,30512,21800,1800000,1800000,93,3999000,Discharging,19.6,19.1,10.0,19.9,29.4,1729,1941,,,
513,30177,31316,30914,21900,1416000,1800000,93,3999000,Discharging,19.1,12.9,7.2,27.6,27.6,2460,2885,,,
515,30646,31919,30847,21800,1800000,1800000,93,4001000,Discharging,18.5,23.0,10.0,15.9,25.4,2742,2961,,,
517,30646,31986,31383,21900,1416000,1800000,93,3999000,Discharging,19.8,23.2,9.0,16.0,30.8,2472,2854,,,
519,30445,31450,30981,21900,1800000,1800000,93,4000000,Discharging,18.8,14.4,7.5,19.9,33.8,2554,2936,,,
521,30311,31383,30981,21900,1800000,1800000,93,4002000,Discharging,19.2,18.4,10.7,18.6,29.2,2558,2886,,,
523,30311,31584,31048,21900,1608000,1800000,93,4001000,Discharging,18.5,16.0,12.3,21.6,24.1,2510,2900,,,
526,30311,31450,30981,21900,1800000,1800000,93,4000000,Discharging,18.3,19.0,11.8,16.4,26.0,1876,1983,,,
528,30646,31785,30981,21900,1608000,1800000,93,3998000,Discharging,19.7,15.0,11.8,24.4,26.3,2465,2876,,,
530,30579,31517,30847,21900,1800000,1800000,93,3997000,Discharging,18.8,16.3,8.6,21.1,29.8,2552,2879,,,
532,30512,31785,31048,21900,1800000,1800000,93,3998000,Discharging,18.6,18.3,11.9,21.1,23.2,2520,2864,,,
534,30713,31718,30914,21900,1800000,1800000,93,4001000,Discharging,19.0,15.1,7.7,16.1,36.6,2508,2884,,,
536,30579,31450,30780,21900,1608000,1800000,93,4000000,Discharging,20.3,13.1,10.4,24.3,32.4,2708,2988,,,
539,29976,31584,31048,21900,1800000,1800000,93,3999000,Discharging,18.6,12.6,10.0,34.4,17.9,1665,1941,,,
541,29976,31718,31182,21900,1800000,1800000,93,3999000,Discharging,21.2,22.9,9.8,15.1,37.9,2552,2864,,,
543,30445,31517,30981,22000,1800000,1800000,93,3999000,Discharging,19.3,24.6,8.7,22.4,20.2,2536,2879,,,
545,30780,31584,31383,22000,1800000,1800000,93,3999000,Discharging,19.8,12.0,6.0,28.6,32.4,2527,2918,,,
547,30378,32053,31115,22000,1800000,1800000,93,4000000,Discharging,19.8,17.1,9.9,29.0,23.9,2706,2965,,,
549,30847,31919,31517,22000,1800000,1800000,93,4000000,Discharging,19.6,12.4,11.5,28.4,26.2,2534,2890,,,
551,30244,31785,31249,22000,1608000,1800000,93,3999000,Discharging,20.4,15.8,16.4,26.2,22.5,2482,2853,,,
554,30512,31785,30445,22000,1800000,1800000,92,3999000,Discharging,18.3,16.7,9.0,23.9,23.6,1673,1903,,,
556,30378,31919,31115,22000,1800000,1800000,92,4000000,Discharging,19.9,19.9,12.9,19.2,26.8,2902,3324,,,
558,30646,31651,30780,22100,1608000,1800000,92,3997000,Discharging,19.3,15.1,11.4,23.4,27.7,2497,2866,,,
560,30579,31919,31651,22000,1800000,1800000,92,4001000,Discharging,19.2,17.2,7.6,19.7,31.1,2534,2907,,,
562,30579,31919,31316,22000,1416000,1800000,92,3998000,Discharging,20.1,15.1,17.2,23.1,24.8,2585,2910,,,
564,30177,31651,31316,22000,1800000,1800000,92,3996000,Discharging,18.9,21.8,13.2,22.5,18.0,2557,2868,,,
566,30445,32053,30780,22100,1608000,1800000,92,3994000,Discharging,18.9,18.2,12.2,28.3,17.3,2728,2973,,,
569,30445,31718,31182,22100,1608000,1800000,92,3999000,Discharging,19.1,14.4,9.0,26.9,25.2,1680,1919,,,
571,30579,32053,30847,22100,1800000,1800000,92,3998000,Discharging,19.2,20.2,11.7,29.4,16.7,2629,2936,,,
573,30646,31919,30981,22100,1800000,1800000,92,3999000,Discharging,18.7,19.3,10.1,17.1,28.0,2538,2935,,,
575,30914,31651,31316,22100,1608000,1800000,92,3998000,Discharging,18.4,15.8,12.3,19.2,26.3,2516,2908,,,
577,30914,31584,31182,22100,1608000,1800000,92,3998000,Discharging,19.4,23.8,13.3,24.8,15.2,2702,2934,,,
579,30646,32388,31048,22100,1800000,1800000,92,3997000,Discharging,18.4,18.9,13.7,15.6,25.7,2547,2893,,,
581,30713,31919,31383,22100,1608000,1800000,92,3996000,Discharging,20.1,16.8,15.1,20.6,28.0,2499,2864,,,
584,30244,31651,30981,22100,1608000,1800000,92,3999000,Discharging,19.4,20.3,12.7,31.3,13.3,1693,1942,,,
586,30646,31718,31450,22100,1800000,1800000,92,3999000,Discharging,19.9,16.3,23.6,20.1,20.3,2516,2880,,,
588,30177,31718,30847,22100,1800000,1800000,92,3998000,Discharging,18.4,20.1,12.7,16.2,23.5,2740,2974,,,
590,30646,32053,31450,22200,1800000,1800000,92,3997000,Discharging,19.5,19.5,10.7,24.5,24.3,2570,2886,,,
592,30378,31718,31316,22200,1800000,1800000,92,3997000,Discharging,19.5,19.9,17.6,25.4,14.6,2565,2912,,,
594,30646,32589,31249,22200,600000,1800000,92,3998000,Discharging,19.4,20.2,16.0,20.4,20.6,2590,2882,,,
597,30512,31986,31249,22200,1608000,1800000,92,3998000,Discharging,19.5,18.5,18.3,16.9,24.6,1664,1913,,,
