# fw=nextui-powersave workload=gradius start=2026-09-13 20:34:50 soak=99C prelaunch=conservative/1200000 launch_up=4068.11 max0=1200000 gov=conservative devfreq=none,none backlight=none
elapsed_s,cpu_mc,gpu_mc,ddr_mc,bat_mc,cur_khz,max_khz,batt_pct,batt_uv,status,cpu_busy,c0_busy,c1_busy,c2_busy,c3_busy,irq_s,ctxt_s,df0_hz,df1_hz,backlight
4081,37949,38619,37748,28100,1200000,1200000,81,3892000,Discharging,,,,,,,,,,
4083,37346,38820,38083,28100,1200000,1200000,81,3892000,Discharging,23.0,9.3,12.7,28.7,40.9,2337,2852,,,
4085,37882,38284,38016,28100,1200000,1200000,81,3887000,Discharging,23.1,8.5,10.2,41.6,32.9,2400,2896,,,
4087,37949,37748,37748,28100,1200000,1200000,81,3891000,Discharging,23.4,8.9,14.3,19.3,50.7,2442,2882,,,
4090,37815,38284,37614,28100,1200000,1200000,81,3890000,Discharging,23.2,13.6,5.6,33.2,39.4,1693,1968,,,
4092,37547,38217,38284,28100,1200000,1200000,81,3891000,Discharging,23.3,24.7,17.2,31.1,20.9,2454,2847,,,
4094,37681,38351,37949,28100,1200000,1200000,81,3891000,Discharging,23.1,9.8,5.6,38.1,38.0,2370,2860,,,
4096,37614,38418,38016,28100,1200000,1200000,81,3892000,Discharging,23.5,10.2,22.6,15.7,45.8,2445,2879,,,
4098,37681,38217,38083,28100,1200000,1200000,81,3891000,Discharging,23.0,12.7,10.6,23.1,44.7,2420,2886,,,
4100,37547,38351,37815,28100,1200000,1200000,81,3891000,Discharging,23.3,14.0,12.6,25.0,42.0,2553,2914,,,
4103,37480,38619,37949,28100,1200000,1200000,81,3891000,Discharging,23.4,9.9,14.8,38.8,29.5,1619,1917,,,
4105,37882,38418,38552,28100,1200000,1200000,81,3891000,Discharging,23.3,16.4,13.1,36.9,26.9,2402,2863,,,
4107,37413,38284,38083,28100,1200000,1200000,81,3891000,Discharging,22.6,9.3,20.0,11.6,49.1,2364,2840,,,
4109,37681,38552,38619,28100,1200000,1200000,81,3891000,Discharging,23.4,25.8,15.3,13.1,38.7,2592,2906,,,
4111,37413,38753,38217,28100,1200000,1200000,81,3889000,Discharging,22.7,13.5,9.3,39.7,28.9,2441,2884,,,
4113,37547,38619,37681,28100,1200000,1200000,81,3889000,Discharging,22.3,16.8,11.2,45.9,14.9,2404,2875,,,
4116,37681,38418,38284,28100,1200000,1200000,81,3891000,Discharging,23.1,9.3,5.6,46.8,29.8,1598,1932,,,
4118,37815,38217,37748,28100,1200000,1200000,81,3891000,Discharging,23.1,16.3,5.6,30.0,40.8,2420,2846,,,
4120,37614,38619,37882,28100,1200000,1200000,81,3891000,Discharging,22.8,16.7,8.8,47.4,18.6,2546,2940,,,
4122,38083,37815,38552,28100,1200000,1200000,81,3890000,Discharging,22.9,8.4,6.5,33.9,41.7,2364,2853,,,
4124,37681,38150,38083,28100,1200000,1200000,81,3891000,Discharging,23.0,9.8,4.7,42.7,34.1,2432,2882,,,
4127,37882,38552,38217,28100,1200000,1200000,81,3890000,Discharging,23.7,13.9,9.2,25.8,46.8,1609,1924,,,
4129,37547,38284,37815,28100,1200000,1200000,81,3887000,Discharging,23.0,8.5,13.1,38.9,31.0,2366,2849,,,
4131,37547,38887,37882,28100,1200000,1200000,81,3890000,Discharging,22.2,17.7,10.1,35.6,26.1,2594,2962,,,
4133,37681,38351,38284,28100,1200000,1200000,81,3889000,Discharging,20.0,10.6,6.1,23.7,38.2,2337,2850,,,
4135,37413,38552,37614,28100,1200000,1200000,81,3889000,Discharging,20.3,12.0,6.5,20.6,43.0,2399,2838,,,
4137,37614,38150,38083,28100,1200000,1200000,81,3890000,Discharging,20.3,19.6,8.3,13.8,38.2,2429,2857,,,
4140,37480,38351,37882,28100,1200000,1200000,81,3890000,Discharging,23.7,12.0,7.3,25.2,50.7,1592,1906,,,
4142,37949,38485,37815,28100,1200000,1200000,81,3890000,Discharging,23.7,7.9,10.1,29.2,46.5,2504,2932,,,
4144,37480,38083,37882,28100,1200000,1200000,81,3890000,Discharging,23.3,13.1,10.6,9.2,60.1,2384,2836,,,
4146,38150,38619,38485,28100,1200000,1200000,81,3889000,Discharging,23.4,11.1,8.8,39.4,34.3,2415,2900,,,
4148,37413,38217,38150,28100,1200000,1200000,81,3889000,Discharging,23.0,10.3,15.9,28.1,37.7,2399,2881,,,
4151,37882,38552,38284,28100,1200000,1200000,81,3889000,Discharging,23.5,15.9,11.2,32.7,33.5,1707,1947,,,
4153,37882,38552,38083,28100,1200000,1200000,81,3883000,Discharging,23.0,10.4,6.9,32.3,42.7,2366,2837,,,
4155,38150,38753,37949,28100,1200000,1200000,81,3890000,Discharging,23.8,15.2,10.1,12.3,58.3,2416,2898,,,
4157,37681,38284,37949,28100,1200000,1200000,81,3890000,Discharging,23.2,9.3,2.4,30.1,49.5,2332,2852,,,
4159,37480,38351,38083,28100,1200000,1200000,81,3890000,Discharging,22.9,9.3,7.4,41.9,33.3,2362,2842,,,
4161,37480,38820,37681,28100,1200000,1200000,81,3890000,Discharging,23.5,15.1,14.9,30.2,33.3,2500,2897,,,
4164,38150,38619,37815,28100,1200000,1200000,81,3890000,Discharging,23.6,14.4,9.7,21.1,48.6,1614,1933,,,
4166,38284,38552,38217,28100,1200000,1200000,81,3882000,Discharging,23.3,12.2,9.8,22.6,48.4,2384,2854,,,
4168,37949,38619,37480,28100,1200000,1200000,81,3887000,Discharging,22.6,10.8,9.2,25.8,45.2,2382,2866,,,
4170,37547,38485,38217,28100,1200000,1200000,81,3887000,Discharging,23.4,9.3,9.3,25.3,49.3,2431,2904,,,
4172,38150,38753,37748,28100,1200000,1200000,81,3887000,Discharging,22.6,13.5,8.5,23.0,44.4,2568,2975,,,
4175,37614,38217,37949,28100,1200000,1200000,81,3888000,Discharging,22.2,15.7,5.6,24.7,43.5,1608,1934,,,
4177,37413,38485,38016,28200,1200000,1200000,81,3887000,Discharging,23.4,12.2,7.8,47.7,24.8,2434,2876,,,
4179,37480,38887,37681,28100,1200000,1200000,81,3882000,Discharging,23.0,11.7,10.2,32.6,37.8,2404,2872,,,
4181,37748,38552,38016,28100,1200000,1200000,81,3888000,Discharging,22.6,17.4,23.7,28.0,21.2,2569,2890,,,
4183,37882,38887,38418,28100,1200000,1200000,81,3888000,Discharging,23.1,16.9,7.4,15.3,53.2,2412,2862,,,
4185,38083,38485,37949,28100,1200000,1200000,81,3888000,Discharging,23.6,11.7,5.1,18.9,57.6,2420,2916,,,
4188,38083,38485,38619,28100,1200000,1200000,81,3887000,Discharging,23.2,10.3,4.2,20.2,57.0,1567,1904,,,
4190,37949,38619,38217,28100,1200000,1200000,81,3887000,Discharging,23.3,17.9,6.5,25.0,44.6,2452,2882,,,
4192,37279,38619,37949,28100,1200000,1200000,81,3881000,Discharging,20.9,13.0,5.6,31.3,33.6,2523,2921,,,
4194,37547,38284,38150,28100,1200000,1200000,81,3887000,Discharging,19.8,11.7,12.0,13.9,41.2,2420,2890,,,
4196,37413,38217,37748,28100,1200000,1200000,81,3888000,Discharging,20.6,9.3,12.1,27.5,32.4,2374,2884,,,
4198,37882,38418,38083,28100,1200000,1200000,81,3888000,Discharging,21.6,11.6,7.0,12.4,55.6,2349,2884,,,
4201,37748,38954,37882,28100,1200000,1200000,81,3889000,Discharging,23.8,17.1,12.1,30.3,35.5,1643,1923,,,
4203,37480,38820,38619,28100,1200000,1200000,81,3887000,Discharging,23.4,10.3,9.8,29.2,43.8,2530,2913,,,
4205,37815,38619,38619,28200,1200000,1200000,81,3882000,Discharging,22.9,9.8,4.7,29.8,47.2,2406,2884,,,
4207,37949,38753,38552,28100,1200000,1200000,81,3888000,Discharging,24.0,18.0,8.3,14.6,53.5,2442,2852,,,
4209,37949,38753,38351,28100,1200000,1200000,81,3886000,Discharging,22.6,13.6,15.7,21.6,39.7,2428,2854,,,
4212,38217,38753,38217,28200,1200000,1200000,81,3886000,Discharging,23.6,11.2,11.2,39.8,32.3,1699,1957,,,
4214,37949,38686,38217,28100,1200000,1200000,81,3887000,Discharging,22.9,7.5,6.0,35.5,42.1,2430,2918,,,
4216,37748,38418,37949,28200,1200000,1200000,81,3887000,Discharging,23.4,10.1,6.1,46.3,31.0,2380,2874,,,
4218,37480,38351,37949,28100,1200000,1200000,81,3887000,Discharging,23.4,18.5,7.9,25.6,41.7,2430,2862,,,
4220,37882,38552,38418,28100,1200000,1200000,81,3888000,Discharging,22.8,10.4,7.0,36.4,36.7,2426,2886,,,
4222,38351,38753,38552,28100,1200000,1200000,81,3887000,Discharging,23.9,21.3,9.2,45.2,20.4,2584,2917,,,
4225,38485,38686,38217,28100,1200000,1200000,81,3887000,Discharging,22.9,14.5,10.7,31.2,35.0,1618,1914,,,
4227,38150,38686,38552,28100,1200000,1200000,81,3887000,Discharging,23.2,10.2,9.4,10.6,62.5,2424,2874,,,
4229,38753,38753,38150,28100,1200000,1200000,81,3885000,Discharging,23.0,19.6,9.5,17.7,44.7,2612,3236,,,
4231,37949,38351,38083,28100,1200000,1200000,81,3887000,Discharging,23.5,12.6,6.0,37.3,37.6,2556,3168,,,
4233,37547,38619,37882,28200,1200000,1200000,81,3886000,Discharging,22.3,15.6,11.8,32.5,29.4,2554,2940,,,
4236,37882,38686,38083,28100,1200000,1200000,81,3887000,Discharging,22.9,19.1,11.6,30.9,30.1,1708,2094,,,
4238,37949,38820,38351,28100,1200000,1200000,81,3887000,Discharging,22.9,11.6,6.5,45.2,28.1,2501,3138,,,
4240,37949,38552,38485,28100,1200000,1200000,81,3887000,Discharging,23.0,9.8,9.3,45.6,26.7,2406,2855,,,
4242,38016,38887,38619,28200,1200000,1200000,81,3886000,Discharging,23.3,15.0,8.2,21.5,48.8,2638,3127,,,
4244,38016,38485,38619,28100,1200000,1200000,81,3886000,Discharging,23.0,12.1,8.4,28.7,43.3,2488,3078,,,
4246,37949,38887,38552,28200,1200000,1200000,81,3885000,Discharging,23.5,11.1,6.5,26.4,49.8,2419,2865,,,
4249,37614,38619,37949,28200,1200000,1200000,81,3886000,Discharging,23.2,10.2,9.3,23.9,48.4,1684,2066,,,
4251,38485,38619,38686,28100,1200000,1200000,81,3886000,Discharging,23.0,10.9,8.4,32.9,40.2,2597,3182,,,
4253,37748,38552,37949,28200,1200000,1200000,81,3885000,Discharging,19.9,14.8,4.6,21.7,39.5,2525,2902,,,
4255,37480,38552,37949,28200,1200000,1200000,81,3878000,Discharging,20.0,9.3,5.1,37.2,27.8,2384,2868,,,
4257,37547,38351,37681,28100,1200000,1200000,81,3886000,Discharging,20.4,13.0,11.5,21.5,35.3,2572,3227,,,
4260,38016,38351,38418,28200,1200000,1200000,81,3886000,Discharging,23.6,23.9,9.5,30.0,31.1,1838,2292,,,
4262,37949,38686,38284,28200,1200000,1200000,81,3885000,Discharging,23.4,11.6,7.5,34.1,40.7,2392,2879,,,
4264,37547,38284,38217,28200,1200000,1200000,81,3885000,Discharging,23.1,11.1,5.6,15.7,60.4,2636,3138,,,
4266,37748,38418,38552,28200,1200000,1200000,81,3885000,Discharging,23.4,10.7,11.2,30.9,40.3,2412,2871,,,
4268,37413,38619,38083,28200,1200000,1200000,81,3880000,Discharging,23.2,15.5,11.6,47.2,18.0,2429,2918,,,
4270,37480,38351,38217,28100,1200000,1200000,81,3886000,Discharging,22.8,17.4,8.3,13.1,52.8,2458,2898,,,
4273,37949,38552,38418,28200,1200000,1200000,81,3885000,Discharging,23.3,12.6,14.9,31.9,34.0,1594,1873,,,
4275,37949,38351,38016,28100,1200000,1200000,81,3885000,Discharging,23.2,10.8,11.2,18.0,51.9,2562,2934,,,
4277,37547,38619,38887,28100,1200000,1200000,81,3885000,Discharging,23.5,8.9,6.9,47.9,30.4,2432,2915,,,
4279,37480,38351,37815,28200,1200000,1200000,81,3885000,Discharging,22.7,8.9,9.3,38.9,33.5,2450,2879,,,
4281,37949,38418,37882,28200,1200000,1200000,80,3885000,Discharging,24.6,17.5,13.0,30.6,37.3,2568,3216,,,
4284,37681,38351,38418,28200,1200000,1200000,80,3885000,Discharging,23.2,7.1,5.1,42.9,36.4,1685,1958,,,
4286,38083,38284,38016,28200,1200000,1200000,80,3884000,Discharging,23.3,16.7,6.5,29.6,40.1,2441,2868,,,
4288,37949,39021,38485,28100,1200000,1200000,80,3886000,Discharging,23.1,13.1,7.8,44.9,27.5,2426,2875,,,
4290,38150,38753,38083,28200,1200000,1200000,80,3885000,Discharging,22.9,11.7,5.1,41.2,32.6,2474,2934,,,
4292,38016,38686,38351,28200,1200000,1200000,80,3885000,Discharging,23.3,11.2,14.7,23.4,44.2,2424,2884,,,
4294,37949,38418,38284,28200,1200000,1200000,80,3883000,Discharging,22.2,11.6,10.2,33.0,33.5,2528,2918,,,
4297,38083,38820,38753,28200,1200000,1200000,80,3883000,Discharging,23.1,11.7,6.5,24.1,50.0,1611,1907,,,
4299,37949,38485,38351,28200,1200000,1200000,80,3883000,Discharging,23.0,10.1,10.7,26.0,44.7,2403,2891,,,
4301,37882,38753,38351,28200,1200000,1200000,80,3883000,Discharging,22.7,15.1,6.4,32.4,36.7,2422,2870,,,
4303,38016,38887,37815,28200,1200000,1200000,80,3884000,Discharging,23.0,18.1,6.5,27.7,39.3,2415,2853,,,
4305,38016,38284,38016,28200,1200000,1200000,80,3884000,Discharging,23.2,10.3,7.9,28.1,46.3,2510,2889,,,
4308,38016,38753,37949,28200,1200000,1200000,80,3883000,Discharging,23.8,16.4,12.3,42.7,24.2,1624,1927,,,
4310,38217,38686,38284,28200,1200000,1200000,80,3884000,Discharging,23.0,10.3,9.3,29.8,41.0,2446,2863,,,
4312,37949,38820,38887,28200,1200000,1200000,80,3886000,Discharging,21.8,10.6,5.6,32.4,39.1,2362,2882,,,
4314,37547,38686,37815,28200,1200000,1200000,80,3884000,Discharging,20.2,14.0,12.9,23.7,29.8,2508,2913,,,
4316,37480,38485,38016,28200,1200000,1200000,80,3884000,Discharging,20.2,17.4,16.9,11.3,35.6,2477,2934,,,
4318,37748,38150,37949,28200,1200000,1200000,80,3885000,Discharging,20.3,11.8,7.0,20.5,41.0,2332,2844,,,
4321,38150,38552,38284,28200,1200000,1200000,80,3885000,Discharging,23.3,15.4,9.3,32.6,35.3,1610,1913,,,
4323,37815,38083,38686,28200,1200000,1200000,80,3885000,Discharging,23.5,10.7,8.8,15.3,60.2,2350,2843,,,
4325,37748,38686,38552,28200,1200000,1200000,80,3884000,Discharging,23.4,14.9,7.4,46.3,24.4,2564,2963,,,
4327,38016,38619,38485,28100,1200000,1200000,80,3885000,Discharging,23.3,10.3,9.2,31.2,43.4,2379,2892,,,
4329,38016,38686,38887,28200,1200000,1200000,80,3885000,Discharging,22.9,12.6,6.5,11.3,60.1,2464,2905,,,
4332,37748,38619,37949,28200,1200000,1200000,80,3884000,Discharging,23.4,10.3,13.4,25.0,45.4,1611,1911,,,
4334,38016,38485,38552,28200,1200000,1200000,80,3883000,Discharging,23.1,8.5,8.3,38.9,36.1,2382,2893,,,
4336,37949,38753,38418,28200,1200000,1200000,80,3883000,Discharging,23.4,13.4,4.7,31.9,42.6,2557,2940,,,
4338,37681,38820,37614,28200,1200000,1200000,80,3883000,Discharging,23.6,10.1,13.9,41.9,29.4,2382,2842,,,
4340,38150,38686,38016,28200,1200000,1200000,80,3884000,Discharging,22.9,8.5,6.0,27.8,48.8,2417,2886,,,
4342,37815,38217,37949,28200,1200000,1200000,80,3884000,Discharging,23.4,12.2,16.9,20.4,43.7,2429,2878,,,
4345,37681,38217,38217,28200,1200000,1200000,80,3877000,Discharging,23.4,11.7,17.1,9.2,56.0,1676,1931,,,
4347,38217,38217,38083,28200,1200000,1200000,80,3883000,Discharging,23.3,11.7,6.0,34.3,41.0,2355,2830,,,
4349,38284,38686,38150,28200,1200000,1200000,80,3883000,Discharging,22.5,12.2,7.4,49.3,20.0,2400,2892,,,
4351,38284,38418,38418,28200,1200000,1200000,80,3881000,Discharging,22.9,11.5,9.4,54.0,17.4,2408,2876,,,
4353,38016,38619,38351,28200,1200000,1200000,80,3882000,Discharging,22.6,10.3,5.6,33.6,40.3,2428,2914,,,
4355,37815,38686,38686,28200,1200000,1200000,80,3881000,Discharging,22.9,12.0,5.6,32.1,42.2,2534,2950,,,
4358,37212,38753,38351,28200,1200000,1200000,80,3876000,Discharging,23.3,9.4,6.0,20.4,56.0,1566,1897,,,
4360,37949,38619,38284,28200,1200000,1200000,80,3884000,Discharging,22.8,8.9,7.0,43.3,32.1,2384,2850,,,
4362,38217,38485,38418,28200,1200000,1200000,80,3883000,Discharging,23.0,18.8,11.0,20.5,41.7,2417,2842,,,
4364,38217,38954,38351,28200,1200000,1200000,80,3883000,Discharging,22.9,8.0,11.6,29.0,42.6,2387,2871,,,
4366,38217,38753,38217,28200,1200000,1200000,80,3881000,Discharging,23.2,13.1,5.1,29.5,44.2,2570,2927,,,
4369,38083,38552,38552,28200,1200000,1200000,80,3881000,Discharging,23.5,11.1,6.5,16.7,60.4,1596,1912,,,
4371,38217,38485,38284,28200,1200000,1200000,80,3876000,Discharging,23.0,13.1,9.3,25.9,43.5,2444,2888,,,
4373,37547,38485,38083,28200,1200000,1200000,80,3882000,Discharging,20.5,15.5,11.2,26.5,28.9,2370,2846,,,
4375,37748,38150,37949,28200,1200000,1200000,80,3882000,Discharging,20.1,10.3,9.2,18.7,41.5,2394,2866,,,
4377,38150,38418,38016,28200,1200000,1200000,80,3882000,Discharging,20.4,10.7,12.7,33.5,24.5,2468,2889,,,
4379,37748,38686,37949,28200,1200000,1200000,80,3883000,Discharging,21.7,15.0,6.1,52.3,13.4,2418,2848,,,
4382,38016,38686,38284,28200,1200000,1200000,80,3882000,Discharging,23.8,10.6,6.4,51.4,26.9,1614,1931,,,
4384,37949,38351,38284,28200,1200000,1200000,80,3875000,Discharging,23.3,20.6,6.9,12.5,53.0,2404,2856,,,
4386,38351,39155,38083,28200,1200000,1200000,80,3881000,Discharging,23.1,15.9,8.8,18.6,49.1,2586,2945,,,
4388,38150,38485,38552,28200,1200000,1200000,80,3882000,Discharging,23.7,8.9,11.5,22.0,51.6,2407,2888,,,
4390,38016,38351,37547,28200,1200000,1200000,80,3881000,Discharging,22.8,21.7,8.8,48.2,12.6,2474,2888,,,
4393,38083,38552,38284,28200,1200000,1200000,80,3881000,Discharging,23.7,9.3,5.6,33.6,45.2,1629,1925,,,
4395,38083,38753,38083,28200,1200000,1200000,80,3881000,Discharging,23.2,11.2,8.7,19.4,53.5,2440,2862,,,
4397,37681,38418,38351,28200,1200000,1200000,80,3875000,Discharging,23.6,14.7,7.0,29.0,43.3,2598,2932,,,
4399,38418,38686,38284,28200,1200000,1200000,80,3882000,Discharging,23.0,16.4,11.0,28.2,35.9,2406,2890,,,
4401,37748,38686,38016,28200,1200000,1200000,80,3881000,Discharging,23.2,9.3,8.4,34.6,40.5,2394,2892,,,
4403,38351,38887,38351,28200,1200000,1200000,80,3881000,Discharging,23.7,20.0,6.0,33.0,36.2,2394,2844,,,
4406,37882,38753,38150,28200,1200000,1200000,80,3881000,Discharging,23.1,10.3,4.6,30.9,46.0,1616,1902,,,
4408,37614,38753,38284,28200,1200000,1200000,80,3880000,Discharging,23.3,20.5,7.8,19.6,45.2,2552,2938,,,
4410,38016,38887,38485,28200,1200000,1200000,80,3875000,Discharging,22.8,14.7,9.4,24.4,42.7,2410,2856,,,
4412,37815,38619,38351,28200,1200000,1200000,80,3881000,Discharging,23.3,10.6,11.6,33.5,37.3,2419,2867,,,
4414,37815,38619,37815,28200,1200000,1200000,80,3881000,Discharging,22.4,8.1,7.4,34.7,38.4,2412,2880,,,
4417,37882,38351,38284,28200,1200000,1200000,80,3880000,Discharging,22.6,11.1,5.6,18.5,54.6,1659,1945,,,
4419,38016,38686,38485,28200,1200000,1200000,80,3880000,Discharging,23.5,14.4,11.2,22.2,45.6,2405,2872,,,
4421,38351,38619,38485,28200,1200000,1200000,80,3881000,Discharging,22.5,15.7,9.9,32.7,32.4,2476,2887,,,
4423,38284,38753,38552,28200,1200000,1200000,80,3878000,Discharging,23.1,12.7,11.5,19.5,47.5,2398,2857,,,
4425,37815,38552,38284,28200,1200000,1200000,80,3880000,Discharging,23.3,13.5,8.5,31.3,38.6,2423,2895,,,
4427,38351,38619,38753,28200,1200000,1200000,80,3874000,Discharging,23.5,8.5,9.2,33.5,43.2,2553,2923,,,
4430,37882,38820,38753,28200,1200000,1200000,80,3879000,Discharging,23.5,12.4,10.6,34.9,37.0,1629,1919,,,
4432,37815,38552,38552,28200,1200000,1200000,80,3880000,Discharging,22.1,13.0,7.9,20.8,45.6,2409,2889,,,
4434,37614,38552,37748,28200,1200000,1200000,80,3880000,Discharging,20.2,18.1,11.9,20.7,30.6,2400,2850,,,
4436,38083,38418,38284,28200,1200000,1200000,80,3880000,Discharging,19.8,22.2,4.7,27.6,24.4,2478,2894,,,
4438,37413,38619,38150,28200,1200000,1200000,80,3881000,Discharging,20.0,15.8,8.3,25.9,30.7,2482,2912,,,
4441,38217,38619,38619,28200,1200000,1200000,80,3880000,Discharging,23.4,11.3,6.5,19.0,56.9,1608,1939,,,
4443,38016,38150,38083,28200,1200000,1200000,80,3880000,Discharging,23.8,8.3,8.4,20.9,56.4,2398,2836,,,
4445,38351,38418,38284,28200,1200000,1200000,80,3880000,Discharging,23.1,20.7,11.5,30.7,29.8,2434,2842,,,
4447,37480,38552,38619,28200,1200000,1200000,80,3879000,Discharging,23.2,11.2,10.2,37.8,33.6,2518,2926,,,
4449,37949,38619,38083,28200,1200000,1200000,80,3881000,Discharging,23.8,17.2,8.4,40.4,28.1,2412,2876,,,
4451,38686,38217,38083,28200,1200000,1200000,80,3882000,Discharging,23.1,22.5,9.2,26.9,35.2,2442,2857,,,
4454,38217,38887,38485,28200,1200000,1200000,80,3880000,Discharging,23.4,6.6,10.6,56.0,19.4,1597,1931,,,
4456,37949,38753,38083,28200,1200000,1200000,80,3881000,Discharging,23.3,10.2,11.1,16.6,55.1,2407,2880,,,
4458,37815,38686,37815,28200,1200000,1200000,80,3877000,Discharging,23.4,16.8,17.7,38.0,22.1,2544,2870,,,
4460,37748,38552,38418,28200,1200000,1200000,80,3880000,Discharging,23.0,12.2,9.2,25.0,44.9,2427,2888,,,
4462,37815,38418,38150,28200,1200000,1200000,80,3881000,Discharging,23.6,9.8,7.9,33.0,43.3,2354,2838,,,
4464,37748,38686,38351,28200,1200000,1200000,80,3880000,Discharging,23.3,9.4,9.2,37.7,36.1,2404,2848,,,
4467,37949,38753,38217,28200,1200000,1200000,80,3880000,Discharging,23.2,11.2,13.0,34.7,34.5,1593,1930,,,
4469,38150,38820,38887,28200,1200000,1200000,80,3880000,Discharging,23.4,16.0,6.4,18.1,52.8,2562,2941,,,
4471,37882,39088,37882,28200,1200000,1200000,80,3880000,Discharging,23.2,19.0,6.5,42.2,24.9,2450,2884,,,
4473,37949,38686,38418,28200,1200000,1200000,80,3871000,Discharging,22.9,17.2,12.0,34.9,28.0,2426,2852,,,
4475,37480,38552,38619,28200,1200000,1200000,80,3878000,Discharging,22.3,12.1,7.0,31.5,38.1,2381,2862,,,
4478,38083,38552,38284,28200,1200000,1200000,80,3878000,Discharging,23.2,16.1,6.5,35.0,35.2,1714,1968,,,
4480,38217,38552,38217,28200,1200000,1200000,80,3878000,Discharging,23.2,17.7,15.2,22.7,36.4,2404,2867,,,
4482,37882,38619,38284,28200,1200000,1200000,80,3878000,Discharging,22.1,12.4,5.2,24.1,47.2,2406,2911,,,
4484,37614,38954,38351,28200,1200000,1200000,80,3879000,Discharging,23.4,13.6,10.1,37.6,33.0,2386,2873,,,
4486,38083,38686,38485,28200,1200000,1200000,80,3872000,Discharging,23.1,9.4,8.3,30.7,43.4,2416,2879,,,
4488,38016,38753,38284,28200,1200000,1200000,80,3878000,Discharging,23.5,8.5,9.8,27.6,47.9,2528,2934,,,
4491,38351,38686,38217,28200,1200000,1200000,80,3878000,Discharging,23.3,18.4,14.7,19.1,40.5,1622,1903,,,
4493,37815,38686,38217,28200,1200000,1200000,80,3880000,Discharging,21.3,14.8,10.3,15.6,44.9,2391,2858,,,
4495,37748,38418,38150,28200,1200000,1200000,80,3879000,Discharging,19.7,12.6,6.5,28.6,31.3,2383,2846,,,
4497,37480,38485,37748,28200,1200000,1200000,80,3878000,Discharging,19.8,13.1,14.8,10.2,40.6,2352,2843,,,
4499,37681,38485,37547,28200,1200000,1200000,80,3873000,Discharging,21.5,9.9,6.0,23.9,45.4,2560,2954,,,
4502,37949,38820,38150,28200,1200000,1200000,80,3877000,Discharging,23.5,12.6,8.8,41.1,31.3,1607,1920,,,
4504,37949,38686,38351,28200,1200000,1200000,80,3879000,Discharging,23.9,10.6,15.3,27.5,41.7,2392,2878,,,
4506,38351,38284,38619,28200,1200000,1200000,80,3878000,Discharging,23.1,14.5,15.7,27.2,35.5,2420,2864,,,
4508,38552,38820,38351,28200,1200000,1200000,80,3879000,Discharging,23.6,13.7,13.7,21.5,44.9,2481,2878,,,
4510,37748,38485,38552,28200,1200000,1200000,80,3876000,Discharging,23.2,19.4,8.7,41.7,23.7,2530,2891,,,
4512,37949,38753,37949,28300,1200000,1200000,80,3871000,Discharging,23.3,19.4,7.4,19.4,45.6,2436,2886,,,
4515,38150,38418,38418,28200,1200000,1200000,80,3877000,Discharging,23.5,16.3,10.2,14.4,53.2,1625,1928,,,
4517,37815,38954,38485,28200,1200000,1200000,80,3877000,Discharging,23.2,18.0,14.4,20.5,39.7,2393,2882,,,
4519,38351,38887,38284,28200,1200000,1200000,80,3878000,Discharging,23.8,24.5,12.8,40.8,17.7,2605,2930,,,
4521,38485,39021,38351,28200,1200000,1200000,80,3877000,Discharging,22.8,12.7,4.7,42.7,30.4,2405,2844,,,
4523,38284,38686,38485,28200,1200000,1200000,80,3878000,Discharging,23.6,8.0,11.5,9.8,63.9,2396,2874,,,
4526,38284,38619,38485,28300,1200000,1200000,80,3875000,Discharging,23.3,14.5,9.3,33.2,36.1,1643,1921,,,
4528,38217,38820,38485,28200,1200000,1200000,80,3877000,Discharging,23.5,10.0,10.3,31.9,41.7,2357,2833,,,
4530,37882,38552,38619,28200,1200000,1200000,80,3876000,Discharging,22.8,10.4,12.4,25.7,41.2,2570,2982,,,
4532,37882,38150,38150,28200,1200000,1200000,80,3876000,Discharging,23.1,14.4,5.6,19.9,52.5,2386,2858,,,
4534,37413,38619,38284,28200,1200000,1200000,80,3877000,Discharging,23.1,15.7,11.5,27.2,38.5,2424,2896,,,
4536,38083,38887,37681,28200,1200000,1200000,80,3876000,Discharging,22.5,8.4,7.0,42.2,31.8,2422,2900,,,
4539,37949,38686,38753,28300,1200000,1200000,80,3877000,Discharging,23.5,11.2,7.4,59.3,16.0,1580,1897,,,
4541,37681,38820,37815,28200,1200000,1200000,80,3877000,Discharging,23.1,16.7,8.3,22.8,45.2,2556,2940,,,
4543,37882,38485,38217,28200,1200000,1200000,80,3877000,Discharging,22.7,9.4,8.3,44.5,27.9,2360,2874,,,
4545,38150,39021,38418,28200,1200000,1200000,80,3876000,Discharging,22.9,8.4,7.5,29.4,46.3,2411,2914,,,
4547,37681,38619,38150,28200,1200000,1200000,80,3877000,Discharging,23.1,17.8,11.1,18.9,44.7,2400,2884,,,
4550,38284,38552,37882,28200,1200000,1200000,80,3876000,Discharging,23.7,8.9,14.0,22.7,48.4,1691,1947,,,
4552,37681,38485,37949,28200,1200000,1200000,80,3877000,Discharging,23.1,9.3,8.8,30.0,44.5,2367,2866,,,
4554,38016,38351,38217,28200,1200000,1200000,80,3877000,Discharging,20.2,9.8,7.9,18.2,44.3,2383,2887,,,
4556,38016,38418,38418,28200,1200000,1200000,80,3877000,Discharging,20.0,14.5,7.8,18.4,38.8,2377,2876,,,
4558,37681,38552,38150,28200,1200000,1200000,80,3877000,Discharging,20.5,9.3,5.6,46.4,19.6,2370,2851,,,
4560,38351,38686,38284,28300,1200000,1200000,80,3877000,Discharging,22.0,23.9,10.3,31.3,23.3,2574,2921,,,
4563,37748,38351,38016,28200,1200000,1200000,80,3877000,Discharging,23.4,9.3,15.1,32.4,36.7,1590,1898,,,
