# fw=nextui-powersave workload=zelda start=2026-09-13 20:26:32 soak=99C prelaunch=conservative/1200000 launch_up=3570.85 max0=1200000 gov=conservative devfreq=none,none backlight=none
elapsed_s,cpu_mc,gpu_mc,ddr_mc,bat_mc,cur_khz,max_khz,batt_pct,batt_uv,status,cpu_busy,c0_busy,c1_busy,c2_busy,c3_busy,irq_s,ctxt_s,df0_hz,df1_hz,backlight
3584,36877,38418,37212,27900,1008000,1200000,83,3906000,Discharging,,,,,,,,,,
3586,36877,38083,37212,27900,1008000,1200000,83,3906000,Discharging,13.3,10.1,7.3,16.1,20.6,2358,2882,,,
3588,36944,37949,37145,27900,1008000,1200000,83,3901000,Discharging,13.8,12.6,6.9,13.4,22.4,2508,2936,,,
3590,36877,37815,37279,27900,1008000,1200000,83,3905000,Discharging,12.2,12.0,6.9,9.3,19.4,2356,2882,,,
3592,36877,37949,37279,27900,1008000,1200000,83,3901000,Discharging,13.7,12.8,11.0,22.2,10.0,2424,2901,,,
3595,36877,38150,37346,27900,816000,1200000,83,3905000,Discharging,13.1,13.0,6.4,16.1,17.1,1597,1932,,,
3597,36877,37949,37346,27900,816000,1200000,83,3906000,Discharging,16.1,11.9,9.9,24.3,17.9,2404,2880,,,
3599,37011,37815,37212,27900,816000,1200000,83,3905000,Discharging,16.2,14.2,12.7,16.7,21.0,2508,2894,,,
3601,36609,37815,37078,27900,816000,1200000,83,3903000,Discharging,15.2,10.6,10.0,24.5,15.8,2314,2823,,,
3603,36743,37614,37145,27900,816000,1200000,83,3907000,Discharging,15.8,13.9,8.2,21.8,19.1,2418,2880,,,
3606,36676,37413,37413,27900,816000,1200000,83,3907000,Discharging,15.4,10.3,12.2,24.1,14.9,1577,1898,,,
3608,36743,38016,37212,27900,816000,1200000,83,3907000,Discharging,16.0,15.7,12.3,19.5,16.8,2582,2930,,,
3610,36877,38016,36944,27900,816000,1200000,83,3907000,Discharging,15.6,13.2,9.5,25.6,13.8,2384,2862,,,
3612,36475,38083,37346,27900,816000,1200000,83,3906000,Discharging,15.9,13.4,11.3,24.8,13.6,2426,2864,,,
3615,36676,37815,36877,27900,816000,1200000,83,3906000,Discharging,14.8,12.3,10.0,21.4,15.8,1573,1909,,,
3617,36944,37815,37279,27900,816000,1200000,83,3906000,Discharging,14.7,11.1,8.1,12.3,27.0,2416,2868,,,
3619,36676,37547,37279,27900,816000,1200000,83,3906000,Discharging,15.0,14.5,9.6,18.4,18.6,2536,2934,,,
3621,36140,37547,36944,27900,816000,1200000,83,3903000,Discharging,14.1,11.5,7.7,19.5,16.9,2338,2873,,,
3623,36810,37949,37346,27900,816000,1200000,83,3906000,Discharging,14.8,12.7,5.4,19.9,21.2,2401,2881,,,
3626,36475,38150,37413,27900,816000,1200000,83,3905000,Discharging,14.1,11.1,8.2,16.4,19.9,1589,1916,,,
3628,36676,37882,37078,27900,816000,1200000,83,3904000,Discharging,14.9,17.7,15.8,12.7,13.2,2572,2922,,,
3630,36810,37547,37346,27900,816000,1200000,83,3903000,Discharging,14.5,13.8,9.0,14.9,20.4,2368,2857,,,
3632,36609,38150,37279,27900,816000,1200000,83,3906000,Discharging,14.7,16.7,10.0,13.2,19.4,2426,2856,,,
3635,36609,37547,36810,27900,600000,1200000,83,3906000,Discharging,15.9,16.6,11.9,17.4,16.4,1611,1952,,,
3637,36944,38083,37413,28000,600000,1200000,83,3903000,Discharging,18.2,15.8,11.8,22.8,23.5,2549,2971,,,
3639,36877,37413,37145,27900,600000,1200000,83,3905000,Discharging,18.8,20.1,15.2,25.4,13.9,2670,3018,,,
3641,36341,37346,36743,27900,600000,1200000,83,3904000,Discharging,18.3,14.7,12.0,24.8,21.1,2456,2960,,,
3644,36408,37949,37212,28000,600000,1200000,83,3905000,Discharging,18.8,26.5,12.8,21.2,14.7,1765,2022,,,
3646,36274,37882,37078,28000,600000,1200000,82,3905000,Discharging,19.4,16.6,16.0,24.2,20.7,2670,3299,,,
3648,36944,38150,37145,28000,600000,1200000,82,3901000,Discharging,19.1,17.6,17.6,21.5,19.9,2666,3041,,,
3651,36877,37547,37078,28000,600000,1200000,82,3904000,Discharging,18.3,13.3,15.6,23.0,21.1,1655,1945,,,
3653,36274,37547,37212,28000,600000,1200000,82,3904000,Discharging,19.1,17.9,16.9,15.0,26.6,2549,2993,,,
3655,36542,37815,37078,27900,600000,1200000,82,3903000,Discharging,18.5,16.4,10.6,24.7,21.8,2496,2974,,,
3657,36341,38016,37078,28000,600000,1200000,82,3905000,Discharging,18.1,15.2,14.6,18.8,23.6,2496,2985,,,
3660,36676,37346,37078,28000,600000,1200000,82,3906000,Discharging,18.8,20.7,12.9,24.7,17.3,1794,2005,,,
3662,36475,37815,37681,28000,600000,1200000,82,3905000,Discharging,18.6,16.1,12.7,22.9,22.5,2557,2981,,,
3664,36274,37949,36944,27900,600000,1200000,82,3905000,Discharging,19.0,16.1,14.7,24.8,21.0,2482,2934,,,
3667,36475,37882,37279,28000,600000,1200000,82,3902000,Discharging,18.2,16.6,9.4,23.1,23.5,1678,2005,,,
3669,36408,38217,37011,28000,600000,1200000,82,3902000,Discharging,19.4,19.6,9.4,17.7,30.1,2676,3060,,,
3671,36609,37480,37279,28000,600000,1200000,82,3903000,Discharging,18.3,14.0,16.2,12.4,30.6,2452,2950,,,
3674,36542,37480,37078,27900,600000,1200000,82,3901000,Discharging,19.6,17.1,17.3,16.4,27.8,1713,1980,,,
3676,36542,37815,37011,28000,600000,1200000,82,3906000,Discharging,19.6,18.3,15.9,22.7,21.6,2476,2950,,,
3678,36743,37480,36810,27900,600000,1200000,82,3905000,Discharging,20.8,17.6,13.7,18.2,33.2,2578,3027,,,
3680,36341,37949,37212,27900,600000,1200000,82,3905000,Discharging,20.1,21.6,13.3,19.4,25.7,2696,3039,,,
3683,36408,37748,37413,28000,600000,1200000,82,3904000,Discharging,19.9,25.3,12.1,24.5,18.1,1700,1973,,,
3685,36542,37681,37145,28000,600000,1200000,82,3904000,Discharging,20.9,19.4,13.3,16.7,33.6,2554,2976,,,
3687,36475,37882,37011,28000,600000,1200000,82,3904000,Discharging,20.1,19.9,9.6,20.5,30.8,2536,2966,,,
3690,36341,37614,37011,27900,600000,1200000,82,3903000,Discharging,19.7,18.1,14.5,28.6,17.3,1768,2005,,,
3692,36408,37748,37346,28000,600000,1200000,82,3902000,Discharging,20.0,17.4,10.6,24.3,27.6,2566,2979,,,
3694,36542,37413,37279,28000,600000,1200000,82,3901000,Discharging,19.9,14.3,12.8,31.7,21.1,2496,2972,,,
3696,36073,38016,36944,28000,600000,1200000,82,3901000,Discharging,20.2,19.6,15.1,13.3,32.5,2566,3000,,,
3699,36810,37815,37011,28000,600000,1200000,82,3905000,Discharging,20.4,18.9,14.5,19.0,29.1,1692,1964,,,
3701,36609,37681,37145,28000,600000,1200000,82,3904000,Discharging,20.0,17.7,15.0,23.9,23.2,2619,3022,,,
3703,36877,37681,37413,28000,600000,1200000,82,3904000,Discharging,20.5,26.3,12.4,23.3,19.5,2653,2992,,,
3706,36609,37882,36810,28000,600000,1200000,82,3899000,Discharging,20.6,22.0,13.0,27.3,21.1,1669,1956,,,
3708,36609,38016,36877,28000,600000,1200000,82,3903000,Discharging,19.8,22.1,16.4,23.5,17.1,2572,2974,,,
3710,36542,37681,37212,28000,600000,1200000,82,3902000,Discharging,21.2,17.0,18.5,31.0,18.1,2664,3017,,,
3712,36676,37480,36877,28000,600000,1200000,82,3904000,Discharging,19.4,15.7,11.7,26.9,22.4,2546,2983,,,
3715,36207,37547,36810,28000,600000,1200000,82,3903000,Discharging,19.4,19.8,15.7,16.3,27.3,1673,1970,,,
3717,36676,37815,36810,28000,600000,1200000,82,3903000,Discharging,18.6,16.6,11.7,31.9,13.7,2495,2988,,,
3719,36676,37346,37145,28000,600000,1200000,82,3901000,Discharging,19.1,20.3,17.2,17.4,22.3,2590,2993,,,
3722,36408,37614,37346,28000,600000,1200000,82,3903000,Discharging,18.3,14.7,10.3,21.2,26.0,1737,2006,,,
3724,36408,37346,37011,28000,600000,1200000,82,3904000,Discharging,19.1,17.7,16.5,16.5,25.9,2555,3000,,,
3726,36073,37547,37145,28000,600000,1200000,82,3903000,Discharging,18.1,16.9,13.7,30.6,11.1,2526,2983,,,
3728,36475,37882,37078,28000,600000,1200000,82,3903000,Discharging,17.9,19.2,11.6,21.1,20.0,2498,2962,,,
3731,36743,37413,36877,28000,600000,1200000,82,3897000,Discharging,20.4,22.0,14.0,24.0,21.1,1775,2003,,,
3733,36475,38016,36810,28000,600000,1200000,82,3901000,Discharging,18.3,18.0,18.9,19.8,16.4,2498,2944,,,
3735,36609,37614,37011,28000,600000,1200000,82,3901000,Discharging,18.9,17.9,17.4,17.7,22.7,2525,2952,,,
3738,36341,37279,36810,28000,600000,1200000,82,3901000,Discharging,18.3,14.8,23.9,16.7,17.5,1673,1971,,,
3740,36542,37547,37145,28000,600000,1200000,82,3902000,Discharging,18.8,16.2,9.8,18.1,31.0,2472,2964,,,
3742,36006,37480,36944,28000,600000,1200000,82,3902000,Discharging,18.5,17.6,15.0,20.7,20.4,2685,3022,,,
3745,36207,37614,36743,28000,600000,1200000,82,3902000,Discharging,19.0,16.5,14.2,25.0,20.8,1693,1986,,,
3747,36140,37614,36944,28000,600000,1200000,82,3896000,Discharging,18.2,14.5,10.1,24.6,23.2,2549,3012,,,
3749,36475,37681,36877,28000,600000,1200000,82,3900000,Discharging,19.0,16.7,19.4,27.3,12.4,2494,2965,,,
3751,36743,37815,37547,28000,600000,1200000,82,3901000,Discharging,18.3,11.8,11.8,18.5,31.9,2654,3030,,,
3754,36408,37748,36810,28000,600000,1200000,82,3901000,Discharging,18.3,16.7,8.0,26.8,20.6,1670,2000,,,
3756,36542,37681,37011,28000,600000,1200000,82,3901000,Discharging,18.8,19.0,13.2,19.8,23.2,2524,2934,,,
3758,36676,37547,37011,28000,600000,1200000,82,3900000,Discharging,18.0,16.1,14.5,26.0,16.2,2540,2972,,,
3761,36006,37748,37279,28000,600000,1200000,82,3900000,Discharging,18.8,17.3,15.7,24.1,17.1,1672,1978,,,
3763,36140,37547,37078,28000,600000,1200000,82,3895000,Discharging,18.6,22.8,10.2,21.1,19.7,2722,3042,,,
3765,36408,37681,36877,28000,600000,1200000,82,3901000,Discharging,18.7,17.6,16.7,19.6,21.7,2494,2980,,,
3767,36207,37882,36609,28000,600000,1200000,82,3900000,Discharging,18.4,14.7,15.9,21.1,21.9,2544,3003,,,
3770,36542,38083,36542,28000,600000,1200000,82,3901000,Discharging,19.1,16.1,16.1,15.9,28.1,1673,1987,,,
3772,36274,37748,36408,28000,600000,1200000,82,3896000,Discharging,18.6,19.1,12.8,26.1,16.7,2668,3032,,,
3774,36341,37346,36810,28000,600000,1200000,82,3901000,Discharging,19.7,13.6,23.9,15.5,23.9,2484,2964,,,
3777,36207,37547,37078,28000,600000,1200000,82,3901000,Discharging,20.7,18.6,17.5,22.2,25.1,1695,1983,,,
3779,36274,37614,36609,28000,600000,1200000,82,3900000,Discharging,20.0,13.1,18.4,25.6,22.8,2520,2946,,,
3781,36341,38016,37145,28000,600000,1200000,82,3903000,Discharging,20.8,19.2,14.5,26.8,24.0,2566,3027,,,
3783,36207,37614,36609,28000,600000,1200000,82,3903000,Discharging,19.8,15.4,14.2,23.5,25.7,2704,3040,,,
3786,36274,37681,36944,28000,600000,1200000,82,3901000,Discharging,20.4,15.2,7.2,22.8,36.4,1662,1989,,,
3788,36341,37346,36743,28000,600000,1200000,82,3901000,Discharging,20.0,19.6,16.6,16.9,26.8,2565,2986,,,
3790,36408,37681,36944,28000,600000,1200000,82,3905000,Discharging,19.9,17.5,16.2,25.2,20.6,2517,2986,,,
3793,36609,37681,37145,28000,600000,1200000,82,3899000,Discharging,20.1,14.3,11.9,34.4,19.8,1776,2021,,,
3795,36341,37614,36676,28000,600000,1200000,82,3899000,Discharging,20.1,19.1,11.9,15.5,33.9,2508,2988,,,
3797,36274,37681,37279,28000,600000,1200000,82,3900000,Discharging,20.0,18.0,15.1,22.9,23.1,2566,3019,,,
3799,36609,37748,37078,28000,600000,1200000,82,3899000,Discharging,20.5,17.5,14.9,14.8,34.3,2534,2990,,,
3802,36676,37681,36810,28000,600000,1200000,82,3900000,Discharging,21.2,22.2,12.0,31.0,19.6,1809,2027,,,
3804,36073,37413,37212,28000,600000,1200000,82,3897000,Discharging,20.2,18.8,15.1,20.5,26.5,2570,2975,,,
3806,36207,37480,37011,28000,600000,1200000,82,3901000,Discharging,20.8,13.6,16.3,26.3,25.4,2542,2982,,,
3809,36475,37949,36944,28000,600000,1200000,82,3901000,Discharging,20.3,22.8,15.9,22.0,21.1,1737,2012,,,
3811,36408,37748,37011,28000,600000,1200000,82,3901000,Discharging,20.5,17.6,14.1,29.3,20.9,2572,2979,,,
3813,36609,37547,36877,28000,600000,1200000,82,3899000,Discharging,18.9,16.1,13.7,25.8,20.4,2682,3046,,,
3815,36006,37547,36609,28000,600000,1200000,82,3899000,Discharging,19.7,14.3,13.7,27.9,23.2,2497,2999,,,
3818,36609,38083,36743,28000,600000,1200000,82,3900000,Discharging,19.2,17.7,9.6,30.1,19.3,1701,1988,,,
3820,36542,37279,36877,28000,600000,1200000,82,3900000,Discharging,19.1,16.8,15.6,22.8,20.7,2522,2998,,,
3822,36609,37815,36877,28000,600000,1200000,82,3901000,Discharging,18.3,16.6,17.2,25.8,13.7,2672,3059,,,
3825,36408,37614,37011,28000,600000,1200000,82,3900000,Discharging,18.0,14.9,16.2,20.7,21.2,1676,1989,,,
3827,36073,37815,37212,28000,600000,1200000,82,3899000,Discharging,18.8,15.7,14.2,20.8,23.9,2530,2986,,,
3829,36140,37547,37279,28000,600000,1200000,82,3894000,Discharging,18.6,17.0,18.1,21.4,18.2,2574,3016,,,
3832,36207,37480,37145,28000,600000,1200000,82,3898000,Discharging,20.0,16.0,19.1,16.3,28.2,1656,1993,,,
3834,36743,37547,36609,28000,600000,1200000,82,3899000,Discharging,18.2,18.5,6.8,33.3,14.5,2664,3037,,,
3836,36274,37681,36810,28000,600000,1200000,82,3898000,Discharging,18.9,16.7,12.0,23.8,22.9,2500,2987,,,
3838,36609,37815,36877,28000,600000,1200000,82,3898000,Discharging,18.5,13.5,10.6,24.3,25.6,2523,2980,,,
3841,36475,37681,36944,28000,600000,1200000,82,3897000,Discharging,19.0,19.1,14.3,23.8,19.0,1705,1981,,,
3843,36676,37748,37078,28000,600000,1200000,82,3897000,Discharging,18.2,20.2,11.5,17.5,23.6,2700,3066,,,
3845,36542,37748,37078,28000,600000,1200000,82,3896000,Discharging,18.4,20.2,11.5,15.4,25.8,2507,2980,,,
3848,36542,37681,36810,28000,600000,1200000,82,3899000,Discharging,18.9,14.4,15.2,22.1,24.1,1689,2008,,,
3850,35939,37547,36944,28000,600000,1200000,82,3899000,Discharging,17.9,14.9,14.1,22.2,19.7,2518,3000,,,
3852,36408,37882,36877,28000,600000,1200000,82,3898000,Discharging,19.2,16.2,17.9,14.5,28.8,2522,2999,,,
3854,36475,37413,36542,28000,600000,1200000,82,3897000,Discharging,18.4,17.0,10.2,23.3,23.4,2627,3023,,,
3857,36609,37346,36944,28000,600000,1200000,82,3897000,Discharging,18.9,15.7,13.8,19.1,26.1,1676,1970,,,
3859,36609,38150,37078,28000,600000,1200000,82,3898000,Discharging,18.1,15.9,12.8,18.1,25.9,2569,2994,,,
3861,36341,37681,37212,28000,600000,1200000,82,3898000,Discharging,18.7,22.8,15.4,13.9,22.7,2548,2994,,,
3864,36542,37480,36944,28000,600000,1200000,82,3896000,Discharging,18.5,16.6,11.2,24.3,21.2,1794,2053,,,
3866,36676,37815,37011,28000,600000,1200000,82,3896000,Discharging,18.7,23.3,15.6,23.0,13.8,2553,2994,,,
3868,36475,37413,36877,28000,600000,1200000,82,3897000,Discharging,18.4,20.1,10.2,19.9,22.9,2552,2995,,,
3870,36743,37413,37212,28000,600000,1200000,82,3895000,Discharging,18.2,15.8,11.6,15.9,29.5,2490,2958,,,
3873,35939,37547,36944,28000,600000,1200000,82,3897000,Discharging,19.2,18.9,18.0,17.8,21.9,1693,1986,,,
3875,36877,38217,37346,28000,600000,1200000,82,3900000,Discharging,19.9,19.6,15.1,21.0,23.7,2685,3008,,,
3877,36207,37748,37011,28000,600000,1200000,82,3899000,Discharging,20.4,21.2,24.3,19.5,17.3,2622,3014,,,
3880,36877,38016,36743,28000,600000,1200000,82,3898000,Discharging,20.1,18.1,10.7,25.3,25.7,1662,1974,,,
3882,36408,38016,37480,28000,600000,1200000,82,3898000,Discharging,20.8,20.4,15.8,22.0,25.6,2603,2976,,,
3884,36274,37480,37011,28000,600000,1200000,82,3898000,Discharging,19.8,17.1,13.4,27.3,20.9,2660,3041,,,
3886,36475,37212,37011,28000,600000,1200000,82,3894000,Discharging,20.9,16.4,10.5,25.0,32.5,2544,3020,,,
3889,36676,37681,37279,28000,600000,1200000,82,3898000,Discharging,19.5,16.6,9.8,30.5,19.9,1702,2028,,,
3891,36207,37815,36944,28000,600000,1200000,82,3898000,Discharging,19.8,19.2,18.8,24.8,16.1,2546,2972,,,
3893,36073,37480,36810,28100,600000,1200000,82,3895000,Discharging,19.0,16.5,9.0,20.8,30.7,2518,2996,,,
3896,36274,37547,37145,28000,600000,1200000,82,3896000,Discharging,20.0,21.0,11.1,27.4,19.9,1772,2018,,,
3898,36341,37614,36944,28000,600000,1200000,82,3897000,Discharging,21.1,17.0,13.7,22.5,30.9,2560,2984,,,
3900,36207,37681,37279,28000,600000,1200000,82,3898000,Discharging,19.8,17.6,11.1,27.3,22.8,2530,3022,,,
3902,36274,37815,36609,28100,600000,1200000,82,3893000,Discharging,20.8,22.9,19.1,20.7,20.8,2562,3006,,,
3905,36475,37547,36743,28000,600000,1200000,82,3896000,Discharging,20.2,22.6,17.3,22.7,18.7,1798,2036,,,
3907,36810,37413,37011,28000,600000,1200000,82,3896000,Discharging,21.1,19.0,9.3,42.0,12.8,2570,3016,,,
3909,36609,37480,37614,28100,600000,1200000,82,3896000,Discharging,20.0,17.6,16.7,16.9,28.5,2528,2992,,,
3912,36609,37547,36676,28100,600000,1200000,82,3893000,Discharging,20.0,20.3,9.3,26.4,23.9,1681,1976,,,
3914,36408,37547,37078,28100,600000,1200000,82,3897000,Discharging,19.4,19.7,10.0,19.6,28.3,4680,7154,,,
3917,36609,37614,37145,28000,600000,1200000,82,3893000,Discharging,19.6,20.3,12.6,27.9,17.8,3880,6176,,,
3919,36207,37480,36877,28100,600000,1200000,82,3896000,Discharging,18.8,21.1,17.5,16.3,20.8,6898,11368,,,
3922,36341,38016,37011,28100,600000,1200000,82,3896000,Discharging,18.8,24.7,14.9,12.6,23.4,3799,6136,,,
3924,36475,37413,37078,28000,600000,1200000,82,3895000,Discharging,17.9,20.7,12.2,18.0,19.8,6782,11264,,,
3927,36743,37681,37078,28100,600000,1200000,82,3895000,Discharging,19.4,20.0,13.1,20.2,24.0,3141,4632,,,
3929,36609,37279,36877,28100,600000,1200000,82,3896000,Discharging,18.1,16.0,10.4,29.7,16.5,2720,3322,,,
3932,36341,37681,36743,28100,600000,1200000,82,3896000,Discharging,19.4,22.8,11.8,18.4,25.3,1784,2115,,,
3934,36542,38083,37011,28100,600000,1200000,82,3894000,Discharging,19.5,17.7,13.9,21.4,24.6,2682,3239,,,
3936,36341,37547,37212,28100,600000,1200000,82,3893000,Discharging,19.2,21.6,13.9,20.7,20.3,2782,3242,,,
3939,36341,37413,36542,28100,600000,1200000,82,3894000,Discharging,19.8,19.7,13.5,33.3,12.9,1874,2295,,,
3941,36542,37614,36810,28100,600000,1200000,82,3895000,Discharging,18.7,15.9,13.9,20.6,24.6,2708,3284,,,
3943,36073,37614,36877,28100,600000,1200000,82,3895000,Discharging,19.6,21.6,15.9,17.5,22.8,2742,3270,,,
3945,36542,37346,36542,28100,600000,1200000,82,3894000,Discharging,19.0,22.1,12.5,19.6,22.5,2782,3366,,,
3948,36207,37413,36542,28100,600000,1200000,82,3895000,Discharging,19.6,18.1,13.0,17.1,30.0,1819,2210,,,
3950,36341,37413,36810,28100,600000,1200000,82,3896000,Discharging,19.2,23.0,13.4,19.7,20.4,2750,3351,,,
3952,36542,37681,36877,28100,600000,1200000,82,3896000,Discharging,19.6,20.2,17.3,16.4,23.7,2616,3112,,,
3955,36274,37145,36542,28100,600000,1200000,82,3890000,Discharging,18.8,21.1,12.4,30.0,12.8,1775,2134,,,
3957,36408,37212,36810,28100,600000,1200000,82,3893000,Discharging,19.6,26.3,11.4,18.7,22.0,2896,3373,,,
3959,36743,37413,37011,28100,600000,1200000,82,3893000,Discharging,19.1,17.6,10.5,31.2,16.2,2630,3200,,,
3962,36609,37748,37614,28100,600000,1200000,81,3891000,Discharging,23.1,31.9,12.7,29.9,18.3,2182,2902,,,
3964,36006,37681,36944,28100,600000,1200000,81,3895000,Discharging,19.2,18.1,10.1,21.1,26.8,2646,3196,,,
3966,36408,37681,36810,28100,600000,1200000,81,3896000,Discharging,18.9,19.3,10.8,21.8,24.1,2858,3430,,,
3969,36475,37748,36877,28100,600000,1200000,81,3890000,Discharging,19.4,21.2,11.8,27.3,17.4,1795,2150,,,
3971,36274,37681,37078,28100,600000,1200000,81,3894000,Discharging,18.6,18.3,17.7,24.4,14.4,2629,3186,,,
3973,36341,37815,36743,28100,600000,1200000,81,3891000,Discharging,20.7,20.1,14.8,24.6,22.4,2715,3223,,,
3976,36609,38016,37078,28100,600000,1200000,81,3894000,Discharging,20.8,18.4,12.6,36.9,15.1,1936,2297,,,
3978,36274,37614,36877,28100,600000,1200000,81,3894000,Discharging,21.1,20.1,12.1,30.0,22.7,2710,3270,,,
3980,36609,37212,37078,28100,600000,1200000,81,3893000,Discharging,20.8,17.1,11.7,22.9,31.5,2649,3240,,,
3983,36877,37949,36810,28100,600000,1200000,81,3894000,Discharging,21.1,15.9,12.9,20.5,34.3,1820,2193,,,
3985,36475,37212,36743,28100,600000,1200000,81,3894000,Discharging,20.3,17.3,10.6,30.7,23.2,2611,3133,,,
3987,36341,37748,37011,28100,600000,1200000,81,3895000,Discharging,21.4,22.0,14.3,23.0,25.8,2868,3348,,,
3990,36609,37748,37011,28100,600000,1200000,81,3898000,Discharging,19.5,23.4,10.3,19.7,25.0,1893,2371,,,
3992,36609,37279,36676,28100,600000,1200000,81,3892000,Discharging,19.9,24.2,18.2,10.9,25.5,2713,3285,,,
3994,35939,37815,36743,28100,600000,1200000,81,3892000,Discharging,20.0,17.0,16.3,25.1,21.6,2649,3222,,,
3997,36676,37681,36944,28100,600000,1200000,81,3891000,Discharging,20.8,19.7,18.3,13.9,31.2,1925,2258,,,
3999,36140,37614,36944,28100,600000,1200000,81,3893000,Discharging,21.1,24.9,16.0,17.5,26.4,2670,3182,,,
4001,36676,37480,37011,28100,600000,1200000,81,3893000,Discharging,20.3,18.4,11.8,23.6,26.9,2691,3264,,,
4004,36341,37547,36944,28100,600000,1200000,81,3893000,Discharging,21.2,22.9,13.2,21.2,27.5,1829,2172,,,
4006,36743,37681,36877,28100,600000,1200000,81,3891000,Discharging,20.3,20.9,22.9,20.4,17.1,2556,2976,,,
4008,36341,37815,36743,28100,600000,1200000,81,3894000,Discharging,21.0,14.8,13.0,25.3,30.0,2656,3029,,,
4011,36542,37547,37212,28100,600000,1200000,81,3894000,Discharging,20.0,23.0,11.1,20.6,26.0,1699,1988,,,
4013,36207,37212,36944,28100,600000,1200000,81,3894000,Discharging,20.2,15.7,14.1,22.1,27.6,2550,2944,,,
4015,36408,37547,36676,28100,600000,1200000,81,3894000,Discharging,18.7,15.8,11.6,19.5,28.4,2463,2980,,,
4018,36274,37480,37279,28100,600000,1200000,81,3893000,Discharging,19.3,18.3,12.4,27.0,19.0,1768,2025,,,
4020,36475,37547,36944,28100,600000,1200000,81,3892000,Discharging,18.6,17.0,11.4,25.9,20.7,2492,2968,,,
4022,35939,37480,36877,28100,600000,1200000,81,3891000,Discharging,17.9,14.0,9.8,22.4,24.8,2547,3002,,,
4024,36542,37614,36877,28100,600000,1200000,81,3894000,Discharging,18.5,17.9,12.3,19.5,24.7,2444,2946,,,
4027,36676,37681,37011,28100,600000,1200000,81,3893000,Discharging,17.6,16.4,10.3,17.2,25.9,1664,1989,,,
4029,36140,37212,36743,28100,600000,1200000,81,3892000,Discharging,19.0,16.1,16.6,26.6,16.5,2676,3046,,,
4031,36073,37279,36743,28100,600000,1200000,81,3893000,Discharging,19.0,18.4,11.9,28.8,17.7,2520,2986,,,
4034,36408,37346,36810,28100,600000,1200000,81,3893000,Discharging,19.0,15.8,15.4,25.7,19.5,1708,1996,,,
4036,36408,37413,37011,28100,600000,1200000,81,3892000,Discharging,17.7,18.2,8.0,26.1,17.9,2498,2938,,,
4038,36609,37212,36743,28100,600000,1200000,81,3886000,Discharging,19.3,17.6,12.4,25.9,21.8,2714,3044,,,
4040,36006,37279,36609,28100,600000,1200000,81,3890000,Discharging,18.5,17.4,12.9,17.5,25.6,2504,2982,,,
4043,36073,37614,36743,28100,600000,1200000,81,3890000,Discharging,18.3,15.4,13.7,26.6,17.5,1648,1983,,,
4045,36140,37547,36944,28100,600000,1200000,81,3890000,Discharging,18.8,16.1,8.4,19.5,30.7,2534,2940,,,
4047,36408,37212,36810,28100,600000,1200000,81,3889000,Discharging,18.3,13.8,12.7,26.0,20.4,2496,2974,,,
4050,36073,37547,36743,28100,600000,1200000,81,3892000,Discharging,19.0,17.0,15.0,17.2,26.9,1750,2015,,,
4052,36006,37480,36877,28100,600000,1200000,81,3891000,Discharging,18.1,22.0,12.6,14.2,23.9,2566,2976,,,
4054,36207,37413,36877,28100,600000,1200000,81,3891000,Discharging,19.5,18.8,12.6,17.5,28.9,2558,2942,,,
4056,36006,37748,36743,28100,600000,1200000,81,3891000,Discharging,18.1,12.1,16.9,13.2,30.1,2512,2950,,,
4059,36542,37413,36944,28100,600000,1200000,81,3892000,Discharging,19.0,19.1,14.7,22.6,19.9,1777,2033,,,
4061,36542,37882,36676,28100,600000,1200000,81,3891000,Discharging,18.0,19.3,13.2,27.6,11.6,2495,2994,,,
4063,36274,37346,36743,28100,600000,1200000,81,3887000,Discharging,18.4,15.2,10.1,30.7,16.9,2534,2984,,,
4066,37011,37279,36877,28100,600000,1200000,81,3889000,Discharging,18.9,17.6,17.3,23.5,18.2,1651,1978,,,
