# fw=nextui-powersave workload=mariokart start=2026-09-13 20:51:20 soak=99C prelaunch=conservative/1200000 launch_up=5058.73 max0=1200000 gov=conservative devfreq=none,none backlight=none
elapsed_s,cpu_mc,gpu_mc,ddr_mc,bat_mc,cur_khz,max_khz,batt_pct,batt_uv,status,cpu_busy,c0_busy,c1_busy,c2_busy,c3_busy,irq_s,ctxt_s,df0_hz,df1_hz,backlight
5071,36944,37949,37078,28400,1008000,1200000,78,3858000,Discharging,,,,,,,,,,
5074,37011,38016,37413,28300,1008000,1200000,78,3858000,Discharging,13.2,11.7,9.7,13.7,16.6,1647,1913,,,
5076,36676,37681,37145,28300,816000,1200000,78,3857000,Discharging,15.2,9.6,12.2,14.6,25.2,2354,2788,,,
5078,36944,38016,37480,28400,816000,1200000,78,3858000,Discharging,14.9,9.6,10.0,18.2,21.6,2367,2757,,,
5080,36676,38083,37346,28400,816000,1200000,78,3859000,Discharging,15.4,10.9,13.5,18.7,19.3,2406,2783,,,
5082,36609,38217,37413,28300,816000,1200000,78,3859000,Discharging,14.8,10.6,9.9,21.0,17.4,2490,2798,,,
5085,36609,37949,37145,28400,816000,1200000,78,3859000,Discharging,14.8,10.0,9.0,12.8,27.3,1604,1875,,,
5087,36944,37882,37212,28400,816000,1200000,78,3859000,Discharging,15.4,10.5,7.7,26.5,16.7,2324,2773,,,
5089,36944,37748,37145,28400,816000,1200000,78,3854000,Discharging,14.8,8.3,7.2,28.1,15.4,2320,2784,,,
5091,36609,38217,36877,28300,816000,1200000,78,3859000,Discharging,15.6,10.1,7.3,18.1,26.6,2390,2804,,,
5094,36810,37279,37078,28300,816000,1200000,78,3859000,Discharging,15.4,12.3,9.0,18.5,22.4,1707,1897,,,
5096,36877,37949,37145,28400,816000,1200000,78,3856000,Discharging,15.6,10.6,17.7,21.4,11.7,2390,2821,,,
5098,36542,37882,37145,28300,816000,1200000,78,3860000,Discharging,15.0,8.8,10.4,16.8,23.6,2375,2786,,,
5100,36810,38217,37279,28400,816000,1200000,78,3853000,Discharging,15.5,9.6,5.5,34.7,12.2,2401,2804,,,
5103,36877,37815,37212,28400,816000,1200000,78,3857000,Discharging,15.2,12.7,8.6,14.9,24.3,1708,1900,,,
5105,36944,38217,37547,28400,816000,1200000,78,3857000,Discharging,14.9,11.8,7.7,30.9,9.9,2384,2770,,,
5107,36676,38016,37145,28400,816000,1200000,78,3858000,Discharging,15.8,12.7,5.0,22.8,20.5,2385,2821,,,
5109,36676,37882,37480,28400,816000,1200000,78,3853000,Discharging,14.7,10.0,11.4,16.3,21.8,2364,2756,,,
5111,36877,38150,37413,28400,816000,1200000,78,3856000,Discharging,15.6,11.4,13.6,17.7,20.1,2382,2782,,,
5114,36609,37949,37413,28400,816000,1200000,78,3858000,Discharging,15.3,9.5,7.2,17.3,26.8,1695,1912,,,
5116,36475,37748,37346,28400,816000,1200000,78,3856000,Discharging,15.6,9.6,11.9,24.2,15.8,2418,2792,,,
5118,36609,37681,37078,28400,816000,1200000,78,3856000,Discharging,14.9,13.2,4.1,16.7,25.9,2408,2780,,,
5120,36676,38217,37614,28400,816000,1200000,78,3858000,Discharging,15.3,11.4,5.9,25.7,19.4,2398,2814,,,
5123,36810,37949,37346,28400,816000,1200000,78,3858000,Discharging,15.1,9.6,6.8,15.4,27.7,1575,1856,,,
5125,36676,37279,37346,28400,816000,1200000,78,3858000,Discharging,15.2,13.1,7.2,11.3,29.4,2523,2844,,,
5127,36743,38284,37882,28400,816000,1200000,78,3857000,Discharging,15.6,12.2,12.8,12.6,24.7,2372,2786,,,
5129,36475,38217,37547,28400,816000,1200000,78,3852000,Discharging,15.0,8.6,7.2,14.5,29.4,2354,2812,,,
5132,36408,38217,37078,28400,816000,1200000,78,3857000,Discharging,15.6,11.5,7.2,16.0,26.6,1574,1836,,,
5134,36944,38284,37279,28400,816000,1200000,78,3858000,Discharging,15.0,8.8,5.5,24.9,20.8,2510,2838,,,
5136,36609,38016,37346,28400,816000,1200000,78,3858000,Discharging,15.3,8.2,12.7,16.4,24.2,2369,2768,,,
5138,36810,38217,37279,28400,816000,1200000,78,3858000,Discharging,15.2,11.9,6.8,18.9,24.0,2365,2796,,,
5140,36609,37212,37212,28400,816000,1200000,78,3855000,Discharging,15.3,10.0,5.9,8.6,35.9,2349,2790,,,
5143,36877,38016,37078,28400,816000,1200000,78,3855000,Discharging,15.0,8.8,8.2,17.3,25.6,1573,1860,,,
5145,36743,37882,37279,28400,816000,1200000,78,3854000,Discharging,15.1,11.4,13.1,9.5,27.1,2512,2840,,,
5147,37078,38351,37346,28400,816000,1200000,78,3855000,Discharging,15.5,15.4,6.8,19.9,19.6,2384,2802,,,
5149,37145,37815,37949,28300,816000,1200000,78,3852000,Discharging,14.9,8.3,6.4,7.3,36.3,2344,2802,,,
5152,36877,37748,37011,28300,816000,1200000,78,3856000,Discharging,15.6,11.5,10.0,17.6,23.5,1602,1863,,,
5154,36676,37480,37145,28300,816000,1200000,78,3855000,Discharging,14.9,9.3,8.6,15.5,24.9,2514,2846,,,
5156,36676,38351,37614,28400,816000,1200000,78,3854000,Discharging,15.7,9.1,12.9,10.0,31.2,2339,2770,,,
5158,36743,38083,36944,28300,816000,1200000,78,3854000,Discharging,14.9,8.6,5.1,23.5,22.2,2340,2822,,,
5161,36676,38150,37413,28400,816000,1200000,78,3853000,Discharging,15.1,10.0,7.6,20.8,22.7,1616,1860,,,
5163,36743,37949,37212,28400,816000,1200000,78,3857000,Discharging,15.4,14.1,4.5,21.7,20.9,2400,2765,,,
5165,36810,38083,36944,28300,816000,1200000,78,3857000,Discharging,15.1,9.6,21.6,14.0,14.2,2560,2836,,,
5167,36810,37882,37011,28300,816000,1200000,78,3857000,Discharging,15.5,11.9,11.0,18.6,19.8,2348,2752,,,
5169,36676,38217,37011,28300,816000,1200000,78,3857000,Discharging,14.9,10.0,9.6,16.0,24.4,2352,2754,,,
5172,36944,37815,37547,28400,600000,1200000,78,3856000,Discharging,18.4,12.9,14.9,22.6,23.2,1676,1909,,,
5174,36743,37748,37279,28400,600000,1200000,78,3856000,Discharging,19.2,13.4,9.7,26.4,27.3,2620,2946,,,
5176,36542,37681,37279,28400,600000,1200000,78,3856000,Discharging,19.8,24.6,10.2,21.7,22.0,2538,2866,,,
5179,36810,38150,37078,28400,600000,1200000,78,3851000,Discharging,18.9,11.7,11.4,8.7,43.9,1616,1907,,,
5181,36810,37547,37279,28400,600000,1200000,78,3854000,Discharging,18.6,11.2,15.0,20.4,27.8,2488,2912,,,
5183,36810,37815,37346,28400,600000,1200000,78,3855000,Discharging,19.4,15.0,9.8,14.2,39.7,2454,2888,,,
5185,36676,37949,37212,28400,600000,1200000,78,3854000,Discharging,19.5,11.9,9.2,11.5,45.2,2547,2926,,,
5188,36877,37815,37145,28400,600000,1200000,78,3856000,Discharging,19.5,11.2,11.6,18.5,36.7,1649,1930,,,
5190,37279,37815,37279,28300,600000,1200000,78,3856000,Discharging,19.1,19.1,13.2,18.4,25.2,2543,2920,,,
5192,36475,37815,37011,28400,600000,1200000,78,3855000,Discharging,19.4,12.2,9.3,27.9,28.1,2464,2884,,,
5195,36810,37480,37815,28400,600000,1200000,78,3851000,Discharging,19.1,12.6,24.1,8.8,30.6,1734,1956,,,
5197,36944,38150,37078,28400,600000,1200000,78,3855000,Discharging,19.6,19.0,10.2,20.5,28.8,2514,2878,,,
5199,36743,37815,37346,28400,600000,1200000,78,3855000,Discharging,18.9,12.4,11.4,15.4,36.4,2448,2892,,,
5202,36810,38016,37212,28400,600000,1200000,78,3855000,Discharging,19.6,18.2,11.5,13.7,34.5,1662,1922,,,
5204,37078,38284,37480,28400,600000,1200000,78,3855000,Discharging,18.8,19.8,6.6,22.0,27.0,2468,2880,,,
5206,36207,38217,37346,28400,600000,1200000,78,3853000,Discharging,19.0,21.1,12.4,23.9,19.0,2694,2967,,,
5208,37011,38217,37011,28400,600000,1200000,78,3853000,Discharging,19.3,10.8,8.9,28.1,28.6,2438,2872,,,
5211,36810,37748,37547,28400,600000,1200000,78,3852000,Discharging,19.0,13.4,10.1,10.1,42.1,1661,1928,,,
5213,36609,37614,37279,28400,600000,1200000,78,3854000,Discharging,19.7,13.0,11.8,19.7,34.2,2503,2904,,,
5215,36274,38016,37011,28400,600000,1200000,78,3854000,Discharging,19.2,11.2,7.9,17.5,39.9,2640,2944,,,
5218,36743,38016,37212,28400,600000,1200000,78,3853000,Discharging,19.5,12.6,9.3,15.1,40.6,1644,1924,,,
5220,36475,38217,37346,28400,600000,1200000,78,3852000,Discharging,18.9,11.6,8.4,32.3,23.7,2462,2907,,,
5222,36743,37815,37078,28400,600000,1200000,77,3855000,Discharging,20.5,16.6,14.7,25.7,24.3,2695,3238,,,
5224,36810,37882,37212,28400,600000,1200000,77,3855000,Discharging,18.8,10.8,10.2,12.3,41.7,2420,2895,,,
5227,37011,38284,37346,28400,600000,1200000,77,3855000,Discharging,20.0,14.1,9.2,13.3,43.0,1753,1963,,,
5229,36341,37815,37279,28400,600000,1200000,77,3854000,Discharging,19.1,21.0,11.0,13.2,31.3,2486,2897,,,
5231,36877,37681,37279,28400,600000,1200000,77,3854000,Discharging,18.7,10.4,14.4,12.4,38.0,2514,2896,,,
5234,36542,37949,37145,28400,600000,1200000,77,3853000,Discharging,19.6,13.3,16.4,30.7,17.3,1641,1917,,,
5236,37011,37815,37279,28400,600000,1200000,77,3850000,Discharging,18.9,17.0,9.9,29.5,18.4,2654,2942,,,
5238,36609,38016,37480,28400,600000,1200000,77,3853000,Discharging,19.6,22.2,14.1,21.1,20.6,2557,2924,,,
5240,36676,38150,37279,28400,600000,1200000,77,3852000,Discharging,18.8,14.2,10.2,8.9,42.4,2490,2892,,,
5243,36542,37480,36877,28400,600000,1200000,77,3852000,Discharging,19.2,11.3,11.9,13.2,40.1,1634,1921,,,
5245,36408,37882,37078,28400,600000,1200000,77,3854000,Discharging,18.4,12.6,7.1,32.3,21.4,2478,2903,,,
5247,36408,37681,37078,28400,600000,1200000,77,3855000,Discharging,19.9,13.8,9.3,16.7,40.1,2612,2931,,,
5250,36743,38217,37212,28400,600000,1200000,77,3854000,Discharging,18.9,21.6,11.0,19.9,22.9,1690,1932,,,
5252,36676,37882,37011,28400,600000,1200000,77,3849000,Discharging,19.2,12.4,12.7,20.5,31.1,2486,2868,,,
5254,36609,37882,37145,28400,600000,1200000,77,3853000,Discharging,19.1,15.5,15.5,9.7,35.1,2453,2858,,,
5257,36877,37614,37145,28400,600000,1200000,77,3854000,Discharging,18.9,13.5,12.7,19.6,30.0,1757,1980,,,
5259,36810,37949,37413,28400,600000,1200000,77,3853000,Discharging,19.8,12.9,25.3,12.0,28.3,2464,2899,,,
5261,36743,37547,37078,28400,600000,1200000,77,3852000,Discharging,18.5,11.2,11.9,19.8,31.3,2444,2892,,,
5263,36944,37882,37078,28300,600000,1200000,77,3853000,Discharging,19.6,12.8,12.0,22.6,30.8,2462,2890,,,
5266,36542,37547,37212,28300,600000,1200000,77,3852000,Discharging,19.1,16.4,11.1,8.4,40.8,1659,1922,,,
5268,36810,38016,36877,28400,600000,1200000,77,3850000,Discharging,19.4,13.1,8.4,20.0,34.5,2584,2947,,,
5270,37145,37882,37279,28400,600000,1200000,77,3853000,Discharging,18.7,10.7,23.2,8.9,32.3,2436,2884,,,
5273,36475,37949,37279,28400,600000,1200000,77,3852000,Discharging,19.7,12.5,9.3,17.2,39.9,1659,1921,,,
5275,36341,37681,37346,28400,600000,1200000,77,3853000,Discharging,18.9,12.2,7.9,12.7,42.5,2450,2855,,,
5277,36542,37346,36944,28400,600000,1200000,77,3852000,Discharging,19.1,14.3,13.1,23.9,25.3,2614,2962,,,
5279,36676,38083,37078,28400,600000,1200000,77,3853000,Discharging,19.5,16.1,15.0,18.0,28.8,2520,2910,,,
5282,36609,37949,36877,28400,600000,1200000,77,3853000,Discharging,18.6,10.7,5.4,22.5,34.8,1652,1937,,,
5284,36408,37614,37145,28400,600000,1200000,77,3849000,Discharging,19.6,11.1,10.2,15.0,42.3,2460,2888,,,
5286,36877,37949,37078,28400,600000,1200000,77,3852000,Discharging,18.7,13.3,8.0,11.5,41.7,2458,2898,,,
5289,36877,37614,37145,28400,600000,1200000,77,3851000,Discharging,19.7,17.4,9.7,24.1,27.9,1758,1971,,,
5291,36810,38217,37078,28400,600000,1200000,77,3852000,Discharging,19.1,23.1,11.5,19.7,21.8,2534,2904,,,
5293,36743,37681,37413,28400,600000,1200000,77,3849000,Discharging,19.4,15.9,14.5,6.3,40.6,2456,2907,,,
5295,36810,37815,37011,28300,600000,1200000,77,3853000,Discharging,19.5,13.1,24.3,11.4,29.1,2554,2910,,,
5298,36743,37614,36944,28400,600000,1200000,77,3853000,Discharging,19.6,15.0,9.8,14.1,40.1,1723,1963,,,
5300,37011,38083,37078,28400,600000,1200000,77,3851000,Discharging,18.8,11.1,11.9,23.3,28.1,2502,2910,,,
5302,36542,37882,37011,28400,600000,1200000,77,3853000,Discharging,18.9,12.9,27.9,11.5,22.7,2426,2895,,,
5305,36542,37882,37011,28400,600000,1200000,77,3851000,Discharging,19.9,16.3,7.9,26.0,29.8,1656,1916,,,
5307,36408,37480,37011,28400,600000,1200000,77,3851000,Discharging,18.8,13.8,8.4,12.8,40.2,2606,2954,,,
5309,36743,37748,36944,28400,600000,1200000,77,3848000,Discharging,19.8,17.3,13.3,16.7,31.9,2504,2878,,,
5312,36542,37480,37011,28400,600000,1200000,77,3852000,Discharging,19.1,11.6,9.8,37.7,16.2,1679,1939,,,
5314,36877,37547,36944,28400,600000,1200000,77,3851000,Discharging,19.9,19.2,10.6,25.0,24.9,2520,2942,,,
5316,36609,37815,37145,28400,600000,1200000,77,3851000,Discharging,18.6,20.2,10.2,7.1,37.4,2476,2882,,,
5318,36341,38418,37346,28400,600000,1200000,77,3852000,Discharging,19.9,12.1,12.7,41.5,12.9,2582,2938,,,
5321,36542,38083,37279,28300,600000,1200000,77,3852000,Discharging,19.1,12.8,7.9,42.5,13.5,1680,1941,,,
5323,36676,37681,37413,28400,600000,1200000,77,3852000,Discharging,19.5,11.7,9.3,8.8,47.1,2440,2861,,,
5325,36542,37949,36944,28400,600000,1200000,77,3848000,Discharging,19.2,12.4,9.3,27.0,27.8,2486,2894,,,
5328,36810,37547,37011,28400,600000,1200000,77,3851000,Discharging,18.6,11.8,21.7,18.0,22.8,1733,1956,,,
5330,36609,37815,37346,28400,600000,1200000,77,3851000,Discharging,19.6,13.5,6.6,27.4,30.0,2516,2906,,,
5332,36676,38150,37279,28400,600000,1200000,77,3851000,Discharging,18.7,14.2,8.4,16.7,36.1,2435,2879,,,
5334,36609,37748,37145,28400,600000,1200000,77,3851000,Discharging,19.2,11.9,12.9,30.7,21.5,2461,2894,,,
5337,36274,37279,37078,28400,600000,1200000,77,3852000,Discharging,18.8,12.0,11.1,10.7,41.0,1680,1952,,,
5339,36609,37949,37748,28400,600000,1200000,77,3850000,Discharging,19.9,10.6,9.2,28.6,31.3,2598,2979,,,
5341,36542,37681,37614,28400,600000,1200000,77,3848000,Discharging,18.8,16.6,14.2,14.2,30.0,2522,2882,,,
5344,36475,37882,37145,28400,600000,1200000,77,3849000,Discharging,19.6,10.7,9.3,23.9,34.5,1645,1902,,,
5346,36743,37748,37413,28400,600000,1200000,77,3852000,Discharging,19.1,15.1,9.2,13.2,39.5,2505,2911,,,
5348,36542,37815,37145,28400,600000,1200000,77,3851000,Discharging,19.0,18.9,7.9,21.9,26.9,2622,2929,,,
5350,36542,38083,37078,28400,600000,1200000,77,3850000,Discharging,19.5,12.9,12.3,13.9,39.3,2510,2904,,,
5353,36676,37815,36810,28400,600000,1200000,77,3850000,Discharging,18.8,13.8,6.7,38.9,15.0,1662,1910,,,
5355,36408,38351,36877,28400,600000,1200000,77,3850000,Discharging,19.6,15.1,10.6,13.5,39.5,2490,2894,,,
5357,36944,37547,37145,28400,600000,1200000,77,3850000,Discharging,18.9,10.8,19.2,9.7,35.4,2450,2877,,,
5360,36609,37614,37279,28400,600000,1200000,77,3850000,Discharging,19.4,12.1,13.5,32.2,19.7,1707,1964,,,
5362,36542,37279,37011,28400,600000,1200000,77,3850000,Discharging,19.1,14.2,13.3,24.4,24.6,2535,2896,,,
5364,36140,38016,37078,28300,600000,1200000,77,3850000,Discharging,19.7,11.1,14.5,20.4,32.2,2460,2887,,,
5367,36542,37614,36877,28400,600000,1200000,77,3846000,Discharging,18.6,16.5,15.6,15.4,27.2,1686,1939,,,
5369,36408,38083,37279,28400,600000,1200000,77,3851000,Discharging,19.7,15.4,10.6,27.0,26.1,2634,2941,,,
5371,36743,37949,36676,28400,600000,1200000,77,3850000,Discharging,18.8,9.9,11.9,27.1,26.3,2455,2872,,,
5373,36877,37949,37078,28400,600000,1200000,77,3850000,Discharging,19.1,11.1,10.7,20.3,34.1,2460,2919,,,
5376,36475,37681,37078,28400,600000,1200000,77,3849000,Discharging,19.2,9.8,8.8,19.3,39.4,1644,1944,,,
5378,36609,37681,37413,28400,600000,1200000,77,3849000,Discharging,18.9,12.8,9.6,31.9,20.7,2487,2903,,,
5380,36676,37681,37212,28400,600000,1200000,77,3849000,Discharging,19.8,13.5,12.7,20.0,32.0,2665,2959,,,
5383,36609,37748,37145,28400,600000,1200000,77,3847000,Discharging,18.7,11.6,7.1,14.4,41.7,1637,1920,,,
5385,36810,37681,37480,28400,600000,1200000,77,3851000,Discharging,19.5,16.6,11.1,25.1,24.3,2521,2916,,,
5387,36609,37681,37011,28400,600000,1200000,77,3850000,Discharging,18.7,10.7,15.0,11.9,37.3,2403,2906,,,
5389,36408,37681,37212,28400,600000,1200000,77,3850000,Discharging,19.8,14.7,11.3,14.2,38.6,2630,2960,,,
5392,36542,37279,36877,28400,600000,1200000,77,3849000,Discharging,18.8,13.3,8.5,13.7,39.7,1646,1933,,,
5394,36609,37748,36743,28400,600000,1200000,77,3849000,Discharging,19.4,15.8,14.0,12.0,35.6,2507,2902,,,
5396,36743,37748,37212,28400,600000,1200000,77,3849000,Discharging,18.7,12.5,10.7,33.0,18.4,2483,2906,,,
5399,36676,38150,37681,28400,600000,1200000,77,3844000,Discharging,18.9,10.7,9.2,11.9,43.2,1592,1921,,,
5401,36944,37614,37279,28400,600000,1200000,77,3849000,Discharging,19.9,14.1,10.7,25.7,29.4,2652,2954,,,
5403,36877,37815,37212,28400,600000,1200000,77,3849000,Discharging,18.8,9.9,9.6,10.7,44.2,2508,2925,,,
5405,36743,37681,37212,28400,600000,1200000,77,3849000,Discharging,19.2,11.8,13.0,28.5,23.9,2506,2906,,,
5408,36676,37815,37346,28400,600000,1200000,77,3849000,Discharging,18.5,14.9,4.9,13.4,41.0,1631,1932,,,
5410,36743,37681,37413,28400,600000,1200000,77,3849000,Discharging,19.9,14.9,11.1,16.7,36.2,2634,2948,,,
5412,36676,37480,36944,28400,600000,1200000,77,3849000,Discharging,18.6,9.5,7.1,20.1,36.7,2438,2869,,,
5415,36676,37882,36743,28400,600000,1200000,77,3844000,Discharging,19.7,15.2,11.8,12.7,39.3,1647,1930,,,
5417,36676,38083,36877,28400,600000,1200000,77,3848000,Discharging,18.8,12.5,7.0,26.1,30.3,2464,2918,,,
5419,36475,37815,37145,28400,600000,1200000,77,3848000,Discharging,19.2,10.7,11.4,13.7,41.0,2423,2888,,,
5422,36810,37882,37145,28400,600000,1200000,77,3848000,Discharging,19.5,15.5,13.3,15.9,33.2,1722,1952,,,
5424,36609,37480,37346,28400,600000,1200000,77,3846000,Discharging,18.5,14.7,9.4,17.5,31.7,2463,2876,,,
5426,36542,37882,36676,28400,600000,1200000,77,3849000,Discharging,19.8,16.7,10.5,10.6,41.8,2554,2914,,,
5428,36743,37748,37145,28400,600000,1200000,77,3849000,Discharging,18.6,11.2,12.5,8.3,42.5,2428,2884,,,
5431,36408,38016,36877,28400,600000,1200000,77,3850000,Discharging,19.7,19.3,9.1,25.7,24.4,1773,1983,,,
5433,36341,37681,37078,28400,600000,1200000,77,3848000,Discharging,18.8,13.0,18.0,10.2,33.6,2498,2884,,,
5435,36609,37748,37078,28400,600000,1200000,77,3847000,Discharging,19.5,13.3,9.7,17.6,37.7,2506,2896,,,
5438,36810,37681,37279,28400,600000,1200000,77,3847000,Discharging,18.8,13.8,15.5,15.9,30.1,1640,1891,,,
5440,36676,37949,37279,28400,600000,1200000,77,3845000,Discharging,19.4,16.1,13.7,29.2,17.6,2536,2906,,,
5442,36810,37681,36810,28400,600000,1200000,77,3848000,Discharging,19.0,11.7,23.6,24.0,17.3,2598,2906,,,
5444,36475,38351,37145,28400,600000,1200000,77,3848000,Discharging,18.6,11.2,7.9,17.7,38.0,2458,2892,,,
5447,36877,37949,37145,28400,600000,1200000,77,3847000,Discharging,19.6,9.0,8.9,22.1,36.4,1648,1939,,,
5449,36743,37480,37145,28400,600000,1200000,77,3848000,Discharging,18.9,10.7,8.8,13.3,43.0,2402,2882,,,
5451,36810,37815,37145,28400,600000,1200000,77,3848000,Discharging,20.0,14.6,14.7,16.2,34.1,2710,2986,,,
5454,36140,37748,36944,28400,600000,1200000,77,3848000,Discharging,19.3,12.8,8.8,29.3,26.8,1644,1923,,,
5456,36408,37346,36944,28400,600000,1200000,77,3843000,Discharging,19.3,12.1,13.4,33.8,17.6,2500,2902,,,
5458,36475,37949,37413,28400,600000,1200000,77,3846000,Discharging,18.9,11.2,14.0,20.9,29.1,2482,2885,,,
5460,37346,38016,36944,28400,600000,1200000,77,3847000,Discharging,19.5,14.8,10.1,32.5,20.7,2500,2888,,,
5463,36810,38351,37011,28400,600000,1200000,77,3847000,Discharging,18.8,12.4,8.5,20.4,33.3,1733,1961,,,
5465,36743,37815,37145,28400,600000,1200000,77,3848000,Discharging,19.8,12.9,14.2,23.7,27.6,2486,2884,,,
5467,36408,37614,37078,28400,600000,1200000,77,3848000,Discharging,18.7,10.8,12.8,24.2,26.9,2452,2876,,,
5470,36743,37614,37279,28400,600000,1200000,77,3848000,Discharging,18.7,12.8,9.3,24.1,28.2,1640,1936,,,
5472,36810,37815,37480,28400,600000,1200000,77,3842000,Discharging,19.7,11.1,9.8,22.0,35.4,2640,2988,,,
5474,36743,37882,37078,28400,600000,1200000,77,3847000,Discharging,18.9,10.8,10.6,40.1,14.0,2483,2898,,,
5476,36542,37949,37279,28400,600000,1200000,77,3847000,Discharging,19.4,10.3,13.3,17.2,36.7,2516,2927,,,
5479,36810,37681,37011,28400,600000,1200000,77,3847000,Discharging,19.1,10.2,11.4,15.5,39.1,1612,1925,,,
5481,37011,37547,37078,28400,600000,1200000,77,3847000,Discharging,19.6,14.9,12.4,16.2,34.2,2642,2950,,,
5483,36542,37480,37078,28400,600000,1200000,77,3847000,Discharging,18.6,13.5,11.2,23.6,26.6,2491,2922,,,
5486,36609,37413,37011,28400,600000,1200000,77,3847000,Discharging,19.6,14.8,12.8,17.0,33.2,1693,1938,,,
5488,36877,37815,37614,28400,600000,1200000,77,3843000,Discharging,18.4,13.9,12.8,25.2,22.4,2450,2883,,,
5490,36609,37547,37413,28400,600000,1200000,77,3847000,Discharging,19.0,10.7,11.0,27.9,26.4,2419,2840,,,
5493,36676,37882,37145,28400,600000,1200000,77,3847000,Discharging,19.6,18.0,10.3,22.9,27.3,4231,6817,,,
5495,36609,37547,36944,28400,600000,1200000,77,3846000,Discharging,19.1,14.0,9.2,14.5,38.1,5672,9138,,,
5498,36408,37748,37011,28400,600000,1200000,77,3845000,Discharging,19.9,19.8,9.8,15.2,35.0,4499,7442,,,
5500,36341,38016,36810,28400,600000,1200000,77,3848000,Discharging,20.1,16.6,10.0,11.5,41.5,6250,10148,,,
5503,36944,37949,37011,28400,600000,1200000,77,3847000,Discharging,19.5,21.6,16.9,10.4,28.5,4222,6779,,,
5505,36341,38016,37212,28400,600000,1200000,77,3845000,Discharging,19.5,18.3,10.3,17.2,31.4,2985,3826,,,
5508,36475,37748,37145,28400,600000,1200000,77,3845000,Discharging,19.9,18.1,13.9,36.2,12.2,1762,2080,,,
5510,36810,37815,37011,28400,600000,1200000,77,3844000,Discharging,19.5,14.8,8.3,31.6,22.9,2640,3174,,,
5512,36542,37614,37346,28400,600000,1200000,77,3846000,Discharging,20.3,14.3,12.2,23.9,30.7,2670,3054,,,
5515,36810,37949,37011,28400,600000,1200000,77,3847000,Discharging,19.1,12.3,13.0,17.7,33.3,1745,2078,,,
5517,37011,37681,37011,28400,600000,1200000,77,3845000,Discharging,20.4,20.5,18.2,17.0,26.1,2642,3060,,,
5519,36408,37949,37212,28400,600000,1200000,77,3845000,Discharging,19.2,18.0,8.7,9.5,40.8,2578,3134,,,
5522,36609,37882,37212,28400,600000,1200000,77,3845000,Discharging,20.2,22.7,16.9,23.6,17.4,1780,2027,,,
5524,36140,37748,37011,28400,600000,1200000,77,3843000,Discharging,19.6,16.1,10.0,27.9,24.6,2802,3269,,,
5526,36542,37614,36877,28400,600000,1200000,77,3843000,Discharging,20.0,14.1,9.4,13.3,43.7,2640,3194,,,
5529,36341,37480,37011,28400,600000,1200000,77,3845000,Discharging,19.4,13.2,7.9,33.8,22.4,1682,2014,,,
5531,36207,37748,36877,28400,600000,1200000,77,3843000,Discharging,20.2,19.0,10.0,27.6,24.7,2682,3227,,,
5533,36207,37815,37882,28400,600000,1200000,76,3842000,Discharging,23.9,32.5,13.2,15.5,34.2,3552,4592,,,
5536,36408,37815,37078,28400,600000,1200000,76,3845000,Discharging,19.3,14.0,9.2,9.2,44.8,1749,2080,,,
5538,36408,37815,37078,28400,600000,1200000,76,3846000,Discharging,19.9,13.2,10.3,36.2,19.7,2651,3172,,,
5540,37078,37949,37011,28400,600000,1200000,76,3842000,Discharging,19.2,20.0,16.7,14.8,25.0,2618,3048,,,
5543,36408,37882,36944,28400,600000,1200000,76,3845000,Discharging,20.6,19.1,11.7,17.6,34.1,1881,2161,,,
5545,36475,37614,37413,28400,600000,1200000,76,3846000,Discharging,19.2,14.1,13.4,35.8,13.4,2586,3018,,,
5547,36475,37547,37145,28400,600000,1200000,76,3841000,Discharging,20.3,13.4,10.4,21.9,36.1,2632,3152,,,
5550,36542,37882,37346,28400,600000,1200000,76,3844000,Discharging,19.4,15.0,20.7,21.4,19.5,1735,2071,,,
5552,36676,37882,37011,28400,600000,1200000,76,3844000,Discharging,20.0,19.5,10.6,34.6,15.5,2678,3144,,,
