# fw=nextui-performance workload=bloodyroar start=2026-09-13 22:13:54 soak=99C prelaunch=performance/2000000 launch_up=10012.92 max0=2000000 gov=performance devfreq=none,none backlight=none
elapsed_s,cpu_mc,gpu_mc,ddr_mc,bat_mc,cur_khz,max_khz,batt_pct,batt_uv,status,cpu_busy,c0_busy,c1_busy,c2_busy,c3_busy,irq_s,ctxt_s,df0_hz,df1_hz,backlight
10026,44381,43644,43711,29900,2000000,2000000,56,3662000,Discharging,,,,,,,,,,
10028,44448,43443,43778,29800,2000000,2000000,56,3662000,Discharging,9.2,9.0,7.1,9.5,10.9,2496,3164,,,
10030,44582,43577,44448,29800,2000000,2000000,56,3658000,Discharging,11.9,10.3,7.5,16.1,14.1,2645,3435,,,
10032,46257,44783,45252,29900,2000000,2000000,56,3652000,Discharging,15.9,9.6,13.7,18.2,21.5,3212,4325,,,
10034,46592,45319,45587,30000,2000000,2000000,56,3641000,Discharging,17.5,13.3,13.2,25.1,18.0,3312,4334,,,
10036,47798,45252,46257,30000,2000000,2000000,56,3642000,Discharging,19.3,13.1,11.3,24.8,28.2,3318,4362,,,
10038,46860,45855,45989,30000,2000000,2000000,56,3651000,Discharging,17.9,15.4,11.2,29.3,16.5,3598,4763,,,
10041,45855,44515,44783,30000,2000000,2000000,56,3654000,Discharging,11.5,7.2,6.5,18.2,13.2,2107,2901,,,
10043,45051,44381,45185,29900,2000000,2000000,56,3655000,Discharging,11.4,11.3,7.5,10.3,16.8,3296,4478,,,
10045,45386,44783,44783,29900,2000000,2000000,56,3657000,Discharging,11.3,7.7,11.3,10.6,15.6,3058,4082,,,
10047,45721,44314,44917,29900,2000000,2000000,56,3652000,Discharging,11.5,10.3,6.6,14.1,14.7,3222,4445,,,
10049,45185,44180,44649,30000,2000000,2000000,56,3647000,Discharging,11.5,10.0,7.1,15.4,14.3,3194,4130,,,
10051,45453,44515,44515,29900,2000000,2000000,56,3653000,Discharging,11.5,8.6,6.6,16.7,13.4,3184,4380,,,
10053,45520,44582,44716,30000,2000000,2000000,56,3651000,Discharging,12.1,9.0,9.8,13.5,15.9,3250,4434,,,
10056,45051,43845,44448,30000,2000000,2000000,56,3649000,Discharging,11.5,9.4,6.6,16.4,13.6,2171,2998,,,
10058,45252,44113,44783,30000,2000000,2000000,56,3649000,Discharging,11.5,9.0,6.1,10.0,21.1,3058,4113,,,
10060,45520,44515,44582,30000,2000000,2000000,56,3656000,Discharging,11.4,10.0,8.6,12.4,14.6,3176,4144,,,
10062,45453,44314,44984,30000,2000000,2000000,56,3654000,Discharging,11.4,10.4,6.1,10.0,18.8,3214,4408,,,
10064,45386,44180,44783,30000,2000000,2000000,56,3654000,Discharging,11.6,10.4,7.4,10.7,17.7,3427,4734,,,
10066,45252,44381,44381,29900,2000000,2000000,56,3640000,Discharging,11.6,7.6,6.6,17.8,13.7,2996,4061,,,
10068,45185,44247,44180,29900,2000000,2000000,56,3659000,Discharging,11.3,10.0,6.2,14.2,15.5,3091,4084,,,
10071,45319,44113,44649,29900,2000000,2000000,56,3650000,Discharging,11.9,9.1,5.7,15.6,16.5,2110,2756,,,
10073,45185,44582,44850,30000,2000000,2000000,56,3649000,Discharging,11.6,7.5,5.1,23.1,10.2,3310,4626,,,
10075,45922,44314,44582,30000,2000000,2000000,56,3650000,Discharging,11.3,9.1,4.8,17.9,12.9,3017,4093,,,
10077,45654,44448,44582,30000,2000000,2000000,56,3648000,Discharging,11.5,8.7,6.6,16.5,14.0,3062,4110,,,
10079,45118,44314,44448,30000,2000000,2000000,56,3651000,Discharging,11.8,9.6,8.1,16.9,13.1,3240,4212,,,
10081,45453,44582,44582,29900,2000000,2000000,56,3657000,Discharging,11.3,9.0,4.8,12.3,18.8,2988,4068,,,
10083,45185,44515,44381,29900,2000000,2000000,56,3636000,Discharging,11.4,8.7,6.6,20.1,9.5,3038,4077,,,
10085,45319,44113,44582,30000,2000000,2000000,56,3653000,Discharging,11.5,10.5,5.7,9.5,19.7,3048,4090,,,
10088,45252,44046,44247,29900,2000000,2000000,56,3657000,Discharging,11.7,11.8,7.0,16.0,12.7,2031,2731,,,
10090,46525,45118,45587,30000,2000000,2000000,56,3652000,Discharging,16.3,11.4,10.4,23.2,18.9,3392,4436,,,
10092,47597,45453,45855,30000,2000000,2000000,56,3646000,Discharging,19.9,15.1,10.5,27.6,26.9,3254,4324,,,
10094,47262,45386,45855,30000,2000000,2000000,56,3642000,Discharging,20.8,20.1,18.1,19.9,25.2,3427,4384,,,
10096,47061,45453,46123,30000,2000000,2000000,56,3641000,Discharging,20.5,10.0,14.4,27.8,29.7,3222,4318,,,
10098,46458,45453,45520,30000,2000000,2000000,56,3652000,Discharging,15.4,9.6,11.0,22.1,18.3,3223,4360,,,
10100,46257,45453,45587,30000,2000000,2000000,56,3629000,Discharging,15.8,12.8,12.7,21.9,16.4,3385,4428,,,
10103,46458,44850,45386,30000,2000000,2000000,56,3651000,Discharging,15.1,12.9,11.3,23.4,12.9,2158,2913,,,
10105,48803,45922,47664,30100,2000000,2000000,56,3632000,Discharging,26.3,27.8,18.4,29.4,28.8,3608,4788,,,
10107,51014,47061,48334,30000,2000000,2000000,56,3635000,Discharging,29.4,30.0,23.3,29.2,34.9,3632,4698,,,
10109,50880,47463,48870,30100,2000000,2000000,56,3634000,Discharging,30.8,28.7,21.1,38.8,34.7,3728,4790,,,
10111,50746,47396,48669,30200,2000000,2000000,56,3630000,Discharging,29.3,16.7,28.1,36.2,36.0,3698,4773,,,
10113,50746,47262,49004,30100,2000000,2000000,56,3632000,Discharging,29.2,24.6,26.9,27.2,37.7,3603,4688,,,
10116,51617,47262,49138,30100,2000000,2000000,56,3614000,Discharging,29.5,25.9,22.9,26.1,43.0,2349,3091,,,
10118,51282,47999,49205,30100,2000000,2000000,56,3632000,Discharging,29.3,31.6,18.6,31.2,36.0,3754,4724,,,
10120,51282,48200,49205,30100,2000000,2000000,56,3633000,Discharging,28.9,37.0,18.3,32.9,27.8,3836,4782,,,
10122,50411,47798,48937,30100,2000000,2000000,56,3631000,Discharging,29.1,21.3,26.2,35.5,32.9,3574,4703,,,
10124,49942,47061,48267,30100,2000000,2000000,56,3633000,Discharging,23.8,17.7,26.6,21.1,29.9,3448,4531,,,
10126,50411,47262,47999,30100,2000000,2000000,56,3633000,Discharging,25.8,24.2,22.0,22.7,34.3,3520,4652,,,
10128,50277,47664,48401,30200,2000000,2000000,56,3633000,Discharging,25.9,28.9,23.6,24.8,26.3,3522,4596,,,
10131,50545,47396,48468,30200,2000000,2000000,56,3617000,Discharging,26.2,19.2,24.9,31.2,29.1,2408,3125,,,
10133,50411,47463,48334,30200,2000000,2000000,56,3631000,Discharging,26.3,30.3,20.0,28.3,27.2,3624,4636,,,
10135,51014,47195,48535,30200,2000000,2000000,56,3632000,Discharging,26.2,26.4,18.1,28.6,31.2,3526,4627,,,
10137,50679,47731,48602,30200,2000000,2000000,56,3633000,Discharging,25.5,22.7,12.0,31.9,35.7,3490,4646,,,
10139,50478,47396,48602,30200,2000000,2000000,56,3634000,Discharging,25.8,31.8,15.6,27.0,28.2,3620,4678,,,
10141,50545,47262,48669,30200,2000000,2000000,56,3630000,Discharging,25.3,18.8,25.8,31.0,26.3,3694,4717,,,
10144,49741,47396,48066,30200,2000000,2000000,56,3630000,Discharging,21.4,24.4,12.7,21.2,27.1,2339,3023,,,
10146,48200,46257,46927,30100,2000000,2000000,56,3624000,Discharging,16.4,15.6,10.0,16.5,23.5,3300,4300,,,
10148,47731,45989,46525,30100,2000000,2000000,56,3643000,Discharging,16.1,9.2,10.7,25.6,18.3,3314,4338,,,
10150,48267,46257,47329,30200,2000000,2000000,56,3634000,Discharging,19.7,17.2,16.6,20.5,24.8,3393,4394,,,
10152,48066,46592,47664,30100,2000000,2000000,56,3642000,Discharging,18.4,16.2,12.9,25.7,18.6,3378,4266,,,
10154,46927,45587,45788,30100,2000000,2000000,56,3647000,Discharging,11.5,12.4,8.5,8.1,17.5,3142,4186,,,
10156,45855,45453,45252,30100,2000000,2000000,56,3646000,Discharging,11.6,11.4,6.2,15.1,13.1,3026,4080,,,
10159,45989,44917,45185,30100,2000000,2000000,56,3644000,Discharging,11.2,10.4,6.1,15.7,12.7,2054,2732,,,
10161,45922,45051,44984,30100,2000000,2000000,56,3646000,Discharging,11.6,8.7,7.0,13.3,16.9,3073,4108,,,
10163,45788,44381,44783,30000,2000000,2000000,56,3625000,Discharging,11.9,10.9,7.0,17.8,11.4,3230,4196,,,
10165,45788,44716,45587,30000,2000000,2000000,56,3647000,Discharging,11.3,9.1,4.8,14.1,18.1,3033,4093,,,
10167,46123,44917,45118,30100,2000000,2000000,56,3644000,Discharging,11.4,8.6,7.6,9.0,19.2,3052,4132,,,
10169,45922,44247,44984,30100,2000000,2000000,56,3644000,Discharging,11.7,9.9,3.8,17.0,15.8,3092,4120,,,
10171,45922,45118,44917,30100,2000000,2000000,56,3643000,Discharging,11.3,11.0,4.3,17.4,13.3,3204,4152,,,
10173,45721,44582,45118,30100,2000000,2000000,56,3648000,Discharging,10.9,7.7,8.1,13.3,13.8,3119,4106,,,
10176,45453,44046,44716,30000,2000000,2000000,56,3651000,Discharging,11.7,9.0,4.3,18.5,15.3,2005,2714,,,
10178,45520,44515,44917,30000,2000000,2000000,56,3648000,Discharging,11.0,11.9,4.3,14.0,14.4,3050,4092,,,
10180,45788,44984,45118,30000,2000000,2000000,55,3643000,Discharging,12.9,12.9,6.2,14.7,17.1,3265,4486,,,
10182,45855,44917,45051,30100,2000000,2000000,55,3652000,Discharging,11.4,9.6,8.5,16.6,10.0,3217,4174,,,
10184,45587,44247,44850,30000,2000000,2000000,55,3643000,Discharging,11.5,10.0,5.2,17.8,14.1,3054,4118,,,
10186,45989,44917,45051,30100,2000000,2000000,55,3639000,Discharging,11.8,9.0,4.2,14.1,19.3,2991,4100,,,
10188,45386,44515,45319,30100,2000000,2000000,55,3646000,Discharging,11.4,11.4,6.1,15.6,13.3,3109,4110,,,
10191,45654,44381,44850,30000,2000000,2000000,55,3650000,Discharging,11.6,7.2,6.2,17.3,14.6,2010,2727,,,
10193,45587,44247,44850,30000,2000000,2000000,55,3646000,Discharging,11.5,9.1,5.7,19.7,11.3,3228,4164,,,
10195,45788,44381,44783,30000,2000000,2000000,55,3647000,Discharging,11.7,8.2,9.9,18.6,9.8,3084,4100,,,
10197,45654,44448,44850,30000,2000000,2000000,55,3644000,Discharging,11.1,8.5,5.8,13.0,17.9,3032,4130,,,
10199,45654,44314,44716,30100,2000000,2000000,55,3631000,Discharging,10.6,9.1,4.8,13.9,14.3,3072,4104,,,
10201,45319,44448,45185,30000,2000000,2000000,55,3647000,Discharging,11.7,10.4,4.3,13.6,19.2,3018,4102,,,
10203,46257,45319,45185,30100,2000000,2000000,55,3639000,Discharging,14.2,9.0,12.1,19.5,16.1,3346,4328,,,
10205,47061,45587,46659,30100,2000000,2000000,55,3634000,Discharging,18.8,13.3,10.8,22.7,28.2,3255,4340,,,
10208,48066,45788,46860,30100,2000000,2000000,55,3637000,Discharging,20.8,13.4,18.9,31.0,19.2,2251,2903,,,
10210,48200,45989,46391,30100,2000000,2000000,55,3640000,Discharging,20.7,11.1,17.4,23.1,30.8,3300,4358,,,
10212,46994,45788,46123,30000,2000000,2000000,55,3647000,Discharging,15.6,11.4,11.1,17.1,23.0,3225,4304,,,
10214,47329,45654,45989,30000,2000000,2000000,55,3643000,Discharging,14.8,10.5,14.1,19.5,15.2,3369,4410,,,
10216,47061,45721,46257,30100,2000000,2000000,55,3649000,Discharging,15.4,13.3,11.4,19.2,17.5,3283,4360,,,
10218,47530,45788,46257,30100,2000000,2000000,55,3630000,Discharging,18.2,17.0,12.1,21.3,22.6,3311,4378,,,
10220,50143,46860,48066,30200,2000000,2000000,55,3628000,Discharging,29.3,11.9,15.8,47.4,41.5,3532,4706,,,
10223,50277,46927,48669,30200,2000000,2000000,55,3627000,Discharging,29.3,29.8,23.2,29.1,35.5,2550,3209,,,
10225,51014,46793,48937,30200,2000000,2000000,55,3627000,Discharging,29.5,36.8,18.3,40.9,22.4,3615,4666,,,
10227,51483,47664,49339,30300,2000000,2000000,55,3627000,Discharging,29.1,28.8,22.7,30.0,34.1,3570,4658,,,
10229,51952,47731,49473,30200,2000000,2000000,55,3626000,Discharging,29.2,29.7,14.8,33.6,39.0,3640,4716,,,
10231,51550,48267,49205,30200,2000000,2000000,55,3610000,Discharging,28.9,26.0,25.0,32.4,31.9,3538,4655,,,
10233,51550,47999,50143,30300,2000000,2000000,55,3624000,Discharging,29.1,27.8,19.3,33.8,36.1,3793,4752,,,
10236,51885,47932,49339,30300,2000000,2000000,55,3623000,Discharging,29.6,34.5,14.2,36.8,32.6,2446,3146,,,
10238,51349,47999,49205,30300,2000000,2000000,55,3625000,Discharging,29.4,30.5,10.5,38.7,36.9,3676,4710,,,
10240,51349,47932,49339,30300,2000000,2000000,55,3628000,Discharging,28.9,17.5,37.1,39.1,22.3,3548,4659,,,
10242,52086,48200,49406,30400,2000000,2000000,55,3623000,Discharging,29.9,30.0,24.5,32.4,33.2,3694,4724,,,
10244,51550,48334,49205,30300,2000000,2000000,55,3623000,Discharging,27.8,20.4,26.0,35.2,28.8,3717,4688,,,
10246,50344,47530,49004,30300,2000000,2000000,55,3610000,Discharging,23.2,14.3,16.8,20.8,41.2,3418,4510,,,
10248,50880,47932,49004,30300,2000000,2000000,55,3625000,Discharging,25.5,12.3,30.8,30.5,28.3,3490,4643,,,
10251,51081,47597,48937,30300,2000000,2000000,55,3627000,Discharging,26.3,18.5,25.9,29.4,30.7,2336,3064,,,
10253,50411,47664,48937,30300,2000000,2000000,55,3628000,Discharging,25.7,11.4,23.5,30.0,37.7,3512,4633,,,
10255,50612,47463,49071,30400,2000000,2000000,55,3627000,Discharging,26.7,16.8,32.7,35.7,21.0,3634,4667,,,
10257,50545,47463,49004,30300,2000000,2000000,55,3626000,Discharging,25.8,21.9,15.6,30.8,35.7,3472,4603,,,
10259,51416,47530,48937,30400,2000000,2000000,55,3625000,Discharging,26.1,22.2,23.0,30.4,28.4,3628,4685,,,
10261,51617,47731,49138,30300,2000000,2000000,55,3609000,Discharging,25.2,28.1,14.2,24.8,33.5,3517,4614,,,
10264,50545,47865,49205,30400,2000000,2000000,55,3626000,Discharging,25.2,25.0,21.9,25.0,29.2,2489,3141,,,
10266,49138,47329,47731,30300,2000000,2000000,55,3640000,Discharging,20.6,21.1,10.4,31.3,19.0,3372,4486,,,
10268,48200,46458,47061,30200,2000000,2000000,55,3641000,Discharging,15.6,11.8,17.9,20.3,12.4,3327,4326,,,
10270,47932,46391,46994,30300,2000000,2000000,55,3637000,Discharging,17.7,11.4,14.7,21.8,22.2,3372,4524,,,
10272,48535,46726,47597,30400,2000000,2000000,55,3624000,Discharging,19.1,11.8,15.0,20.1,30.0,3328,4390,,,
10274,47530,47195,47530,30300,2000000,2000000,55,3624000,Discharging,17.4,11.0,9.0,19.3,30.0,3445,4393,,,
10276,47128,45587,46324,30200,2000000,2000000,55,3644000,Discharging,11.6,10.5,5.7,22.5,7.5,3065,4088,,,
10279,46525,45319,46190,30200,2000000,2000000,55,3642000,Discharging,11.4,8.1,6.1,15.2,15.5,2029,2739,,,
10281,46056,45319,45654,30200,2000000,2000000,55,3644000,Discharging,11.5,11.4,6.5,19.7,9.0,3034,4135,,,
10283,45989,45118,45989,30200,2000000,2000000,55,3638000,Discharging,10.8,8.1,4.8,19.2,10.4,3072,4130,,,
10285,46257,45252,44850,30200,2000000,2000000,55,3633000,Discharging,12.0,11.4,7.1,12.6,17.2,3222,4185,,,
10287,46056,45118,45520,30300,2000000,2000000,55,3638000,Discharging,11.8,12.0,5.2,15.8,13.3,3042,4110,,,
10289,45788,44984,45319,30200,2000000,2000000,55,3643000,Discharging,11.5,11.0,7.0,18.5,9.5,3094,4126,,,
10291,45721,45520,45386,30200,2000000,2000000,55,3641000,Discharging,11.7,9.9,4.7,11.3,22.0,3046,4114,,,
10294,46324,45319,45453,30200,2000000,2000000,55,3643000,Discharging,11.0,8.2,6.7,18.8,10.0,2063,2768,,,
10296,45855,44850,45386,30200,2000000,2000000,55,3624000,Discharging,11.3,8.1,9.8,19.0,8.2,3168,4148,,,
10298,46257,44582,45319,30200,2000000,2000000,55,3635000,Discharging,12.0,7.7,6.1,12.1,21.1,3072,4144,,,
10300,45922,44649,45118,30200,2000000,2000000,55,3636000,Discharging,11.0,8.1,4.3,27.0,6.5,3008,4124,,,
10302,45855,45118,45185,30200,2000000,2000000,55,3644000,Discharging,11.8,9.0,6.6,21.6,9.1,3047,4143,,,
10304,46123,44984,45185,30100,2000000,2000000,55,3644000,Discharging,11.4,10.5,5.2,15.0,15.0,3212,4180,,,
10306,45922,45252,45252,30100,2000000,2000000,55,3639000,Discharging,11.5,10.9,4.8,12.4,17.4,3050,4110,,,
10308,45922,44984,45520,30200,2000000,2000000,55,3637000,Discharging,11.4,7.7,7.9,16.7,13.2,3064,4110,,,
10311,45721,45185,45453,30200,2000000,2000000,55,3639000,Discharging,11.7,10.0,7.0,17.1,13.1,2020,2742,,,
10313,45922,45051,45453,30100,2000000,2000000,55,3644000,Discharging,11.8,10.3,3.8,21.8,11.4,3047,4115,,,
10315,45453,45118,44783,30200,2000000,2000000,55,3638000,Discharging,11.5,9.1,7.0,15.1,14.6,3102,4108,,,
10317,45855,44917,45118,30200,2000000,2000000,55,3639000,Discharging,11.2,9.1,3.3,21.2,10.8,3072,4105,,,
10319,45587,45118,45386,30100,2000000,2000000,55,3642000,Discharging,11.2,10.1,5.2,13.3,15.8,3104,4127,,,
10321,46056,44381,45185,30100,2000000,2000000,55,3643000,Discharging,11.6,12.9,8.5,11.3,13.3,3044,4078,,,
10323,45788,44649,44984,30200,2000000,2000000,55,3638000,Discharging,11.4,14.6,5.6,14.7,11.4,3156,4138,,,
10326,47262,45118,45922,30200,2000000,2000000,55,3631000,Discharging,15.6,8.3,13.7,18.1,21.5,2253,2916,,,
10328,47865,45721,46927,30200,2000000,2000000,55,3633000,Discharging,19.3,14.4,10.9,19.7,32.7,3335,4345,,,
10330,48133,46056,46525,30200,2000000,2000000,55,3636000,Discharging,20.0,19.1,16.5,25.1,19.7,3338,4352,,,
10332,47798,46257,46927,30300,2000000,2000000,54,3631000,Discharging,21.1,29.2,11.4,25.7,17.5,3378,4344,,,
10334,47731,45989,46793,30200,2000000,2000000,54,3645000,Discharging,16.5,13.8,8.2,18.8,25.1,3515,4740,,,
10336,47664,45252,45989,30200,2000000,2000000,54,3638000,Discharging,15.6,15.1,7.7,22.5,17.0,3370,4383,,,
10338,47597,45587,45922,30200,2000000,2000000,54,3634000,Discharging,15.0,10.0,15.1,23.1,11.9,3276,4392,,,
10341,48334,45989,47061,30300,2000000,2000000,54,3624000,Discharging,19.8,12.8,20.2,20.7,25.0,2189,2930,,,
10343,50478,47329,48602,30400,2000000,2000000,54,3622000,Discharging,29.1,12.3,27.2,43.9,32.5,3498,4633,,,
10345,50947,47664,48602,30400,2000000,2000000,54,3624000,Discharging,27.7,11.9,25.4,41.1,33.3,3516,4670,,,
10347,50880,47731,49339,30400,2000000,2000000,54,3605000,Discharging,27.9,26.4,24.5,28.4,31.8,3782,4714,,,
10349,51617,47999,49540,30400,2000000,2000000,54,3623000,Discharging,28.1,37.6,12.3,36.0,27.1,3634,4696,,,
10351,51952,47597,49540,30400,2000000,2000000,54,3621000,Discharging,28.5,24.2,12.9,37.4,38.6,3600,4673,,,
10353,51550,47932,49339,30400,2000000,2000000,54,3619000,Discharging,27.2,24.8,21.9,26.4,35.5,3625,4681,,,
10356,51081,47664,49540,30400,2000000,2000000,54,3622000,Discharging,28.1,31.1,13.7,34.9,33.2,2467,3161,,,
10358,51818,47932,49138,30400,2000000,2000000,54,3622000,Discharging,27.9,32.4,15.6,44.7,18.4,3599,4688,,,
10360,51885,47664,49808,30400,2000000,2000000,54,3621000,Discharging,27.5,39.0,10.9,22.1,39.1,3654,4690,,,
10362,51885,47999,49473,30400,2000000,2000000,54,3603000,Discharging,27.5,30.3,14.4,19.2,44.9,3517,4630,,,
10364,52086,47865,49473,30400,2000000,2000000,54,3618000,Discharging,27.6,25.0,21.5,38.0,26.4,3592,4664,,,
10366,51684,47731,49473,30400,2000000,2000000,54,3617000,Discharging,28.2,21.6,20.9,34.4,35.5,3744,4730,,,
10369,51483,48334,49540,30400,2000000,2000000,54,3621000,Discharging,28.2,27.7,20.7,31.0,32.9,2399,3128,,,
10371,50746,47664,49071,30400,2000000,2000000,54,3631000,Discharging,24.8,32.7,20.7,20.9,26.1,3510,4507,,,
10373,51081,47731,49138,30400,2000000,2000000,54,3621000,Discharging,25.5,19.0,22.7,25.4,34.3,3491,4558,,,
10375,50746,48066,48937,30400,2000000,2000000,54,3619000,Discharging,25.1,27.6,16.2,32.5,23.9,3502,4564,,,
10377,50947,47597,49004,30400,2000000,2000000,54,3602000,Discharging,25.9,36.4,10.8,21.2,34.7,3648,4580,,,
10379,50880,47463,49205,30400,2000000,2000000,54,3619000,Discharging,25.0,21.0,17.0,28.4,33.5,3420,4537,,,
10381,51349,47932,48602,30400,2000000,2000000,54,3622000,Discharging,25.4,17.8,31.3,31.9,19.4,3482,4566,,,
10384,51416,47597,48803,30400,2000000,2000000,54,3619000,Discharging,24.8,25.7,20.5,26.9,27.5,2358,3073,,,
10386,51148,47664,49071,30400,2000000,2000000,54,3619000,Discharging,25.6,36.0,10.8,30.2,24.8,3468,4538,,,
10388,51014,47798,48937,30400,2000000,2000000,54,3621000,Discharging,24.7,23.1,23.8,31.4,20.6,3609,4621,,,
10390,50679,47865,49071,30400,2000000,2000000,54,3622000,Discharging,25.0,33.6,14.5,30.6,21.9,3564,4572,,,
10392,49071,46927,47865,30400,2000000,2000000,54,3628000,Discharging,17.6,14.3,10.8,19.0,25.8,3324,4321,,,
10394,48401,46592,46793,30400,2000000,2000000,54,3632000,Discharging,16.2,10.8,9.0,21.9,22.9,3210,4287,,,
10396,50009,46391,47128,30500,2000000,2000000,54,3616000,Discharging,19.2,10.6,12.7,22.2,31.2,3405,4350,,,
10399,49205,46994,48133,30500,2000000,2000000,54,3621000,Discharging,19.1,12.0,11.8,23.8,27.7,2205,2878,,,
10401,47731,46324,47195,30400,2000000,2000000,54,3643000,Discharging,14.2,8.6,11.8,18.4,18.2,3202,4272,,,
10403,46726,45788,46123,30400,2000000,2000000,54,3636000,Discharging,11.1,8.6,5.2,13.3,17.4,2962,4020,,,
10405,46860,45453,45855,30400,2000000,2000000,54,3633000,Discharging,12.0,10.3,5.6,8.5,23.0,2958,4032,,,
10407,46458,45453,45721,30400,2000000,2000000,54,3635000,Discharging,11.9,11.0,7.1,11.2,18.8,3192,4161,,,
10409,45855,45252,45386,30400,2000000,2000000,54,3638000,Discharging,11.3,8.1,6.6,14.6,16.0,3033,4110,,,
10411,46324,44716,45788,30400,2000000,2000000,54,3636000,Discharging,11.8,9.5,7.2,13.2,16.8,3124,4152,,,
10414,46190,45185,45654,30400,2000000,2000000,54,3637000,Discharging,11.4,9.8,4.2,14.5,16.4,2070,2755,,,
10416,46190,45118,45520,30400,2000000,2000000,54,3633000,Discharging,11.5,7.7,3.8,22.5,11.7,2980,4096,,,
10418,45855,45520,45721,30400,2000000,2000000,54,3635000,Discharging,11.3,10.5,9.0,13.7,12.8,3230,4194,,,
10420,46257,44984,45319,30400,2000000,2000000,54,3638000,Discharging,11.2,7.7,6.5,15.6,15.2,3041,4128,,,
10422,45922,45252,45051,30300,2000000,2000000,54,3636000,Discharging,12.1,9.5,9.8,17.0,12.2,2999,4056,,,
10424,45855,44917,45453,30400,2000000,2000000,54,3635000,Discharging,11.5,11.8,4.7,21.1,8.0,3070,4106,,,
10426,45587,45386,45453,30400,2000000,2000000,54,3629000,Discharging,11.5,12.0,5.7,17.5,11.3,3055,4108,,,
10429,46391,45453,45587,30400,2000000,2000000,54,3617000,Discharging,11.6,7.6,8.0,18.2,11.4,2130,2774,,,
10431,46324,45185,45654,30300,2000000,2000000,54,3631000,Discharging,11.7,10.5,6.6,12.6,17.3,3019,4101,,,
10433,46056,44984,45252,30400,2000000,2000000,54,3634000,Discharging,11.6,9.1,6.6,18.5,13.1,3116,4148,,,
10435,46257,45118,45453,30300,2000000,2000000,54,3640000,Discharging,11.3,7.2,4.3,15.7,17.1,3020,4086,,,
10437,46190,45051,45252,30300,2000000,2000000,54,3637000,Discharging,11.4,8.6,6.6,16.2,14.5,3007,4072,,,
10439,46123,44850,44984,30300,2000000,2000000,54,3633000,Discharging,11.9,9.0,6.6,14.6,16.9,3200,4169,,,
10441,45520,45185,45319,30400,2000000,2000000,54,3631000,Discharging,11.5,9.5,5.2,11.8,19.1,3038,4097,,,
10443,45855,45185,45185,30400,2000000,2000000,54,3629000,Discharging,11.5,9.6,6.1,18.3,12.3,3042,4067,,,
10446,46056,44850,45185,30300,2000000,2000000,54,3614000,Discharging,11.1,7.2,5.2,17.5,14.5,2030,2751,,,
10448,46123,44783,45520,30300,2000000,2000000,54,3636000,Discharging,11.6,9.4,8.9,13.7,15.3,3163,4140,,,
10450,45922,45453,44984,30300,2000000,2000000,54,3628000,Discharging,11.9,12.3,6.6,17.0,11.3,3088,4112,,,
10452,47329,45654,46123,30300,2000000,2000000,54,3633000,Discharging,17.5,11.4,14.5,24.3,19.5,3224,4324,,,
10454,47798,45453,46525,30400,2000000,2000000,54,3626000,Discharging,20.5,11.7,16.9,18.6,33.8,3322,4352,,,
10456,48401,46257,46994,30400,2000000,2000000,54,3626000,Discharging,20.4,19.4,13.7,25.7,23.6,3308,4372,,,
10458,48133,46123,46927,30400,2000000,2000000,54,3629000,Discharging,18.4,12.9,18.2,19.5,23.1,3448,4404,,,
10461,47731,46659,46592,30300,2000000,2000000,54,3631000,Discharging,15.9,9.2,13.6,22.7,18.4,2184,2889,,,
10463,47999,45989,46659,30400,2000000,2000000,54,3618000,Discharging,16.4,9.1,11.5,26.1,17.7,3308,4348,,,
10465,48468,45989,47128,30400,2000000,2000000,54,3622000,Discharging,19.9,11.8,18.5,17.8,32.1,3297,4344,,,
10467,49004,46391,47731,30400,2000000,2000000,54,3621000,Discharging,18.9,12.6,17.1,25.7,19.5,3282,4294,,,
10469,47195,45587,45587,30400,2000000,2000000,54,3636000,Discharging,11.7,9.5,7.1,13.2,16.5,3199,4186,,,
10471,46525,45051,45319,30300,2000000,2000000,54,3639000,Discharging,11.5,11.4,6.2,20.6,8.5,3064,4112,,,
10473,46391,44850,45386,30300,2000000,2000000,54,3635000,Discharging,11.0,8.6,3.8,11.9,19.7,3030,4102,,,
10476,46525,44984,45520,30400,2000000,2000000,54,3629000,Discharging,11.2,9.0,3.3,10.9,21.7,1971,2693,,,
10478,45855,44984,45185,30400,2000000,2000000,54,3631000,Discharging,11.9,9.0,5.2,14.7,18.3,2998,4081,,,
10480,46190,45185,45453,30400,2000000,2000000,54,3608000,Discharging,11.8,10.0,6.1,19.2,11.9,3248,4196,,,
10482,45989,45185,45453,30400,2000000,2000000,54,3633000,Discharging,11.5,8.1,3.4,12.2,21.3,3004,4088,,,
10484,45453,44783,45051,30400,2000000,2000000,53,3631000,Discharging,11.3,9.5,4.7,18.5,12.7,3035,4087,,,
10486,46391,45051,45386,30300,2000000,2000000,53,3635000,Discharging,13.0,14.1,7.1,16.4,13.7,3193,4432,,,
10488,45654,44716,44984,30400,2000000,2000000,53,3631000,Discharging,11.4,6.8,5.7,15.4,17.0,3028,4061,,,
10490,46257,45118,44984,30400,2000000,2000000,53,3627000,Discharging,11.0,8.6,3.8,15.0,16.3,3130,4172,,,
10493,45252,45051,44582,30400,2000000,2000000,53,3630000,Discharging,11.8,10.8,6.1,17.5,13.3,2039,2746,,,
10495,45855,45185,45185,30400,2000000,2000000,53,3636000,Discharging,11.2,11.8,7.1,15.7,10.0,3078,4129,,,
10497,45453,45051,45252,30300,2000000,2000000,53,3635000,Discharging,11.2,10.0,5.2,16.5,13.8,3107,4107,,,
10499,46056,45051,44783,30400,2000000,2000000,53,3635000,Discharging,11.9,10.0,8.9,18.8,9.4,3213,4197,,,
10501,45453,44984,45587,30400,2000000,2000000,53,3630000,Discharging,11.2,7.8,10.7,10.3,16.1,3018,4149,,,
10503,45788,44850,45051,30400,2000000,2000000,53,3631000,Discharging,11.6,10.4,7.1,9.0,20.1,3066,4104,,,
10505,45520,44850,45453,30400,2000000,2000000,53,3631000,Discharging,11.6,11.7,4.7,9.4,21.1,3003,4122,,,
10508,45587,44716,45319,30400,2000000,2000000,53,3634000,Discharging,11.7,8.1,6.6,9.5,21.2,2027,2757,,,
