# fw=nextui-powersave workload=bloodyroar start=2026-09-13 21:16:07 soak=99C prelaunch=conservative/1200000 launch_up=6545.40 max0=1200000 gov=conservative devfreq=none,none backlight=none
elapsed_s,cpu_mc,gpu_mc,ddr_mc,bat_mc,cur_khz,max_khz,batt_pct,batt_uv,status,cpu_busy,c0_busy,c1_busy,c2_busy,c3_busy,irq_s,ctxt_s,df0_hz,df1_hz,backlight
6558,37614,39021,38217,28600,1200000,1200000,73,3821000,Discharging,,,,,,,,,,
6560,38083,38284,39088,28600,1200000,1200000,73,3813000,Discharging,19.3,16.7,18.6,23.5,18.5,3088,3930,,,
6562,38552,38820,38485,28600,1200000,1200000,73,3808000,Discharging,22.3,16.8,14.3,33.6,24.0,3184,3994,,,
6565,38820,39155,39356,28600,1200000,1200000,73,3804000,Discharging,24.0,18.4,16.1,30.0,31.5,2197,2701,,,
6567,38887,39758,38887,28600,1200000,1200000,73,3818000,Discharging,20.9,19.3,18.8,16.7,28.4,3375,4120,,,
6569,38016,38753,38418,28600,1200000,1200000,73,3815000,Discharging,14.4,10.7,7.0,22.8,17.2,3017,4032,,,
6571,37748,39021,38351,28500,1200000,1200000,73,3804000,Discharging,14.8,9.3,7.9,17.8,24.1,3089,4027,,,
6573,38016,39088,38351,28600,1200000,1200000,73,3809000,Discharging,14.8,10.8,9.8,20.4,18.1,3092,4038,,,
6576,37480,39021,38083,28600,1200000,1200000,73,3808000,Discharging,14.3,11.3,8.0,22.4,14.8,2120,2729,,,
6578,37748,39021,38150,28600,1200000,1200000,73,3809000,Discharging,15.1,12.1,9.7,20.8,18.0,3281,4100,,,
6580,37882,38887,37949,28600,1200000,1200000,73,3813000,Discharging,14.5,8.1,7.4,20.2,22.6,3060,4050,,,
6582,37614,38485,38284,28600,1200000,1200000,73,3811000,Discharging,15.2,12.6,9.8,17.9,20.2,3140,4072,,,
6584,37882,38284,37748,28600,1008000,1200000,73,3807000,Discharging,15.2,10.3,9.1,19.3,21.6,3152,4072,,,
6587,37212,38753,38083,28600,1008000,1200000,73,3814000,Discharging,15.5,13.1,4.6,17.3,27.5,2109,2739,,,
6589,37547,38351,37949,28600,1008000,1200000,73,3813000,Discharging,16.5,10.7,16.1,18.8,21.1,3334,4152,,,
6591,37614,38418,38284,28600,1008000,1200000,73,3811000,Discharging,15.9,12.6,9.7,15.7,25.0,3155,4050,,,
6593,37480,38552,38418,28600,1008000,1200000,73,3811000,Discharging,16.5,13.4,9.8,23.0,19.0,3134,4064,,,
6595,37413,38552,38552,28600,1008000,1200000,73,3813000,Discharging,15.8,12.5,10.9,27.3,13.0,3178,4090,,,
6598,37346,38552,37681,28600,1008000,1200000,73,3813000,Discharging,16.6,12.8,15.8,21.2,16.1,2221,2751,,,
6600,37413,38552,38083,28600,1008000,1200000,73,3812000,Discharging,15.6,16.4,9.1,22.8,15.1,3215,4117,,,
6602,37480,38485,37882,28600,1008000,1200000,73,3814000,Discharging,16.2,13.5,9.7,18.3,22.5,3198,4112,,,
6604,37279,38150,38150,28600,1008000,1200000,73,3815000,Discharging,16.6,13.0,10.1,19.6,22.6,3118,4043,,,
6606,37480,38887,38083,28600,1008000,1200000,73,3811000,Discharging,15.7,10.3,8.8,20.2,24.1,3130,4085,,,
6609,37815,38418,38217,28600,1008000,1200000,73,3813000,Discharging,16.3,15.8,11.5,19.4,18.1,2220,2769,,,
6611,37547,38686,37748,28600,1008000,1200000,73,3814000,Discharging,15.9,13.0,11.1,22.0,17.1,3175,4086,,,
6613,37279,38418,37815,28600,1008000,1200000,73,3817000,Discharging,16.3,16.2,8.3,16.5,25.3,3166,4086,,,
6615,37346,38552,37949,28600,1008000,1200000,73,3817000,Discharging,15.7,15.8,8.8,20.5,16.8,3188,4109,,,
6617,37815,38954,38150,28600,1008000,1200000,73,3812000,Discharging,19.6,17.7,19.7,21.8,19.5,3278,4158,,,
6620,38418,39155,38619,28600,1008000,1200000,73,3809000,Discharging,25.4,20.8,22.5,29.9,27.2,2263,2726,,,
6622,38284,39021,38686,28600,1008000,1200000,73,3810000,Discharging,26.9,27.5,18.7,35.0,26.7,3355,4044,,,
6624,38485,38887,38887,28600,1008000,1200000,73,3810000,Discharging,27.7,29.5,20.3,23.7,37.3,3297,4034,,,
6626,38016,38887,38485,28600,1008000,1200000,73,3814000,Discharging,21.4,16.4,19.2,21.8,27.7,3222,4088,,,
6628,38686,38954,38753,28600,1008000,1200000,73,3810000,Discharging,21.1,21.8,15.5,31.5,15.7,3408,4167,,,
6631,38485,38887,38284,28600,1008000,1200000,73,3811000,Discharging,20.6,14.0,15.5,22.1,29.7,2156,2784,,,
6633,37346,39021,38485,28600,1008000,1200000,73,3802000,Discharging,30.1,35.2,17.7,34.3,34.4,3334,4117,,,
6635,39155,39222,39490,28600,1008000,1200000,73,3803000,Discharging,37.6,20.4,44.0,37.4,47.5,3181,4008,,,
6637,38753,39356,39155,28600,1008000,1200000,73,3804000,Discharging,37.7,26.4,37.0,41.9,46.2,3234,3968,,,
6639,39155,39557,39088,28600,1008000,1200000,73,3807000,Discharging,37.1,26.1,32.3,37.5,52.0,3210,3889,,,
6642,38954,39356,39289,28600,1008000,1200000,73,3803000,Discharging,36.6,33.0,29.5,43.2,40.5,2157,2653,,,
6644,39356,39490,39557,28600,1008000,1200000,73,3804000,Discharging,36.9,21.7,35.3,33.3,56.8,3208,3988,,,
6646,39289,39356,39557,28600,1008000,1200000,73,3805000,Discharging,36.8,25.7,46.4,25.5,50.0,3200,4040,,,
6648,39356,39825,39222,28600,1008000,1200000,73,3802000,Discharging,36.6,33.2,37.4,32.1,43.0,3212,3930,,,
6651,39222,39356,39289,28600,1008000,1200000,73,3801000,Discharging,37.3,39.6,35.0,29.4,45.5,2176,2615,,,
6653,39155,39825,39691,28600,1008000,1200000,73,3806000,Discharging,36.6,40.6,41.6,28.0,35.3,3250,3950,,,
6655,39758,39892,39691,28600,1008000,1200000,73,3802000,Discharging,36.7,19.4,53.4,22.3,52.0,3166,3898,,,
6657,39423,39758,39624,28600,1008000,1200000,73,3805000,Discharging,36.0,41.2,29.4,32.7,40.9,3141,3776,,,
6659,39490,39892,39021,28600,1008000,1200000,73,3805000,Discharging,36.7,22.0,54.1,29.2,41.4,3248,3922,,,
6662,39289,39423,39624,28600,1008000,1200000,73,3804000,Discharging,34.8,20.9,39.0,38.2,40.1,2190,2709,,,
6664,39490,39557,39356,28600,1008000,1200000,73,3801000,Discharging,36.3,43.8,26.5,32.1,43.6,3283,3986,,,
6666,39088,39423,39088,28600,1008000,1200000,73,3810000,Discharging,32.0,27.2,30.5,35.0,34.9,3209,3927,,,
6668,39289,39423,39691,28600,1008000,1200000,73,3805000,Discharging,33.5,41.9,32.3,21.9,38.0,3328,4066,,,
6671,39088,39825,39222,28600,1008000,1200000,73,3801000,Discharging,33.0,24.9,36.4,29.8,41.4,2211,2723,,,
6673,39356,39691,39155,28600,1008000,1200000,73,3801000,Discharging,33.0,42.1,30.8,31.1,28.1,3301,4078,,,
6675,39356,39624,39758,28700,1008000,1200000,73,3801000,Discharging,33.0,29.6,36.7,24.8,40.4,3223,4030,,,
6677,39356,39356,39624,28600,1008000,1200000,73,3804000,Discharging,32.7,24.5,29.4,36.2,40.6,3260,4014,,,
6679,38954,39825,39222,28600,1008000,1200000,73,3801000,Discharging,33.6,24.9,35.6,33.3,40.2,3326,4060,,,
6682,38954,39490,39356,28600,1008000,1200000,73,3804000,Discharging,32.6,27.2,30.0,37.3,35.3,2152,2723,,,
6684,39624,39222,39691,28700,1008000,1200000,73,3803000,Discharging,33.1,35.5,21.6,40.1,35.8,3210,4050,,,
6686,39356,39959,39289,28600,1008000,1200000,73,3801000,Discharging,33.1,25.8,34.3,34.4,37.4,3275,4086,,,
6688,39557,39691,39557,28600,1008000,1200000,73,3811000,Discharging,27.8,31.8,21.2,30.7,27.7,3320,4074,,,
6691,38954,39691,39021,28600,1008000,1200000,73,3812000,Discharging,21.5,21.1,19.5,24.0,21.9,2196,2676,,,
6693,38619,39356,38954,28600,1008000,1200000,73,3811000,Discharging,23.6,16.1,21.6,27.2,28.6,3258,4031,,,
6695,38686,39289,39222,28600,1008000,1200000,73,3800000,Discharging,26.8,24.4,22.7,25.6,34.2,3294,4004,,,
6697,38284,39557,38753,28600,1008000,1200000,73,3811000,Discharging,23.0,17.4,10.9,34.5,29.2,3243,4032,,,
6699,37681,39155,38284,28600,1008000,1200000,73,3813000,Discharging,16.4,12.6,7.8,21.7,24.2,3126,4102,,,
6702,37681,38820,38016,28600,1008000,1200000,73,3814000,Discharging,15.9,17.0,9.1,20.2,18.3,2237,2781,,,
6704,37614,38686,37882,28600,1008000,1200000,73,3809000,Discharging,16.7,13.8,12.4,12.4,27.4,3184,4104,,,
6706,37480,38083,37815,28700,1008000,1200000,73,3807000,Discharging,16.1,13.0,9.2,21.6,21.0,3146,4080,,,
6708,37413,38619,38150,28600,1008000,1200000,73,3806000,Discharging,16.4,13.1,11.5,20.7,19.6,3214,4084,,,
6710,37614,38686,38150,28600,1008000,1200000,73,3807000,Discharging,16.4,10.7,10.9,29.5,15.4,3265,4145,,,
6713,37882,38753,37882,28600,1008000,1200000,73,3808000,Discharging,16.0,10.0,11.7,25.8,15.7,2129,2746,,,
6715,37882,38686,38083,28600,1008000,1200000,73,3813000,Discharging,16.3,13.6,8.8,21.0,21.7,3186,4082,,,
6717,37346,38552,38083,28600,1008000,1200000,73,3804000,Discharging,15.9,13.4,8.2,24.9,17.1,3162,4101,,,
6719,38083,38619,37547,28600,1008000,1200000,73,3806000,Discharging,16.1,15.9,10.3,21.2,16.7,3196,4117,,,
6721,37346,38418,38083,28600,1008000,1200000,73,3807000,Discharging,16.5,12.6,7.3,28.6,17.3,3324,4178,,,
6724,37480,39021,37882,28600,1008000,1200000,73,3806000,Discharging,16.4,14.4,12.5,16.6,22.6,2107,2729,,,
6726,37949,38619,38418,28600,1008000,1200000,73,3808000,Discharging,15.7,17.1,9.2,11.6,24.9,3160,4080,,,
6728,37547,38820,38083,28600,1008000,1200000,73,3802000,Discharging,15.5,14.8,6.9,22.2,17.9,3176,4097,,,
6730,37547,38954,38217,28600,1008000,1200000,73,3807000,Discharging,16.9,16.6,10.0,26.4,14.7,3240,4130,,,
6732,37748,38887,38351,28600,1008000,1200000,73,3809000,Discharging,16.3,15.2,6.5,20.5,22.4,3355,4150,,,
6735,37882,38619,38485,28600,1008000,1200000,72,3809000,Discharging,17.7,13.6,8.7,28.5,19.2,2195,2937,,,
6737,37748,38954,37681,28600,1008000,1200000,72,3806000,Discharging,15.9,14.0,8.7,22.5,18.5,3193,4106,,,
6739,37212,38686,38083,28600,1008000,1200000,72,3808000,Discharging,16.6,19.5,14.3,19.6,13.2,3238,4130,,,
6741,37547,38954,37748,28600,1008000,1200000,72,3808000,Discharging,16.2,16.6,9.2,19.1,19.8,3279,4167,,,
6743,37748,38552,38016,28600,1008000,1200000,72,3813000,Discharging,16.1,10.2,12.8,8.3,32.6,3164,4098,,,
6746,37882,38418,38083,28600,816000,1200000,72,3814000,Discharging,16.9,11.1,15.1,20.5,20.8,2119,2741,,,
6748,38351,38686,38485,28600,816000,1200000,72,3811000,Discharging,21.3,19.6,20.0,21.3,24.0,3316,4163,,,
6750,37815,39155,38284,28600,816000,1200000,72,3803000,Discharging,28.4,26.7,28.8,30.2,27.6,3374,4102,,,
6752,38150,38954,38954,28600,816000,1200000,72,3807000,Discharging,29.8,21.6,22.6,47.0,28.8,3486,4144,,,
6755,38217,39021,38887,28600,816000,1200000,72,3807000,Discharging,30.2,24.4,24.5,33.2,38.4,2258,2759,,,
6757,38083,38753,38418,28600,816000,1200000,72,3810000,Discharging,22.6,17.1,16.3,25.1,31.2,3260,4092,,,
6759,38150,39356,38552,28600,816000,1200000,72,3805000,Discharging,22.7,25.8,14.7,26.0,24.9,3332,4168,,,
6761,38083,38753,38284,28600,816000,1200000,72,3808000,Discharging,22.4,22.0,18.4,26.5,22.4,3468,4269,,,
6764,38619,38753,38820,28600,816000,1200000,72,3805000,Discharging,31.6,28.1,29.0,39.8,29.5,2112,2595,,,
6766,39088,39155,39088,28700,816000,1200000,72,3806000,Discharging,36.9,36.1,39.6,19.2,51.8,3054,3758,,,
6768,39021,39222,38619,28600,816000,1200000,72,3800000,Discharging,36.6,26.4,42.2,23.5,54.5,3114,3779,,,
6770,38887,39624,39155,28600,816000,1200000,72,3800000,Discharging,36.9,42.4,31.8,23.3,50.0,3132,3779,,,
6773,39021,39423,38887,28600,816000,1200000,72,3802000,Discharging,36.1,46.6,37.2,32.0,29.3,2189,2532,,,
6775,39088,39356,39423,28600,816000,1200000,72,3799000,Discharging,36.4,33.9,33.8,29.8,47.0,3071,3736,,,
6777,39356,39222,38887,28600,816000,1200000,72,3801000,Discharging,36.4,23.4,58.1,25.3,38.9,3070,3722,,,
6779,39356,39691,38954,28700,816000,1200000,72,3800000,Discharging,36.8,37.6,44.5,33.3,32.1,3042,3690,,,
6782,39222,39423,39222,28700,816000,1200000,72,3802000,Discharging,36.4,32.0,47.9,31.8,33.6,2208,2587,,,
6784,39155,39557,39222,28600,816000,1200000,72,3798000,Discharging,36.3,40.8,38.5,38.1,27.6,3079,3726,,,
6786,38887,39088,38753,28700,816000,1200000,72,3799000,Discharging,37.1,30.1,39.7,42.6,35.0,2998,3656,,,
6788,39222,39356,39356,28700,816000,1200000,72,3796000,Discharging,36.4,44.3,36.5,29.8,35.4,3108,3679,,,
6791,38351,38887,38619,28700,816000,1200000,72,3803000,Discharging,32.1,27.0,36.8,33.3,31.2,2113,2597,,,
6793,39021,39222,39155,28700,816000,1200000,72,3803000,Discharging,33.9,39.4,36.7,26.8,32.4,3313,3920,,,
6795,38820,38887,38954,28700,816000,1200000,72,3799000,Discharging,33.2,35.0,31.7,37.1,29.0,3094,3846,,,
6797,38485,39356,39289,28700,816000,1200000,72,3800000,Discharging,33.0,32.0,49.1,27.2,24.2,3096,3827,,,
6800,38686,39356,38820,28700,816000,1200000,72,3799000,Discharging,33.3,32.7,35.4,30.6,34.7,2052,2528,,,
6802,39088,39691,39222,28700,816000,1200000,72,3803000,Discharging,33.1,34.8,27.4,35.3,33.8,3088,3792,,,
6804,38820,39222,39289,28700,816000,1200000,72,3802000,Discharging,32.9,32.4,28.3,36.6,35.2,3194,3856,,,
6806,38887,39289,39423,28700,816000,1200000,72,3799000,Discharging,33.6,33.3,30.0,38.1,32.3,3094,3811,,,
6809,38418,39289,39021,28700,816000,1200000,72,3798000,Discharging,33.1,37.8,37.9,29.5,27.5,2104,2572,,,
6811,39088,39021,39155,28600,816000,1200000,72,3798000,Discharging,34.3,46.9,30.8,32.9,26.2,3215,3866,,,
6813,38954,39289,38887,28700,816000,1200000,72,3803000,Discharging,33.4,19.4,36.8,42.7,33.9,3220,3933,,,
6815,38284,39222,39490,28700,816000,1200000,72,3805000,Discharging,27.4,26.4,25.1,36.5,22.3,3173,3964,,,
6818,38217,39758,38686,28700,816000,1200000,72,3807000,Discharging,23.6,18.3,20.2,27.9,27.6,2181,2690,,,
6820,38217,39088,38954,28700,816000,1200000,72,3795000,Discharging,27.8,27.7,30.8,24.7,28.4,3230,4011,,,
6822,39155,39222,39088,28700,816000,1200000,72,3796000,Discharging,30.0,24.8,27.6,37.2,30.4,3400,4112,,,
6824,37748,38954,39624,28600,816000,1200000,72,3809000,Discharging,25.3,25.0,20.5,23.1,32.0,3386,4162,,,
6827,38083,38887,38418,28700,816000,1200000,72,3802000,Discharging,18.3,13.3,14.9,26.2,18.6,2132,2745,,,
6829,37547,39289,38217,28600,816000,1200000,72,3806000,Discharging,18.3,14.4,12.3,25.8,20.0,3203,4094,,,
6831,37681,38820,38217,28700,816000,1200000,72,3804000,Discharging,18.2,18.4,18.6,17.4,19.0,3256,4120,,,
6833,37480,38619,38284,28700,816000,1200000,72,3806000,Discharging,18.7,16.7,19.6,16.4,21.4,3371,4220,,,
6835,38217,38820,37882,28700,816000,1200000,72,3797000,Discharging,18.5,13.4,9.2,18.3,33.3,3168,4092,,,
6838,37480,39021,38150,28700,816000,1200000,72,3802000,Discharging,18.5,12.6,17.0,24.0,19.3,2140,2744,,,
6840,37815,38686,38016,28700,816000,1200000,72,3804000,Discharging,19.0,17.8,14.5,23.8,20.1,3261,4114,,,
6842,37547,38619,38150,28700,816000,1200000,72,3803000,Discharging,18.1,19.1,11.3,22.9,18.9,3220,4084,,,
6844,37547,39155,38083,28700,816000,1200000,72,3809000,Discharging,18.2,11.1,10.4,26.1,25.3,3322,4184,,,
6847,37748,38753,38016,28700,816000,1200000,72,3802000,Discharging,18.6,12.0,18.5,26.8,17.0,2153,2740,,,
6849,37346,38686,38217,28700,816000,1200000,72,3802000,Discharging,18.2,12.9,7.8,26.2,25.8,3152,4082,,,
6851,37413,38686,37815,28700,816000,1200000,72,3803000,Discharging,19.0,14.6,12.7,24.3,24.5,3222,4150,,,
6853,37815,38954,37882,28600,816000,1200000,72,3806000,Discharging,18.4,17.0,15.6,22.3,18.6,3406,4232,,,
6856,37748,38887,37882,28700,816000,1200000,72,3800000,Discharging,18.7,15.7,12.0,17.6,28.8,2154,2771,,,
6858,37681,38686,37748,28600,816000,1200000,72,3804000,Discharging,18.5,14.6,10.5,25.8,22.4,3321,4200,,,
6860,37882,39155,37882,28700,816000,1200000,72,3806000,Discharging,19.5,17.7,15.7,24.4,21.0,3254,4174,,,
6862,37279,38820,37681,28700,816000,1200000,72,3807000,Discharging,18.1,24.4,13.0,22.4,12.2,3304,4156,,,
6865,37413,38887,38217,28700,816000,1200000,72,3801000,Discharging,18.3,8.9,12.3,30.7,20.8,2226,2820,,,
6867,37882,38753,38485,28700,816000,1200000,72,3806000,Discharging,18.7,14.3,11.0,24.9,24.1,3262,4182,,,
6869,37882,38552,38217,28700,816000,1200000,72,3806000,Discharging,18.4,19.2,11.0,23.5,20.0,3290,4194,,,
6871,37681,39155,38418,28600,816000,1200000,72,3806000,Discharging,18.2,16.4,9.5,26.7,20.9,3221,4186,,,
6873,37346,38686,37815,28700,816000,1200000,72,3806000,Discharging,18.3,17.3,12.6,18.2,25.2,3234,4121,,,
6876,37681,38418,38418,28600,816000,1200000,72,3798000,Discharging,24.2,19.8,22.4,26.8,27.5,2291,2774,,,
6878,38418,39356,38083,28700,816000,1200000,72,3803000,Discharging,30.1,21.5,20.5,40.7,37.3,3368,4116,,,
6880,38552,39222,38485,28600,816000,1200000,72,3802000,Discharging,30.6,18.1,27.2,36.3,40.8,3360,4112,,,
6882,38619,39490,38686,28600,816000,1200000,72,3805000,Discharging,26.3,21.5,17.7,36.7,29.1,3307,4062,,,
6885,38418,39222,38351,28600,816000,1200000,72,3809000,Discharging,22.2,18.9,19.6,28.8,21.3,2257,2788,,,
6887,38686,39021,38083,28600,816000,1200000,72,3804000,Discharging,22.6,20.2,18.5,26.1,25.7,3352,4158,,,
6889,38016,39088,38619,28700,816000,1200000,72,3804000,Discharging,22.3,22.1,11.4,29.8,26.0,3318,4196,,,
6891,38485,38887,39155,28700,816000,1200000,72,3801000,Discharging,35.8,17.6,38.5,32.9,54.0,2922,3509,,,
6894,38619,39155,39088,28700,816000,1200000,72,3802000,Discharging,36.1,32.7,47.5,39.2,24.5,1996,2425,,,
6896,39088,39825,39289,28700,816000,1200000,72,3801000,Discharging,36.2,48.0,23.6,43.4,29.7,3120,3612,,,
6898,39021,39222,38418,28700,816000,1200000,72,3802000,Discharging,36.0,33.8,40.8,44.0,25.3,2920,3475,,,
6900,38686,39289,39021,28700,816000,1200000,72,3802000,Discharging,36.7,48.2,39.1,25.9,33.8,2994,3552,,,
6903,38954,39356,38954,28700,816000,1200000,72,3802000,Discharging,35.8,35.2,40.6,28.5,38.7,1971,2364,,,
6905,38887,39423,38954,28700,816000,1200000,72,3797000,Discharging,36.0,24.5,38.1,54.1,26.6,2955,3474,,,
6907,38820,39021,38887,28700,816000,1200000,72,3802000,Discharging,36.6,20.4,52.2,32.3,41.6,2894,3460,,,
6909,38820,39356,39021,28700,816000,1200000,72,3796000,Discharging,35.0,27.7,47.9,38.2,25.9,2848,3458,,,
6912,38887,39356,39088,28700,816000,1200000,72,3799000,Discharging,36.1,19.2,34.4,51.8,39.0,1962,2347,,,
6914,39289,39691,39423,28700,816000,1200000,72,3797000,Discharging,36.0,18.7,50.7,46.4,27.6,2865,3516,,,
6916,39088,39557,39423,28700,816000,1200000,72,3796000,Discharging,36.8,24.9,31.4,42.3,48.0,3102,3600,,,
6918,38887,39356,39423,28700,816000,1200000,72,3794000,Discharging,35.9,52.0,36.0,33.8,22.1,2969,3542,,,
6921,38887,39088,39155,28700,816000,1200000,72,3794000,Discharging,36.3,32.3,41.1,41.4,28.8,1911,2317,,,
6923,38820,39289,39289,28700,816000,1200000,72,3796000,Discharging,35.9,36.7,37.3,36.7,32.9,3018,3554,,,
6925,39088,39021,38954,28700,816000,1200000,72,3797000,Discharging,35.8,28.0,37.8,38.4,39.5,3137,3664,,,
6927,38954,39356,39423,28700,816000,1200000,72,3798000,Discharging,36.7,38.1,38.2,19.5,50.9,2998,3611,,,
6930,38887,39624,38753,28700,816000,1200000,72,3800000,Discharging,35.8,44.7,45.9,22.1,29.3,1994,2388,,,
6932,38820,39222,39289,28700,816000,1200000,72,3799000,Discharging,34.8,38.4,36.7,27.6,37.5,3088,3696,,,
6934,38954,39423,39356,28700,816000,1200000,72,3801000,Discharging,31.5,41.5,37.4,23.9,22.9,3082,3684,,,
6936,38753,39289,39423,28700,816000,1200000,72,3800000,Discharging,33.3,31.4,34.4,33.2,34.4,3094,3698,,,
6939,38887,39289,39021,28700,816000,1200000,72,3798000,Discharging,32.9,26.5,33.2,36.4,35.0,1979,2439,,,
6941,38753,39423,38485,28700,816000,1200000,72,3796000,Discharging,33.3,20.9,43.5,31.1,36.9,2916,3662,,,
6943,38485,39356,39155,28700,816000,1200000,72,3795000,Discharging,32.4,22.1,39.0,33.5,35.1,2958,3721,,,
6945,38954,39423,39088,28700,816000,1200000,72,3800000,Discharging,33.1,39.7,21.8,41.4,29.5,3217,3754,,,
6948,38753,39356,38887,28700,816000,1200000,72,3798000,Discharging,33.5,22.8,48.2,24.7,37.8,1997,2464,,,
6950,38954,39155,39021,28700,816000,1200000,72,3795000,Discharging,32.7,45.2,23.2,29.0,34.1,2988,3625,,,
6952,38686,39222,38820,28700,816000,1200000,72,3795000,Discharging,33.5,35.9,24.4,31.8,42.0,3016,3661,,,
6954,38954,39021,39356,28700,816000,1200000,72,3794000,Discharging,32.9,39.6,39.6,21.5,29.5,3035,3688,,,
6957,38887,39088,39222,28700,816000,1200000,72,3796000,Discharging,33.3,28.4,33.6,35.6,35.9,2110,2504,,,
6959,38954,39088,39356,28700,816000,1200000,72,3794000,Discharging,31.6,18.5,38.7,38.1,30.1,3010,3818,,,
6961,38753,39356,38753,28700,816000,1200000,72,3796000,Discharging,25.0,23.1,30.5,21.5,25.7,3284,4038,,,
6963,38485,39222,39021,28700,816000,1200000,72,3801000,Discharging,24.2,18.1,26.9,23.3,27.6,3350,4044,,,
6966,38753,39557,38954,28700,816000,1200000,72,3794000,Discharging,30.6,15.8,34.5,38.8,32.4,2182,2726,,,
6968,38820,39624,38887,28700,816000,1200000,72,3794000,Discharging,29.9,18.5,34.8,32.6,32.1,3428,4140,,,
6970,38418,38887,38485,28700,816000,1200000,72,3802000,Discharging,18.2,11.6,11.8,20.8,29.0,3165,4131,,,
6972,37614,38820,37547,28700,816000,1200000,72,3801000,Discharging,18.6,14.1,11.8,29.1,20.0,3290,4135,,,
6975,37346,38820,37748,28700,816000,1200000,72,3801000,Discharging,18.1,16.5,8.2,22.8,25.0,2159,2767,,,
6977,37346,38887,38083,28700,816000,1200000,72,3794000,Discharging,19.5,13.4,14.8,28.7,20.6,3438,4234,,,
6979,37882,38418,38619,28700,816000,1200000,72,3797000,Discharging,18.0,15.9,13.0,19.1,23.8,3262,4154,,,
6981,37547,39222,38016,28700,816000,1200000,72,3794000,Discharging,19.2,16.1,15.7,25.0,20.0,3234,4134,,,
6984,37413,39155,38083,28700,816000,1200000,72,3801000,Discharging,18.2,13.8,10.4,34.7,13.7,2178,2787,,,
6986,37078,39155,37949,28700,816000,1200000,72,3804000,Discharging,18.0,16.1,11.3,27.8,17.0,3235,4152,,,
6988,37614,38485,37748,28700,816000,1200000,72,3804000,Discharging,18.8,18.1,13.5,17.8,26.1,3422,4222,,,
6990,37681,38753,37748,28700,816000,1200000,72,3799000,Discharging,17.9,12.9,7.8,33.8,16.2,3207,4176,,,
6992,37614,38552,37748,28700,816000,1200000,72,3799000,Discharging,18.7,13.6,11.9,24.3,25.0,3264,4180,,,
6995,37145,38485,37815,28700,816000,1200000,72,3801000,Discharging,18.4,11.9,10.8,30.7,20.5,2163,2767,,,
6997,37748,38418,38083,28700,816000,1200000,72,3801000,Discharging,18.8,17.1,10.9,24.4,22.4,3450,4276,,,
6999,37346,38619,37882,28700,816000,1200000,72,3805000,Discharging,18.2,12.5,10.8,20.4,29.7,3128,4074,,,
7001,37614,38619,38351,28700,816000,1200000,72,3793000,Discharging,18.5,18.7,11.5,22.5,21.3,3212,4122,,,
7004,37346,38887,37547,28700,816000,1200000,72,3802000,Discharging,18.7,18.3,13.8,24.1,18.5,2172,2759,,,
7006,37681,38485,38150,28700,816000,1200000,72,3803000,Discharging,18.3,14.7,10.0,21.7,25.3,3127,4080,,,
7008,37413,38552,37681,28700,816000,1200000,72,3798000,Discharging,19.0,15.1,12.3,28.6,19.5,3378,4209,,,
7010,37212,38351,38016,28700,816000,1200000,72,3800000,Discharging,18.2,17.1,11.8,22.6,21.7,3287,4184,,,
7013,37748,38619,37748,28700,816000,1200000,72,3799000,Discharging,18.3,18.0,14.5,22.8,17.4,2217,2798,,,
7015,37346,38552,37681,28700,816000,1200000,72,3803000,Discharging,18.1,17.0,12.2,19.6,23.8,3270,4165,,,
7017,37480,38820,37748,28700,816000,1200000,72,3802000,Discharging,18.5,16.1,8.1,25.0,25.5,3294,4191,,,
7019,37949,38954,38351,28700,816000,1200000,72,3800000,Discharging,21.5,19.9,22.1,17.1,27.1,3432,4203,,,
7022,38083,39021,38753,28700,816000,1200000,72,3798000,Discharging,27.4,18.1,26.4,32.1,32.9,2220,2723,,,
7024,38820,39155,39021,28700,816000,1200000,71,3798000,Discharging,32.1,27.9,28.9,41.3,29.7,3572,4486,,,
7026,37949,39356,39155,28700,816000,1200000,71,3797000,Discharging,29.5,25.3,22.3,30.5,39.1,3390,4064,,,
7028,38485,38753,38887,28700,816000,1200000,71,3800000,Discharging,23.8,19.8,18.1,20.8,36.5,3848,5004,,,
7031,38418,38820,38686,28700,816000,1200000,71,3800000,Discharging,23.7,20.1,25.2,19.7,30.6,5009,8229,,,
7033,38150,39356,38619,28700,816000,1200000,71,3793000,Discharging,30.3,27.1,18.3,33.7,42.0,6580,10448,,,
7036,38686,39222,39088,28700,816000,1200000,71,3798000,Discharging,28.3,26.6,23.4,27.4,35.6,5059,8307,,,
7038,37681,38619,38284,28700,816000,1200000,71,3800000,Discharging,19.4,18.8,12.2,27.1,20.3,7262,11644,,,
