# fw=nextui-powersave workload=sonic start=2026-09-13 20:43:06 soak=99C prelaunch=conservative/1200000 launch_up=4564.68 max0=1200000 gov=conservative devfreq=none,none backlight=none
elapsed_s,cpu_mc,gpu_mc,ddr_mc,bat_mc,cur_khz,max_khz,batt_pct,batt_uv,status,cpu_busy,c0_busy,c1_busy,c2_busy,c3_busy,irq_s,ctxt_s,df0_hz,df1_hz,backlight
4577,37078,38485,37413,28200,1200000,1200000,80,3872000,Discharging,,,,,,,,,,
4580,37480,37882,37882,28300,1200000,1200000,80,3871000,Discharging,14.9,11.7,7.0,21.7,19.4,1999,2587,,,
4582,37480,38485,37547,28300,1200000,1200000,80,3868000,Discharging,15.2,11.3,8.6,12.2,29.0,3138,3900,,,
4584,37480,38217,37681,28300,1200000,1200000,80,3878000,Discharging,14.1,11.2,4.2,21.1,19.9,2934,3840,,,
4586,37078,38619,38016,28300,1200000,1200000,80,3874000,Discharging,15.4,11.3,10.7,14.0,25.2,3014,3874,,,
4588,36944,38284,37480,28300,1200000,1200000,80,3873000,Discharging,15.6,16.0,11.6,14.1,21.4,3052,3848,,,
4590,37346,38418,37949,28200,1200000,1200000,80,3873000,Discharging,15.7,10.4,8.8,22.5,20.5,3114,3902,,,
4593,37279,38284,38150,28300,1200000,1200000,80,3873000,Discharging,16.5,15.8,10.7,19.0,20.4,2085,2598,,,
4595,37212,38351,37480,28300,1200000,1200000,80,3866000,Discharging,15.3,12.4,13.8,19.0,16.4,3000,3836,,,
4597,37346,38418,37748,28200,1200000,1200000,80,3874000,Discharging,16.0,14.4,7.9,18.4,23.3,3006,3846,,,
4599,37011,38284,37346,28300,1200000,1200000,80,3873000,Discharging,15.6,15.5,9.6,13.9,23.3,3006,3866,,,
4601,37815,38418,37748,28300,1200000,1200000,79,3872000,Discharging,17.6,14.2,8.8,29.2,18.0,4166,4234,,,
4603,37078,38150,37681,28300,1200000,1200000,79,3873000,Discharging,15.5,13.1,8.3,24.7,16.1,3010,3754,,,
4606,37279,38552,37547,28300,1200000,1200000,79,3874000,Discharging,15.3,13.3,7.0,25.3,14.4,2006,2528,,,
4608,37547,38351,37480,28300,1200000,1200000,79,3864000,Discharging,16.2,12.4,6.1,22.0,25.1,2984,3754,,,
4610,37748,38753,37547,28300,1200000,1200000,79,3871000,Discharging,15.7,9.9,6.0,19.8,27.3,2958,3748,,,
4612,37547,38351,37681,28300,1200000,1200000,79,3870000,Discharging,16.6,13.1,6.5,20.7,25.8,3111,3800,,,
4614,37346,38284,38016,28300,1200000,1200000,79,3870000,Discharging,15.9,8.5,8.3,21.9,25.3,2939,3726,,,
4617,37614,38619,38083,28300,1200000,1200000,79,3873000,Discharging,16.2,15.2,7.0,16.0,25.7,2029,2517,,,
4619,37480,38351,37346,28300,1200000,1200000,79,3868000,Discharging,13.8,9.9,6.5,11.0,27.3,2894,3708,,,
4621,37078,38418,37681,28300,1200000,1200000,79,3864000,Discharging,13.5,9.4,7.0,16.2,21.6,2991,3778,,,
4623,37279,38887,37614,28200,1200000,1200000,79,3876000,Discharging,14.2,11.7,8.8,18.5,16.4,3088,3808,,,
4625,37346,38217,37949,28300,1200000,1200000,79,3872000,Discharging,14.0,11.8,7.0,19.9,17.6,2988,3766,,,
4627,37748,38485,37614,28300,1200000,1200000,79,3871000,Discharging,15.5,12.7,9.3,22.4,17.2,3010,3740,,,
4630,37212,38351,37614,28300,1200000,1200000,79,3870000,Discharging,14.6,12.6,7.0,20.8,17.8,2014,2521,,,
4632,37212,38619,37681,28300,1200000,1200000,79,3870000,Discharging,14.8,12.0,11.1,19.7,16.4,3168,3841,,,
4634,37279,38753,38083,28300,1200000,1200000,79,3871000,Discharging,14.8,10.3,8.8,22.8,17.9,2998,3786,,,
4636,37614,38418,37346,28300,1200000,1200000,79,3873000,Discharging,15.0,11.5,7.1,22.1,18.1,4992,7804,,,
4639,37882,38351,38083,28300,1200000,1200000,79,3873000,Discharging,15.8,14.2,7.5,22.7,19.2,4171,6735,,,
4641,37279,38485,37748,28300,1200000,1200000,79,3869000,Discharging,15.7,14.6,8.6,24.9,14.7,6831,11226,,,
4644,37413,38552,37681,28300,1200000,1200000,79,3869000,Discharging,15.7,13.4,5.8,12.6,31.4,4519,7357,,,
4646,36944,38753,38083,28300,1200000,1200000,79,3864000,Discharging,15.9,17.3,7.4,17.1,21.7,6771,11114,,,
4648,37346,38150,38284,28300,1200000,1200000,79,3871000,Discharging,15.9,12.0,6.3,26.7,17.5,5678,9078,,,
4651,37346,38351,38284,28300,1200000,1200000,79,3871000,Discharging,16.6,16.1,7.7,19.8,22.4,2141,2757,,,
4653,37346,38753,37681,28300,1200000,1200000,79,3870000,Discharging,16.0,16.3,10.6,16.9,21.1,3262,4112,,,
4655,37480,38552,37681,28300,1200000,1200000,79,3865000,Discharging,16.1,14.7,7.8,21.9,18.8,3095,3924,,,
4657,37480,38485,37949,28300,1200000,1200000,79,3872000,Discharging,16.9,11.5,10.9,18.2,26.5,3161,4094,,,
4660,37748,38418,37681,28300,1200000,1200000,79,3871000,Discharging,16.6,16.8,6.3,22.6,20.9,2121,2810,,,
4662,37681,38418,38083,28300,1200000,1200000,79,3872000,Discharging,17.1,11.1,9.9,29.4,18.6,3194,4126,,,
4664,37748,38954,37949,28300,1200000,1200000,79,3871000,Discharging,16.5,19.9,7.7,16.4,22.4,3218,4067,,,
4666,37480,38552,37815,28300,1200000,1200000,79,3873000,Discharging,16.3,16.8,7.8,16.4,24.2,2980,3790,,,
4668,37681,38217,37480,28300,1200000,1200000,79,3867000,Discharging,14.5,16.4,8.1,20.9,13.2,3218,4259,,,
4671,37212,37882,37748,28300,1200000,1200000,79,3868000,Discharging,14.0,12.0,10.6,16.8,16.2,2063,2666,,,
4673,37346,37949,37413,28300,1200000,1200000,79,3874000,Discharging,14.9,13.8,9.4,13.4,24.1,3397,4320,,,
4675,37882,38351,38217,28300,1200000,1200000,79,3870000,Discharging,14.7,13.3,7.7,18.3,19.3,3074,3964,,,
4677,37212,38485,38217,28300,1200000,1200000,79,3869000,Discharging,15.5,17.4,9.6,17.4,16.9,3562,4752,,,
4680,37011,38552,37748,28300,1200000,1200000,79,3869000,Discharging,15.6,14.4,7.2,17.9,23.4,2062,2660,,,
4682,37547,38418,38083,28300,1200000,1200000,79,3872000,Discharging,15.9,15.1,7.7,18.6,22.4,3334,4318,,,
4684,37815,38016,37681,28300,1200000,1200000,79,3872000,Discharging,15.1,14.1,7.8,22.3,16.5,3318,4176,,,
4686,37480,38753,37815,28300,1200000,1200000,79,3866000,Discharging,15.8,14.2,11.1,12.7,24.9,3274,4181,,,
4688,37279,38552,37681,28300,1200000,1200000,79,3872000,Discharging,16.3,13.3,4.6,27.3,19.6,3078,4015,,,
4691,37681,38284,37614,28300,1200000,1200000,79,3871000,Discharging,15.9,14.7,7.8,26.9,14.1,2126,2778,,,
4693,37346,38284,37681,28300,1200000,1200000,79,3871000,Discharging,16.5,18.3,7.4,18.6,21.0,3294,4074,,,
4695,37480,38351,37882,28300,1200000,1200000,79,3870000,Discharging,15.8,14.2,12.3,18.6,18.7,3218,4159,,,
4697,37413,38619,37748,28300,1200000,1200000,79,3861000,Discharging,16.2,12.1,8.2,23.7,20.6,3153,4038,,,
4700,37614,38485,38351,28300,1200000,1200000,79,3868000,Discharging,16.2,15.0,8.7,23.4,17.4,2031,2580,,,
4702,37748,38619,37815,28300,1200000,1200000,79,3868000,Discharging,16.4,19.2,11.4,17.9,17.8,3180,3950,,,
4704,37547,38552,37949,28300,1200000,1200000,79,3869000,Discharging,15.7,13.0,8.6,20.0,20.2,3324,4166,,,
4706,37413,38284,37547,28300,1200000,1200000,79,3869000,Discharging,15.6,14.3,5.4,24.2,18.5,3267,4267,,,
4708,37480,38351,37748,28300,1200000,1200000,79,3868000,Discharging,16.1,18.0,8.2,21.6,16.6,3177,4009,,,
4711,37681,38418,37882,28300,1200000,1200000,79,3867000,Discharging,15.7,14.7,8.1,16.9,23.7,2117,2724,,,
4713,37882,38284,38217,28300,1200000,1200000,79,3868000,Discharging,16.4,18.6,5.5,16.9,24.4,3172,3965,,,
4715,37413,38485,38016,28300,1200000,1200000,79,3867000,Discharging,16.1,12.3,6.8,13.7,32.0,3280,4197,,,
4717,37279,38284,37815,28300,1200000,1200000,79,3865000,Discharging,14.9,14.1,8.7,11.4,25.7,3288,4330,,,
4720,37279,38686,37547,28300,1008000,1200000,79,3869000,Discharging,15.8,18.2,8.5,22.2,13.6,2147,2732,,,
4722,37413,38150,37681,28300,1008000,1200000,79,3874000,Discharging,15.7,16.7,9.0,23.2,14.3,3176,3956,,,
4724,37279,38418,37748,28300,1008000,1200000,79,3869000,Discharging,17.2,14.9,11.2,23.4,19.6,3372,4136,,,
4726,37279,38351,37413,28300,1008000,1200000,79,3871000,Discharging,17.6,15.6,13.1,24.1,17.7,3148,4030,,,
4729,37212,38485,37346,28300,1008000,1200000,79,3869000,Discharging,17.6,15.9,13.1,19.5,21.3,2251,2972,,,
4731,37212,38418,37614,28300,1008000,1200000,79,3867000,Discharging,17.2,16.7,8.6,27.0,16.1,3224,4058,,,
4733,37145,38552,37882,28300,1008000,1200000,79,3870000,Discharging,18.0,16.0,10.5,27.0,17.9,3216,4062,,,
4735,37480,38753,37413,28300,1008000,1200000,79,3870000,Discharging,18.1,15.7,8.3,20.9,28.5,3160,3877,,,
4737,37145,38016,38016,28300,1008000,1200000,79,3872000,Discharging,17.7,18.1,9.7,20.3,22.2,3066,3812,,,
4740,37346,38418,37681,28300,1008000,1200000,79,3868000,Discharging,17.2,19.5,7.4,20.5,22.7,2026,2523,,,
4742,37011,38351,38083,28300,1008000,1200000,79,3867000,Discharging,17.6,17.2,7.0,22.0,22.9,3034,3794,,,
4744,37078,38619,37614,28300,1008000,1200000,79,3867000,Discharging,18.5,13.9,13.2,15.6,31.8,3181,3852,,,
4746,37681,38351,37480,28300,1008000,1200000,79,3868000,Discharging,18.0,12.1,10.6,29.0,20.3,3014,3764,,,
4748,37614,38083,37480,28300,1008000,1200000,79,3869000,Discharging,18.6,18.1,10.1,17.6,28.5,3062,3804,,,
4751,37145,38552,37614,28300,1008000,1200000,79,3867000,Discharging,17.9,13.6,12.2,27.5,17.7,2035,2523,,,
4753,37078,38150,37681,28300,1008000,1200000,79,3868000,Discharging,18.1,18.4,10.1,21.8,22.5,3026,3763,,,
4755,36944,38150,37614,28300,1008000,1200000,79,3868000,Discharging,17.3,12.6,7.0,30.4,18.7,3146,3814,,,
4757,37480,38150,37547,28300,1008000,1200000,79,3865000,Discharging,17.0,15.3,12.4,23.3,17.0,3072,3798,,,
4759,37346,38016,37346,28300,1008000,1200000,79,3864000,Discharging,16.2,15.0,8.3,23.1,18.7,2986,3758,,,
4762,37011,38619,37145,28300,1008000,1200000,79,3868000,Discharging,15.8,16.6,10.6,14.1,21.0,2040,2527,,,
4764,37078,38150,37748,28300,1008000,1200000,79,3871000,Discharging,15.4,12.1,6.5,26.6,17.5,2980,3806,,,
4766,37212,38016,37547,28300,1008000,1200000,79,3870000,Discharging,16.6,16.0,7.8,21.2,20.8,3162,3818,,,
4768,37547,38351,37614,28300,1008000,1200000,79,3870000,Discharging,17.1,11.7,10.1,32.0,15.0,3036,3796,,,
4770,37145,38284,37212,28300,1008000,1200000,79,3869000,Discharging,16.8,13.0,13.1,23.9,16.2,2999,3783,,,
4773,37212,38217,37748,28300,1008000,1200000,79,3867000,Discharging,16.5,10.0,10.6,20.0,24.4,2029,2522,,,
4775,36810,38418,38217,28300,1008000,1200000,79,3868000,Discharging,17.7,15.3,9.6,20.2,25.1,3131,3844,,,
4777,36944,37882,37681,28300,1008000,1200000,79,3868000,Discharging,17.3,17.5,13.4,22.9,15.7,3086,3792,,,
4779,37078,37949,37681,28300,1008000,1200000,79,3868000,Discharging,18.5,17.6,13.8,15.7,27.1,3064,3802,,,
4781,37078,38351,37815,28300,1008000,1200000,79,3867000,Discharging,17.6,13.0,8.3,16.6,31.8,2984,3756,,,
4784,37145,38351,37748,28300,1008000,1200000,79,3868000,Discharging,18.0,11.7,12.8,21.7,25.8,2018,2510,,,
4786,37212,38485,37681,28300,1008000,1200000,79,3867000,Discharging,17.7,12.0,9.6,24.0,25.5,3153,3839,,,
4788,37212,38619,37614,28300,1008000,1200000,79,3866000,Discharging,17.7,9.0,7.9,28.2,24.9,2952,3797,,,
4790,37078,38150,37346,28300,1008000,1200000,79,3866000,Discharging,17.7,13.0,8.2,28.6,21.2,3012,3802,,,
4792,37346,38217,37681,28300,1008000,1200000,79,3865000,Discharging,17.3,10.3,8.3,17.4,32.7,3006,3720,,,
4795,37547,38150,37547,28300,1008000,1200000,79,3865000,Discharging,17.8,11.4,7.4,28.6,23.5,1929,2455,,,
4797,37547,38619,37949,28300,1008000,1200000,79,3866000,Discharging,18.0,11.3,10.5,34.9,16.0,3097,3760,,,
4799,37279,38619,37748,28300,1008000,1200000,79,3867000,Discharging,18.1,13.2,8.8,30.7,18.9,2938,3728,,,
4801,37346,38217,37748,28300,1008000,1200000,79,3867000,Discharging,17.6,13.0,7.9,30.0,19.3,2986,3721,,,
4803,37212,38619,38083,28300,1008000,1200000,79,3867000,Discharging,18.2,16.9,9.6,23.9,23.3,2993,3748,,,
4806,37346,38284,37681,28300,1008000,1200000,79,3869000,Discharging,16.9,15.4,12.8,12.0,26.9,2084,2521,,,
4808,37078,38217,37413,28300,1008000,1200000,79,3860000,Discharging,16.0,16.0,11.9,10.7,25.5,2978,3711,,,
4810,36743,38217,37480,28300,1008000,1200000,79,3872000,Discharging,15.0,8.9,5.6,30.3,14.6,2840,3697,,,
4812,36475,37949,37681,28300,1008000,1200000,79,3872000,Discharging,15.1,13.6,8.8,15.7,22.7,2950,3707,,,
4814,37480,38485,37480,28300,1008000,1200000,79,3867000,Discharging,16.9,12.9,9.6,19.9,24.5,2988,3720,,,
4817,37279,38418,37547,28300,1008000,1200000,79,3867000,Discharging,17.2,14.8,8.2,25.8,19.7,2063,2508,,,
4819,37212,38619,37614,28300,1008000,1200000,79,3867000,Discharging,17.3,12.0,11.1,24.7,22.1,2924,3702,,,
4821,37279,38083,37882,28300,1008000,1200000,79,3869000,Discharging,16.4,12.3,12.9,20.3,19.1,2988,3732,,,
4823,37212,38485,37614,28300,1008000,1200000,79,3866000,Discharging,17.1,13.1,10.5,25.6,19.4,2940,3686,,,
4825,37279,38351,37279,28300,1008000,1200000,79,3865000,Discharging,17.6,12.6,9.1,22.4,26.4,2950,3732,,,
4828,37346,38485,37413,28300,1008000,1200000,79,3865000,Discharging,17.6,17.7,9.2,25.0,18.6,2072,2511,,,
4830,37145,38150,37547,28300,1008000,1200000,79,3866000,Discharging,18.0,12.1,7.3,21.8,30.7,2962,3730,,,
4832,37748,38418,37681,28300,1008000,1200000,79,3864000,Discharging,17.7,18.0,7.5,18.0,26.8,3020,3713,,,
4834,36810,37882,37882,28300,1008000,1200000,79,3863000,Discharging,18.1,14.7,11.5,17.4,29.0,2907,3670,,,
4836,37480,38351,37748,28300,1008000,1200000,79,3863000,Discharging,17.4,11.6,6.5,27.4,23.3,3119,3774,,,
4839,36877,38418,37949,28300,1008000,1200000,79,3859000,Discharging,18.3,12.4,8.3,20.5,33.0,1956,2496,,,
4841,37547,38887,37413,28300,1008000,1200000,79,3864000,Discharging,17.6,18.8,14.5,10.2,25.7,3078,3782,,,
4843,37413,38284,38016,28300,1008000,1200000,79,3859000,Discharging,17.6,17.8,9.6,21.5,22.3,3089,3820,,,
4845,36944,38217,37614,28300,1008000,1200000,79,3866000,Discharging,17.9,14.8,10.0,22.5,24.9,3023,3778,,,
4847,37413,38753,37882,28300,1008000,1200000,79,3866000,Discharging,18.1,17.1,9.2,18.0,28.1,3193,3847,,,
4850,37346,38351,37413,28300,1008000,1200000,79,3865000,Discharging,18.6,10.2,13.1,17.2,33.8,1994,2508,,,
4852,37145,38217,37681,28300,1008000,1200000,79,3865000,Discharging,17.5,11.2,7.4,30.8,20.4,3004,3756,,,
4854,37279,38351,37882,28300,1008000,1200000,79,3865000,Discharging,18.1,14.4,12.7,21.2,24.0,3004,3782,,,
4856,37279,38753,37681,28300,1008000,1200000,79,3864000,Discharging,15.1,9.8,7.8,11.9,31.1,2976,3773,,,
4858,37078,37949,37480,28300,1008000,1200000,79,3865000,Discharging,15.6,11.3,5.1,19.3,26.0,3098,3836,,,
4861,36944,38351,37681,28300,1008000,1200000,79,3871000,Discharging,15.5,13.0,10.4,14.8,24.2,1987,2522,,,
4863,36944,38016,37346,28300,1008000,1200000,79,3867000,Discharging,15.9,14.9,8.8,14.3,25.2,3002,3751,,,
4865,37145,38351,38016,28300,1008000,1200000,79,3866000,Discharging,17.2,14.0,11.5,25.7,17.5,3032,3795,,,
4867,37011,38284,37614,28300,1008000,1200000,79,3864000,Discharging,17.0,14.9,14.2,19.9,19.4,3192,3852,,,
4869,37480,38351,37480,28300,1008000,1200000,79,3866000,Discharging,16.5,14.8,8.8,25.5,17.0,3016,3777,,,
4872,37212,38083,37480,28300,1008000,1200000,79,3869000,Discharging,16.4,15.7,12.4,12.0,24.4,2050,2525,,,
4874,37011,38284,37949,28300,1008000,1200000,79,3865000,Discharging,17.4,11.8,14.7,26.0,16.8,3037,3792,,,
4876,37279,38217,37815,28300,1008000,1200000,79,3866000,Discharging,17.6,15.8,9.6,24.5,21.0,3052,3810,,,
4878,37145,38619,37547,28300,1008000,1200000,79,3865000,Discharging,17.7,13.0,12.0,26.7,18.3,3178,3842,,,
4880,37212,38351,37614,28300,1008000,1200000,79,3864000,Discharging,17.7,15.0,10.5,18.9,26.5,3038,3807,,,
4883,36810,38016,37480,28300,1008000,1200000,79,3863000,Discharging,16.9,16.7,7.9,22.2,21.7,2048,2530,,,
4885,37212,38351,37614,28300,1008000,1200000,79,3863000,Discharging,17.6,11.2,12.4,26.7,20.0,2982,3795,,,
4887,36877,38351,37480,28300,1008000,1200000,79,3863000,Discharging,17.1,14.0,7.4,23.5,22.6,2991,3759,,,
4889,37212,38083,37480,28300,1008000,1200000,79,3860000,Discharging,18.0,14.4,12.7,21.2,24.0,3169,3834,,,
4891,37078,38284,37748,28300,1008000,1200000,79,3865000,Discharging,16.7,12.6,11.6,24.7,18.0,3052,3793,,,
4894,37413,38619,38016,28300,1008000,1200000,79,3864000,Discharging,17.5,10.6,7.9,24.5,25.8,2001,2497,,,
4896,36944,38150,38150,28400,1008000,1200000,79,3864000,Discharging,17.2,12.6,12.4,28.6,16.0,2990,3787,,,
4898,37011,37748,37078,28300,1008000,1200000,79,3864000,Discharging,17.1,16.7,9.6,25.3,16.9,3178,3847,,,
4900,36944,38083,37681,28300,1008000,1200000,79,3859000,Discharging,18.0,13.4,9.7,26.0,22.9,3010,3752,,,
4902,37212,38552,37614,28300,1008000,1200000,79,3867000,Discharging,17.3,11.7,6.9,28.3,22.5,3022,3775,,,
4905,36810,37949,37346,28300,1008000,1200000,79,3862000,Discharging,16.3,8.5,11.9,25.9,18.2,1997,2514,,,
4907,37279,38083,37815,28300,1008000,1200000,79,3862000,Discharging,15.7,9.3,6.9,21.8,24.5,2963,3768,,,
4909,37078,37882,37413,28300,1008000,1200000,79,3870000,Discharging,15.7,15.8,9.3,16.9,20.2,3132,3815,,,
4911,37212,38418,37547,28300,1008000,1200000,79,3869000,Discharging,15.8,13.5,9.7,21.4,18.3,3067,3826,,,
4913,37480,38083,37882,28300,1008000,1200000,78,3861000,Discharging,18.0,15.9,10.4,24.4,22.4,3172,4123,,,
4916,36877,38217,37413,28300,1008000,1200000,78,3862000,Discharging,17.0,13.0,8.8,20.2,26.0,1988,2532,,,
4918,37279,38418,37480,28300,1008000,1200000,78,3863000,Discharging,16.9,15.2,7.9,19.3,23.9,3110,3834,,,
4920,37145,38217,37346,28300,1008000,1200000,78,3863000,Discharging,17.1,16.0,9.6,24.3,19.5,3150,3836,,,
4922,37480,38150,37614,28300,1008000,1200000,78,3864000,Discharging,17.9,14.8,12.3,30.6,14.2,3081,3776,,,
4924,37011,38552,37480,28400,1008000,1200000,78,3862000,Discharging,18.0,19.9,10.6,26.4,15.2,3086,3798,,,
4927,37212,38418,37681,28300,1008000,1200000,78,3862000,Discharging,17.6,13.0,9.7,32.4,14.9,2021,2535,,,
4929,37212,38284,38016,28300,1008000,1200000,78,3862000,Discharging,18.3,12.3,7.8,25.7,26.8,3188,3880,,,
4931,37413,38485,37346,28300,1008000,1200000,78,3862000,Discharging,17.9,14.7,8.7,21.0,27.4,3040,3808,,,
4933,37279,38217,37614,28300,1008000,1200000,78,3862000,Discharging,17.7,17.1,6.5,20.6,26.1,3037,3780,,,
4935,37011,38485,37748,28300,1008000,1200000,78,3858000,Discharging,18.2,13.1,10.0,28.5,21.0,3022,3746,,,
4938,37346,38217,37815,28300,1008000,1200000,78,3864000,Discharging,18.1,12.6,9.0,25.3,25.7,2004,2523,,,
4940,37346,38351,37949,28300,1008000,1200000,78,3863000,Discharging,18.4,14.4,9.3,17.4,32.1,3165,3838,,,
4942,37011,38418,37346,28300,1008000,1200000,78,3862000,Discharging,17.6,15.3,13.6,25.9,15.1,3136,3812,,,
4944,37078,38351,37346,28300,1008000,1200000,78,3864000,Discharging,16.9,15.7,7.4,23.1,22.5,2994,3778,,,
4946,36676,37614,37614,28400,1008000,1200000,78,3856000,Discharging,16.0,11.3,8.3,25.1,18.4,3006,3756,,,
4949,37145,38284,37413,28300,1008000,1200000,78,3868000,Discharging,15.8,12.6,6.9,24.1,19.4,2069,2542,,,
4951,37815,38150,37748,28300,1008000,1200000,78,3868000,Discharging,15.9,17.3,8.3,12.0,25.3,3062,3794,,,
4953,37279,38284,37413,28400,1008000,1200000,78,3863000,Discharging,16.1,12.1,7.9,18.2,26.7,3002,3790,,,
4955,37547,38217,37748,28300,1008000,1200000,78,3863000,Discharging,17.5,20.6,9.6,23.2,15.9,3066,3802,,,
4957,37011,38284,37614,28300,1008000,1200000,78,3862000,Discharging,16.6,14.3,9.7,28.6,14.7,3022,3771,,,
4960,37212,38351,37480,28300,1008000,1200000,78,3867000,Discharging,16.9,14.9,9.6,21.2,22.1,2111,2531,,,
4962,37011,38217,37614,28300,1008000,1200000,78,3863000,Discharging,17.1,11.6,9.8,26.9,19.3,3012,3778,,,
4964,37413,38150,37681,28400,1008000,1200000,78,3862000,Discharging,18.2,17.8,6.0,17.7,31.7,3060,3772,,,
4966,37011,38351,37815,28300,1008000,1200000,78,3862000,Discharging,17.4,11.7,7.4,30.1,20.5,3011,3794,,,
4968,37145,38150,37413,28400,1008000,1200000,78,3862000,Discharging,17.6,10.7,9.7,28.5,21.2,2988,3795,,,
4971,37279,38217,37480,28400,1008000,1200000,78,3855000,Discharging,18.2,9.9,9.1,27.3,26.3,2078,2566,,,
4973,37011,38083,37882,28300,1008000,1200000,78,3860000,Discharging,18.0,19.9,10.5,17.0,24.1,3087,3798,,,
4975,37547,38083,38016,28400,1008000,1200000,78,3860000,Discharging,17.6,11.7,13.9,16.4,29.1,3012,3773,,,
4977,37279,38284,37480,28400,1008000,1200000,78,3861000,Discharging,17.5,15.4,12.8,22.6,18.5,3051,3773,,,
4979,37279,38217,37815,28300,1008000,1200000,78,3862000,Discharging,18.3,15.3,11.4,27.1,20.0,3202,3882,,,
4982,37145,38284,37681,28400,1008000,1200000,78,3856000,Discharging,17.4,18.0,6.9,13.3,30.4,2028,2536,,,
4984,37614,37815,37413,28400,1008000,1200000,78,3860000,Discharging,17.8,16.7,8.8,22.4,23.9,3068,3790,,,
4986,37413,38552,38217,28400,1008000,1200000,78,3860000,Discharging,18.3,21.3,11.2,22.8,18.3,3150,3804,,,
4988,37279,38284,37681,28400,1008000,1200000,78,3860000,Discharging,17.6,14.9,14.5,13.6,26.5,3019,3788,,,
4990,37614,39289,37949,28400,1008000,1200000,78,3860000,Discharging,18.8,12.1,7.4,16.1,38.6,3076,3776,,,
4993,37279,38217,38016,28300,1008000,1200000,78,3861000,Discharging,17.3,13.0,6.4,16.4,33.5,2132,2721,,,
4995,36810,38217,37413,28300,1008000,1200000,78,3860000,Discharging,15.6,16.5,11.6,15.1,19.4,3038,3792,,,
4997,36944,38351,37413,28400,1008000,1200000,78,3858000,Discharging,15.3,9.3,8.4,27.3,16.3,3144,4065,,,
4999,36743,38016,37413,28300,1008000,1200000,78,3865000,Discharging,14.9,9.8,7.9,21.2,20.0,2978,3753,,,
5001,37078,37949,37346,28300,1008000,1200000,78,3862000,Discharging,16.7,14.4,10.5,22.0,20.6,3250,4054,,,
5004,37011,38217,37882,28300,1008000,1200000,78,3862000,Discharging,17.0,16.6,7.4,16.4,26.7,2112,2663,,,
5006,37212,38351,37413,28400,1008000,1200000,78,3860000,Discharging,17.3,19.4,9.2,22.7,18.5,3157,3980,,,
5008,37011,38150,37547,28300,1008000,1200000,78,3864000,Discharging,16.5,13.8,5.6,26.7,18.8,3040,3814,,,
5010,37279,37949,37547,28300,1008000,1200000,78,3865000,Discharging,17.4,13.4,8.3,30.0,19.1,3254,4056,,,
5012,37480,37882,38351,28300,1008000,1200000,78,3860000,Discharging,17.1,11.2,11.1,26.1,19.0,3032,3782,,,
5015,37547,37949,37480,28300,1008000,1200000,78,3860000,Discharging,17.8,14.4,8.2,21.6,26.5,2108,2736,,,
5017,36877,38217,37748,28400,1008000,1200000,78,3859000,Discharging,17.6,14.9,9.6,30.1,16.8,3181,4035,,,
5019,37078,38150,38016,28300,1008000,1200000,78,3858000,Discharging,17.5,12.0,9.8,17.9,30.3,2992,3730,,,
5021,36810,38284,37547,28300,1008000,1200000,78,3858000,Discharging,18.5,19.8,10.9,22.8,19.9,3405,4072,,,
5024,37413,38083,37413,28300,1008000,1200000,78,3859000,Discharging,17.5,15.3,9.7,17.0,28.0,2027,2515,,,
5026,37078,38351,37413,28300,1008000,1200000,78,3858000,Discharging,18.0,12.5,11.0,23.6,25.0,3319,4396,,,
5028,37547,38619,37547,28300,1008000,1200000,78,3861000,Discharging,17.7,11.2,9.6,28.3,21.0,3013,3783,,,
5030,37279,38351,38083,28300,1008000,1200000,78,3861000,Discharging,18.2,24.2,13.2,19.9,15.4,3244,4097,,,
5032,36944,38686,37346,28400,1008000,1200000,78,3861000,Discharging,18.0,14.0,10.5,23.3,23.9,3198,3863,,,
5035,37145,38150,37346,28400,1008000,1200000,78,3860000,Discharging,18.1,17.0,10.1,29.7,16.1,2011,2526,,,
5037,37413,38150,38351,28300,1008000,1200000,78,3858000,Discharging,18.4,12.2,10.1,30.0,21.1,3050,3811,,,
5039,36944,38418,37547,28400,1008000,1200000,78,3854000,Discharging,17.8,14.0,12.2,20.0,25.8,2993,3776,,,
5041,37614,38083,37949,28400,1008000,1200000,78,3862000,Discharging,18.4,16.9,10.1,20.4,25.6,3234,3852,,,
5043,37011,37815,37078,28400,1008000,1200000,78,3858000,Discharging,15.7,10.2,10.1,26.6,15.5,3008,3808,,,
5046,37078,38016,37212,28400,1008000,1200000,78,3858000,Discharging,15.6,23.0,7.9,12.4,19.1,2031,2510,,,
5048,37346,38150,37681,28300,1008000,1200000,78,3865000,Discharging,14.9,12.6,6.9,25.8,14.3,2990,3794,,,
5050,37011,37882,37815,28300,1008000,1200000,78,3853000,Discharging,16.2,13.1,10.2,16.4,25.2,3052,3800,,,
5052,37212,38418,37547,28400,1008000,1200000,78,3858000,Discharging,17.0,11.6,9.3,30.9,15.7,3142,3812,,,
5054,37212,38217,37815,28300,1008000,1200000,78,3858000,Discharging,17.0,16.6,7.4,24.1,19.6,3045,3794,,,
5057,37078,38351,37815,28400,1008000,1200000,78,3858000,Discharging,17.2,15.3,12.7,17.5,23.5,2027,2498,,,
