# fw=zero-drain workload=zelda start=2026-09-14 18:47:40 soak=99C prelaunch=schedutil/1800000 launch_up=23.96 max0=600000 gov=schedutil devfreq=none,none backlight=none
elapsed_s,cpu_mc,gpu_mc,ddr_mc,bat_mc,cur_khz,max_khz,batt_pct,batt_uv,status,cpu_busy,c0_busy,c1_busy,c2_busy,c3_busy,irq_s,ctxt_s,df0_hz,df1_hz,backlight
37,33795,34733,33929,27500,600000,600000,96,4104000,Discharging,,,,,,,,,,
39,33125,35269,34331,27600,600000,600000,96,4100000,Discharging,21.8,16.3,6.7,14.2,50.0,2820,3250,,,
41,33661,35135,34331,27500,600000,600000,96,4108000,Discharging,21.5,21.6,13.8,29.1,21.5,2808,3214,,,
44,33728,34733,34197,27500,600000,600000,96,4104000,Discharging,21.1,15.0,8.5,42.2,18.6,1836,2140,,,
46,32924,33594,33326,27500,600000,600000,96,4108000,Discharging,12.8,19.1,11.1,12.4,8.4,1468,1274,,,
48,32991,34197,33192,27600,600000,600000,96,4101000,Discharging,14.9,22.7,12.8,11.9,12.5,1779,1834,,,
50,33192,34800,33393,27500,600000,600000,96,4102000,Discharging,21.0,34.1,12.8,21.5,15.6,2750,3099,,,
53,33259,35068,33929,27500,600000,600000,96,4101000,Discharging,19.2,31.0,10.6,17.8,18.1,1807,2094,,,
55,33594,34733,34130,27500,600000,600000,96,4102000,Discharging,20.6,29.7,18.7,17.5,16.1,2817,3048,,,
57,33125,34599,33661,27500,600000,600000,96,4101000,Discharging,18.2,28.7,19.9,13.3,11.2,2370,2661,,,
60,32924,34197,33125,27500,600000,600000,96,4098000,Discharging,16.3,24.9,10.2,15.2,15.1,1365,1473,,,
62,32656,34264,33460,27500,600000,600000,96,4100000,Discharging,16.8,24.0,11.2,15.9,15.6,1870,1970,,,
64,33058,33728,33393,27500,600000,600000,96,4103000,Discharging,16.5,25.0,17.6,15.9,7.6,2196,2391,,,
66,32656,34130,33460,27500,600000,600000,96,4106000,Discharging,14.6,19.9,11.7,11.9,14.5,1750,1676,,,
69,32723,33862,32991,27500,600000,600000,96,4106000,Discharging,12.8,18.8,12.9,11.0,8.4,1018,1022,,,
71,32991,34398,33661,27500,600000,600000,96,4102000,Discharging,15.7,23.7,14.5,13.8,10.7,1934,2066,,,
73,33125,34197,33594,27500,600000,600000,96,4103000,Discharging,14.1,25.0,11.6,12.4,7.6,1947,2134,,,
75,32857,33929,33393,27500,600000,600000,96,4106000,Discharging,12.7,17.5,13.5,12.3,8.0,1734,1704,,,
78,32723,34465,33393,27500,600000,600000,96,4104000,Discharging,11.9,17.5,9.8,8.0,11.3,1084,1125,,,
80,32790,34063,33125,27500,600000,600000,96,4103000,Discharging,11.1,15.2,10.2,9.3,9.9,1490,1522,,,
82,32589,33728,33259,27400,600000,600000,96,4101000,Discharging,13.7,23.6,10.7,13.2,7.6,1508,1477,,,
85,32656,34264,33460,27500,600000,600000,96,4103000,Discharging,11.9,11.9,11.2,12.8,11.5,960,1006,,,
87,32924,34063,33326,27500,600000,600000,96,4105000,Discharging,12.1,14.6,6.7,10.7,17.0,1514,1500,,,
89,32254,34130,33393,27400,600000,600000,96,4104000,Discharging,10.4,8.5,5.8,4.5,22.3,1359,1402,,,
91,32589,33862,33058,27500,600000,600000,96,4103000,Discharging,12.4,14.1,8.4,14.1,13.3,1382,1412,,,
94,32790,33929,33326,27500,600000,600000,96,4103000,Discharging,10.7,10.1,23.4,3.6,5.3,896,917,,,
96,32254,33795,32991,27400,600000,600000,96,4103000,Discharging,12.3,16.0,8.3,11.4,13.7,1472,1416,,,
98,32656,34264,33460,27400,600000,600000,96,4096000,Discharging,10.9,15.6,15.6,6.2,5.8,1346,1378,,,
100,32790,34264,33192,27400,600000,600000,96,4104000,Discharging,11.8,12.0,11.2,15.0,9.3,1398,1403,,,
103,32388,33728,33527,27400,600000,600000,96,4102000,Discharging,11.3,19.3,8.9,7.1,9.0,937,930,,,
105,32187,34130,33058,27400,600000,600000,96,4102000,Discharging,10.6,14.7,11.5,7.1,9.4,1356,1376,,,
107,32455,33996,33460,27400,600000,600000,96,4098000,Discharging,12.2,17.0,5.8,6.7,19.1,1512,1464,,,
110,32455,34063,33192,27400,600000,600000,96,4102000,Discharging,10.9,10.5,8.5,20.9,4.9,894,926,,,
112,32723,33929,32991,27400,600000,600000,96,4102000,Discharging,11.8,14.3,5.3,5.8,20.7,1341,1404,,,
114,32656,34130,33192,27400,600000,600000,96,4101000,Discharging,10.8,10.5,17.5,10.7,4.0,1385,1393,,,
116,32522,34264,33192,27400,600000,600000,96,4096000,Discharging,11.6,12.6,12.8,6.2,15.6,1506,1468,,,
119,32924,34264,33192,27400,600000,600000,96,4100000,Discharging,11.1,13.4,10.2,8.3,12.1,930,931,,,
121,32723,33996,33527,27400,600000,600000,96,4103000,Discharging,11.9,9.2,5.7,8.9,24.3,1347,1406,,,
123,32522,33929,32723,27400,600000,600000,96,4101000,Discharging,11.2,11.9,12.2,13.3,7.6,1327,1386,,,
125,33125,34465,34264,27400,600000,600000,96,4092000,Discharging,17.6,12.9,12.9,32.1,11.2,2202,2520,,,
128,33594,34934,34130,27400,600000,600000,96,4095000,Discharging,22.6,21.0,12.8,35.6,21.1,2009,2206,,,
130,33661,35202,34465,27400,600000,600000,96,4096000,Discharging,22.0,16.6,9.4,11.1,51.1,2862,3360,,,
132,33661,35068,34398,27400,600000,600000,96,4096000,Discharging,22.8,15.4,8.1,20.0,46.9,2892,3313,,,
135,33929,35269,34599,27400,600000,600000,96,4096000,Discharging,22.2,14.4,8.5,9.4,56.0,1886,2233,,,
137,34264,35671,35001,27400,600000,600000,96,4095000,Discharging,23.0,22.2,13.7,39.6,16.9,2974,3309,,,
139,33929,35269,34666,27400,600000,600000,96,4095000,Discharging,21.7,13.6,6.7,25.8,40.2,2822,3278,,,
141,33795,35269,34599,27400,600000,600000,96,4094000,Discharging,21.0,12.3,10.1,12.7,48.2,2778,3332,,,
144,33862,35336,34398,27300,600000,600000,96,4099000,Discharging,19.6,14.2,7.2,39.2,17.3,1611,1852,,,
146,32924,34465,33862,27400,600000,600000,96,4099000,Discharging,11.2,14.3,9.7,8.8,12.9,1286,1236,,,
148,33125,34934,34599,27400,600000,600000,96,4098000,Discharging,18.0,16.2,12.3,22.8,20.9,2138,2268,,,
151,33862,35068,34398,27400,600000,600000,96,4090000,Discharging,19.4,31.7,12.4,14.1,19.4,1858,2101,,,
153,34063,34934,34666,27400,600000,600000,96,4092000,Discharging,21.1,28.7,13.5,18.8,23.3,2793,3135,,,
155,34197,35202,34398,27400,600000,600000,96,4094000,Discharging,16.9,30.3,9.9,15.1,12.8,2408,2660,,,
157,34264,35068,34398,27400,600000,600000,96,4093000,Discharging,19.8,27.4,14.9,16.7,19.6,2672,2836,,,
160,33862,34800,34599,27400,600000,600000,96,4099000,Discharging,15.5,23.4,12.4,15.6,11.2,1288,1386,,,
162,33527,34465,33795,27400,600000,600000,96,4093000,Discharging,17.5,30.4,11.1,14.1,14.2,2062,2225,,,
164,33192,34733,33795,27300,600000,600000,96,4100000,Discharging,15.2,22.2,9.8,11.7,17.3,1930,2076,,,
166,32991,34063,33661,27400,600000,600000,96,4099000,Discharging,13.4,20.0,8.9,11.5,13.1,1574,1630,,,
169,33058,34934,34063,27300,600000,600000,96,4096000,Discharging,13.2,20.3,13.8,6.3,11.9,1120,1082,,,
171,33460,34934,33929,27400,600000,600000,96,4097000,Discharging,14.2,23.9,11.2,13.8,8.5,2008,2230,,,
173,33393,34800,34264,27300,600000,600000,96,4094000,Discharging,15.0,25.3,11.2,14.8,7.7,1902,2056,,,
176,33326,34867,33661,27300,600000,600000,96,4094000,Discharging,11.5,17.9,11.9,3.6,12.4,1055,1100,,,
178,33259,34666,33326,27300,600000,600000,96,4097000,Discharging,12.8,19.8,11.3,9.4,11.1,1751,1714,,,
180,33058,34532,33795,27300,600000,600000,96,4098000,Discharging,10.7,15.1,7.2,9.4,10.7,1414,1436,,,
182,32924,34398,33594,27300,600000,600000,96,4096000,Discharging,14.4,20.0,12.6,12.3,13.3,1590,1603,,,
185,32656,34599,33594,27300,600000,600000,96,4094000,Discharging,11.1,15.7,13.2,8.0,7.6,929,928,,,
187,32790,34264,33795,27300,600000,600000,96,4098000,Discharging,11.2,17.8,8.8,8.4,9.4,1356,1353,,,
189,33326,34264,33393,27300,600000,600000,96,4097000,Discharging,11.5,14.8,8.1,8.1,14.2,1516,1412,,,
191,32857,34264,33460,27400,600000,600000,96,4097000,Discharging,10.9,16.4,6.7,14.5,7.1,1393,1406,,,
194,32790,34130,33527,27300,600000,600000,96,4092000,Discharging,12.3,16.7,5.8,16.3,10.1,908,931,,,
196,32656,34398,33527,27400,600000,600000,96,4097000,Discharging,10.8,17.0,5.8,10.1,9.7,1365,1368,,,
198,32723,34063,33661,27300,600000,600000,96,4097000,Discharging,12.1,17.8,11.5,14.5,4.1,1554,1417,,,
201,32924,34264,33728,27300,600000,600000,96,4096000,Discharging,10.9,11.9,17.6,5.3,8.8,898,915,,,
203,32924,34197,33058,27300,600000,600000,96,4096000,Discharging,11.6,9.3,12.0,12.1,13.5,1376,1386,,,
205,32924,34331,33192,27300,600000,600000,96,4090000,Discharging,11.1,13.3,12.4,8.0,10.7,1357,1368,,,
207,32723,34532,33259,27300,600000,600000,96,4096000,Discharging,10.9,17.0,11.9,8.4,6.2,1342,1370,,,
210,33125,34130,33795,27300,600000,600000,96,4096000,Discharging,12.2,15.6,11.1,15.9,5.3,1011,961,,,
212,33125,34599,33527,27300,600000,600000,96,4093000,Discharging,10.7,9.3,10.3,14.8,8.4,1333,1427,,,
214,32790,34063,33661,27300,600000,600000,96,4093000,Discharging,11.9,9.7,20.5,7.6,9.3,1392,1387,,,
216,32589,34197,33259,27300,600000,600000,96,4094000,Discharging,10.8,16.6,8.9,9.8,8.7,1333,1355,,,
219,33661,34130,33661,27300,600000,600000,96,4094000,Discharging,12.2,18.2,11.5,11.6,8.0,925,910,,,
221,32857,34398,33259,27300,600000,600000,96,4097000,Discharging,11.2,13.8,14.7,5.4,10.2,1529,1410,,,
223,33326,34264,34063,27300,600000,600000,96,4092000,Discharging,11.5,9.2,17.1,10.7,9.4,1382,1379,,,
225,33929,35068,34599,27300,600000,600000,96,4090000,Discharging,20.2,13.5,9.0,8.9,48.7,2543,2944,,,
228,33862,35001,34465,27300,600000,600000,96,4087000,Discharging,22.9,16.4,10.6,22.9,42.0,1859,2163,,,
230,34063,35336,35068,27300,600000,600000,96,4090000,Discharging,22.2,14.0,8.0,12.0,54.0,2966,3327,,,
232,34599,35872,34800,27300,600000,600000,96,4090000,Discharging,22.0,14.5,9.3,35.0,29.6,2802,3303,,,
235,34599,36006,35403,27300,600000,600000,96,4090000,Discharging,22.9,18.5,10.2,23.8,39.2,1891,2154,,,
237,34733,35671,35001,27400,600000,600000,96,4085000,Discharging,22.2,14.8,8.9,47.3,18.1,2848,3296,,,
239,34331,35537,34934,27300,600000,600000,96,4091000,Discharging,22.8,15.2,12.1,26.9,36.1,2956,3326,,,
241,34465,35403,35068,27300,600000,600000,96,4091000,Discharging,20.4,13.2,9.8,21.8,36.7,2770,3258,,,
244,33728,35671,34599,27300,600000,600000,96,4086000,Discharging,18.6,17.2,10.3,15.0,31.7,1461,1616,,,
246,33527,34331,34063,27300,408000,600000,96,4091000,Discharging,11.8,17.2,5.3,14.6,9.8,1278,1219,,,
248,34331,34934,34532,27300,600000,600000,96,4088000,Discharging,18.8,21.6,14.7,24.2,15.1,2400,2688,,,
251,33862,35202,34800,27300,600000,600000,96,4083000,Discharging,19.5,29.6,8.9,21.9,17.7,1906,2120,,,
253,34063,35738,34733,27300,600000,600000,96,4085000,Discharging,18.9,30.6,13.4,17.3,14.6,2779,3158,,,
255,33929,34800,33862,27300,600000,600000,96,4093000,Discharging,18.0,28.3,10.6,19.1,14.7,2240,2432,,,
257,34130,35537,34867,27300,600000,600000,96,4092000,Discharging,18.8,19.9,12.5,27.6,15.2,2402,2725,,,
260,33862,34867,34599,27300,600000,600000,96,4091000,Discharging,17.8,29.8,15.6,18.2,7.2,1523,1616,,,
262,33929,35336,34867,27300,600000,600000,96,4088000,Discharging,17.0,27.9,12.5,16.2,11.2,2057,2256,,,
264,33862,34599,34130,27300,600000,600000,96,4095000,Discharging,14.1,19.4,11.7,12.9,11.9,1704,1804,,,
267,33393,34666,33862,27300,600000,600000,96,4095000,Discharging,13.0,18.5,8.4,15.4,11.0,1034,1062,,,
269,33058,35001,33795,27300,600000,600000,96,4093000,Discharging,13.7,20.5,12.8,14.7,6.8,1582,1642,,,
271,33728,34934,34532,27400,600000,600000,96,4091000,Discharging,14.7,24.4,10.0,16.0,8.0,2210,2375,,,
273,33460,34934,34197,27300,600000,600000,96,4093000,Discharging,12.8,20.7,12.0,10.2,7.7,1749,1940,,,
276,33728,35470,33862,27300,600000,600000,96,4092000,Discharging,12.7,18.8,11.2,11.8,9.0,1080,1105,,,
278,33192,35202,34264,27300,600000,600000,96,4091000,Discharging,12.0,20.8,10.8,8.0,8.0,1598,1698,,,
280,33527,34599,33996,27300,600000,600000,96,4092000,Discharging,11.9,16.1,12.1,11.9,8.3,1582,1538,,,
282,33460,35001,34264,27400,600000,600000,96,4091000,Discharging,13.1,18.4,12.3,13.0,8.9,1476,1531,,,
285,33795,34331,34666,27300,600000,600000,96,4092000,Discharging,11.9,19.8,8.4,8.0,11.2,953,931,,,
287,33058,34666,33527,27300,600000,600000,96,4086000,Discharging,10.6,13.4,11.7,9.3,7.6,1368,1372,,,
289,32924,34733,33661,27300,600000,600000,96,4082000,Discharging,12.0,15.9,7.6,15.0,9.4,1370,1366,,,
292,33259,34800,33862,27300,600000,600000,96,4084000,Discharging,11.0,11.6,10.3,4.9,17.0,976,949,,,
294,33460,34465,34264,27300,600000,600000,96,4090000,Discharging,10.9,10.6,8.9,11.6,11.6,1336,1396,,,
296,33460,34867,33996,27300,600000,600000,96,4086000,Discharging,11.8,17.9,14.6,7.9,8.0,1409,1393,,,
298,33192,34197,33326,27300,600000,600000,96,4090000,Discharging,10.9,16.9,7.5,7.6,11.2,1376,1350,,,
301,32991,34800,33862,27300,600000,600000,96,4089000,Discharging,11.6,15.1,9.7,5.9,16.4,926,913,,,
303,33058,34331,33996,27300,600000,600000,96,4090000,Discharging,11.1,17.8,9.7,8.9,7.6,1522,1458,,,
305,33058,34733,34197,27300,600000,600000,96,4087000,Discharging,12.0,16.7,7.1,12.8,11.7,1380,1381,,,
307,33192,34465,33929,27300,600000,600000,96,4089000,Discharging,10.8,16.5,6.7,14.2,4.9,1376,1364,,,
310,33460,34733,34063,27300,600000,600000,96,4089000,Discharging,11.9,14.0,11.5,9.4,12.6,926,902,,,
312,33661,34398,33929,27300,600000,600000,96,4090000,Discharging,10.8,15.6,8.1,9.7,9.8,1454,1416,,,
314,32991,34934,34331,27300,600000,600000,96,4085000,Discharging,11.4,17.8,8.3,9.9,9.6,1391,1350,,,
316,33192,35001,33795,27300,600000,600000,96,4090000,Discharging,11.2,15.9,14.5,6.3,8.9,1386,1358,,,
319,33058,34465,33728,27300,600000,600000,96,4089000,Discharging,10.8,14.4,12.5,5.8,9.1,923,929,,,
321,33460,34599,33862,27300,600000,600000,96,4089000,Discharging,12.1,9.6,5.8,23.0,10.1,1408,1392,,,
323,32857,35336,34063,27400,600000,600000,96,4081000,Discharging,10.9,9.8,5.3,9.0,19.4,1510,1538,,,
326,34398,35604,34800,27300,600000,600000,96,4084000,Discharging,19.5,31.9,13.4,14.3,18.6,1891,2186,,,
328,34599,35537,34733,27300,600000,600000,96,4083000,Discharging,19.1,29.7,16.3,17.9,12.6,2875,3310,,,
330,34800,35202,34867,27300,600000,600000,96,4085000,Discharging,23.0,23.5,12.6,31.1,24.2,2912,3288,,,
332,34197,36006,35135,27300,600000,600000,96,4084000,Discharging,22.6,17.3,7.6,7.9,57.7,2975,3316,,,
335,35001,36140,35269,27300,600000,600000,96,4083000,Discharging,22.7,13.6,9.4,38.8,28.9,1871,2166,,,
337,34264,36006,35269,27300,600000,600000,96,4084000,Discharging,22.0,15.8,9.7,35.6,27.8,2820,3304,,,
339,34599,35738,35269,27300,600000,600000,96,4084000,Discharging,21.3,14.9,6.7,23.2,38.9,2790,3242,,,
342,34532,35537,35135,27300,600000,600000,96,4083000,Discharging,21.6,12.3,11.1,49.6,12.9,1887,2187,,,
344,34130,34934,34733,27300,600000,600000,96,4086000,Discharging,15.1,19.2,8.9,15.4,17.3,1800,1941,,,
346,33795,35537,34532,27300,600000,600000,96,4085000,Discharging,13.4,13.3,10.2,7.0,22.8,1382,1306,,,
348,34532,35738,34934,27400,600000,600000,96,4083000,Discharging,19.7,27.9,16.9,15.9,19.2,2654,3046,,,
351,34331,35403,35269,27300,600000,600000,96,4087000,Discharging,21.1,32.3,16.4,14.7,21.3,1890,2111,,,
353,34733,35403,35001,27400,600000,600000,96,4083000,Discharging,19.3,28.4,12.0,14.8,21.6,2843,3213,,,
355,33795,35269,34599,27400,600000,600000,96,4088000,Discharging,19.0,29.4,14.5,14.2,18.2,2252,2469,,,
358,33996,36073,34800,27300,600000,600000,96,4088000,Discharging,17.9,26.2,12.3,16.4,16.4,1520,1660,,,
360,34599,35336,34599,27300,600000,600000,96,4082000,Discharging,16.5,25.1,8.6,19.9,11.5,1960,2186,,,
362,34197,35537,35068,27300,600000,600000,96,4084000,Discharging,18.1,22.9,9.0,21.6,18.7,2408,2526,,,
364,34331,35068,34800,27300,600000,600000,96,4083000,Discharging,12.4,16.1,15.9,11.0,7.6,1489,1544,,,
367,33862,35805,34599,27300,600000,600000,96,4088000,Discharging,13.4,17.6,17.8,7.7,10.1,1049,1024,,,
369,33862,35001,34733,27300,600000,600000,96,4087000,Discharging,14.3,17.8,16.2,11.7,11.9,1730,1844,,,
371,33996,35202,35001,27400,600000,600000,96,4084000,Discharging,15.4,27.9,13.0,11.9,8.6,2038,2286,,,
373,33996,35738,34197,27400,600000,600000,96,4078000,Discharging,12.2,18.8,8.5,13.3,8.6,1805,1862,,,
376,34264,35336,34599,27300,600000,600000,96,4079000,Discharging,12.7,20.4,12.6,9.8,7.6,1069,1121,,,
378,33862,34867,34398,27300,600000,600000,96,4085000,Discharging,12.1,18.7,11.1,8.4,9.8,1606,1700,,,
380,33728,34934,34733,27300,600000,600000,96,4086000,Discharging,11.8,16.9,11.1,11.1,8.0,1506,1510,,,
383,33259,35135,34331,27400,600000,600000,96,4085000,Discharging,13.2,19.1,13.0,14.3,5.4,1041,969,,,
385,33326,34867,33728,27300,600000,600000,96,4084000,Discharging,11.5,15.2,11.9,10.1,8.8,1356,1377,,,
387,33929,34733,34197,27300,600000,600000,96,4085000,Discharging,11.5,15.2,16.4,8.0,6.7,1420,1396,,,
389,33192,34733,34063,27300,600000,600000,96,4085000,Discharging,10.9,14.7,7.9,8.1,12.8,1370,1370,,,
392,33058,34733,33862,27300,600000,600000,96,4086000,Discharging,11.4,19.3,9.3,11.1,6.7,930,907,,,
394,33661,34465,33728,27300,408000,600000,96,4087000,Discharging,11.6,17.8,10.9,8.3,8.8,1540,1444,,,
396,33527,34733,34465,27300,600000,600000,96,4087000,Discharging,12.1,12.7,15.6,11.9,7.5,1384,1395,,,
398,33728,35202,33728,27300,600000,600000,96,4083000,Discharging,10.8,17.4,5.9,12.4,7.6,1384,1382,,,
401,33460,34867,34197,27300,600000,600000,96,4085000,Discharging,10.7,16.1,9.7,9.3,7.6,914,910,,,
403,33326,35135,33929,27400,600000,600000,96,4085000,Discharging,11.7,13.3,18.5,7.1,8.0,1328,1368,,,
405,33460,34800,33929,27300,600000,600000,96,4085000,Discharging,10.7,11.5,11.2,6.7,14.3,1489,1460,,,
408,33326,34733,34130,27300,600000,600000,96,4082000,Discharging,12.2,13.9,13.8,11.1,9.6,902,909,,,
410,33460,35001,34331,27300,600000,600000,96,4085000,Discharging,11.0,10.6,22.2,7.6,3.6,1405,1436,,,
412,33259,34733,34331,27300,600000,600000,96,4079000,Discharging,11.9,14.3,9.4,8.8,14.7,1374,1404,,,
414,33393,34599,33862,27300,600000,600000,96,4086000,Discharging,10.7,19.7,10.2,5.4,8.0,1486,1382,,,
417,33393,35068,34331,27300,600000,600000,96,4079000,Discharging,12.6,20.4,8.9,10.6,10.5,932,925,,,
419,33929,34867,34599,27300,600000,600000,96,4084000,Discharging,11.1,11.9,16.6,8.9,7.0,1342,1378,,,
421,33393,34800,34063,27300,600000,600000,96,4083000,Discharging,10.9,9.6,6.2,22.8,5.0,1342,1398,,,
423,33594,34800,34532,27400,600000,600000,96,4077000,Discharging,14.3,11.1,24.2,12.3,9.8,1738,1903,,,
426,34532,35604,35001,27400,600000,600000,96,4078000,Discharging,19.3,25.0,12.9,24.7,14.7,1981,2217,,,
428,34867,36341,35269,27400,600000,600000,96,4081000,Discharging,21.4,24.9,15.2,27.1,18.1,2907,3308,,,
430,34867,36073,35336,27300,600000,600000,96,4080000,Discharging,22.0,17.6,12.5,29.1,28.4,2869,3316,,,
433,34733,36006,35202,27400,600000,600000,96,4077000,Discharging,22.6,13.1,9.7,25.9,42.9,1866,2184,,,
435,34532,36140,35671,27400,600000,600000,96,4079000,Discharging,22.4,15.8,8.9,28.6,35.8,2952,3300,,,
437,34599,35872,35269,27400,600000,600000,96,4078000,Discharging,23.0,15.6,10.7,17.0,48.4,2780,3296,,,
439,34934,36475,35604,27300,600000,600000,96,4081000,Discharging,20.9,15.6,7.1,24.9,36.0,2767,3215,,,
442,34934,36073,34934,27300,600000,600000,96,4074000,Discharging,21.5,16.2,13.3,35.2,21.7,1867,2183,,,
444,33728,35269,34666,27400,600000,600000,96,4081000,Discharging,13.1,17.3,12.0,14.6,8.0,1470,1426,,,
446,34063,35470,35068,27400,600000,600000,96,4080000,Discharging,15.1,16.6,20.0,11.1,12.4,1800,1808,,,
448,34733,35939,35135,27400,600000,600000,96,4077000,Discharging,19.6,32.4,14.1,17.6,14.3,2666,3068,,,
451,35068,36140,35202,27400,600000,600000,96,4073000,Discharging,18.4,29.9,11.8,20.6,11.2,1816,2093,,,
453,34733,36274,35336,27400,600000,600000,96,4077000,Discharging,19.1,30.1,12.8,16.7,17.0,2730,3180,,,
455,35269,36274,35403,27400,600000,600000,96,4078000,Discharging,17.6,26.5,13.7,15.6,14.7,2375,2510,,,
458,34733,35805,35269,27400,600000,600000,96,4084000,Discharging,18.1,24.8,15.9,15.5,17.2,1485,1617,,,
460,34197,35537,34666,27400,600000,600000,96,4084000,Discharging,15.8,25.0,14.3,6.7,15.6,1890,1956,,,
462,34130,35805,35001,27400,600000,600000,96,4082000,Discharging,17.0,27.4,15.4,15.0,12.1,2218,2486,,,
464,34130,35403,34264,27400,600000,600000,96,4079000,Discharging,13.0,19.9,12.8,9.8,9.7,1717,1690,,,
467,34197,34867,34666,27400,600000,600000,96,4080000,Discharging,12.2,19.4,10.3,8.0,10.8,1009,1024,,,
469,33795,35537,34398,27400,600000,600000,96,4078000,Discharging,14.9,18.3,13.7,15.2,12.0,1835,1974,,,
471,34264,35470,34934,27400,600000,600000,96,4083000,Discharging,14.5,22.8,11.7,11.5,11.7,2022,2246,,,
474,33996,35537,34733,27400,600000,600000,96,4082000,Discharging,12.4,17.9,11.5,12.7,7.6,1076,1120,,,
476,33661,34934,34934,27400,600000,600000,96,4078000,Discharging,11.5,18.4,9.4,11.1,7.2,1730,1730,,,
478,33728,35403,34733,27400,600000,600000,96,4080000,Discharging,12.5,16.1,10.8,11.6,11.9,1534,1566,,,
480,34197,34800,34867,27400,600000,600000,96,4082000,Discharging,12.5,19.2,9.0,8.5,12.9,1474,1498,,,
483,33527,34867,34599,27400,600000,600000,96,4081000,Discharging,12.3,17.9,11.1,14.4,6.3,967,977,,,
485,33728,34934,34130,27400,600000,600000,96,4079000,Discharging,11.0,10.7,16.0,8.5,9.3,1382,1386,,,
487,33460,35068,34532,27400,600000,600000,96,4075000,Discharging,11.3,10.2,4.0,7.9,23.1,1498,1484,,,
489,33661,34934,34398,27400,600000,600000,96,4082000,Discharging,12.1,11.8,17.9,8.0,10.3,1392,1400,,,
492,33393,34532,34465,27400,600000,600000,96,4081000,Discharging,10.8,8.8,18.3,7.1,9.0,908,940,,,
494,33661,34599,34398,27400,600000,600000,96,4082000,Discharging,12.1,18.7,8.4,14.6,6.2,1370,1383,,,
496,33795,34934,34264,27400,600000,600000,96,4073000,Discharging,10.9,17.0,13.7,6.7,6.2,1490,1434,,,
499,33393,35135,34465,27400,600000,600000,96,4075000,Discharging,11.7,14.7,15.4,8.5,7.6,902,894,,,
501,33661,35135,34532,27400,600000,600000,96,4080000,Discharging,11.1,13.1,9.4,7.1,15.2,1356,1404,,,
503,33795,35135,34666,27400,600000,600000,96,4079000,Discharging,11.5,10.6,13.5,9.9,11.6,1375,1420,,,
505,33862,34532,34398,27400,600000,600000,96,4080000,Discharging,11.2,16.4,9.3,10.9,9.0,1403,1374,,,
508,33929,34532,34197,27400,600000,600000,96,4080000,Discharging,10.8,16.1,10.3,9.8,6.7,986,924,,,
510,33460,35135,34532,27400,600000,600000,96,4080000,Discharging,11.6,9.3,18.8,11.4,7.2,1357,1373,,,
512,33125,34867,33996,27400,600000,600000,96,4082000,Discharging,10.7,8.4,19.4,6.2,8.1,1356,1384,,,
514,33527,34532,34264,27400,600000,600000,96,4079000,Discharging,11.6,19.2,13.7,7.5,5.5,1371,1370,,,
517,34197,34800,34063,27400,600000,600000,96,4080000,Discharging,11.0,9.8,7.5,21.2,5.8,994,960,,,
519,33460,34934,34599,27400,600000,600000,96,4075000,Discharging,12.0,12.4,19.1,8.4,8.4,1394,1377,,,
521,33460,34733,34398,27400,600000,600000,96,4081000,Discharging,11.3,10.1,11.1,8.3,15.7,1374,1416,,,
523,33996,35470,34934,27400,600000,600000,96,4073000,Discharging,15.4,24.4,11.9,11.9,13.3,1947,2156,,,
526,34331,35738,34867,27400,600000,600000,96,4075000,Discharging,19.3,28.0,14.0,13.0,22.0,1890,2240,,,
528,34934,36006,35805,27400,600000,600000,96,4071000,Discharging,18.7,27.5,12.8,20.7,14.3,2984,3368,,,
530,35068,36073,34800,27400,600000,600000,96,4076000,Discharging,20.0,28.7,12.9,19.3,19.2,2868,3319,,,
533,35135,36207,35604,27400,600000,600000,96,4073000,Discharging,20.6,27.7,17.8,18.0,19.4,1929,2187,,,
535,35001,36274,35336,27400,600000,600000,96,4074000,Discharging,21.9,23.2,14.8,31.1,17.9,2887,3284,,,
537,34934,36073,35336,27400,600000,600000,96,4074000,Discharging,20.8,25.9,15.6,22.7,19.3,3020,3307,,,
539,34934,36341,35604,27400,600000,600000,96,4076000,Discharging,21.0,30.2,15.8,19.1,18.6,2898,3264,,,
542,34800,36207,35403,27400,600000,600000,96,4071000,Discharging,18.5,28.7,14.2,14.0,17.9,1888,2173,,,
544,33929,35805,34733,27400,408000,600000,96,4074000,Discharging,13.1,18.1,9.7,12.3,11.8,1310,1224,,,
546,33527,35202,34666,27400,600000,600000,96,4077000,Discharging,15.5,22.1,13.4,13.3,13.2,1830,1922,,,
549,35001,36140,35068,27400,600000,600000,96,4075000,Discharging,18.7,27.0,14.9,12.0,20.5,1812,2000,,,
551,34867,36475,35939,27400,600000,600000,96,4073000,Discharging,19.4,27.9,13.8,18.3,18.1,2666,3110,,,
553,35001,36341,35470,27400,600000,600000,96,4075000,Discharging,18.5,29.9,13.5,16.6,13.3,2644,3006,,,
555,34867,36408,35470,27400,600000,600000,96,4074000,Discharging,18.7,32.2,8.9,19.2,15.1,2422,2644,,,
558,34666,35805,35202,27400,600000,600000,96,4075000,Discharging,16.6,22.8,11.1,14.6,17.4,1429,1480,,,
560,34197,35872,35336,27400,600000,600000,96,4079000,Discharging,16.7,24.6,13.5,13.0,16.7,1898,1960,,,
562,35068,36408,35269,27400,600000,600000,96,4072000,Discharging,17.1,23.4,11.9,16.2,16.1,2213,2430,,,
565,34599,35336,35068,27400,600000,600000,96,4078000,Discharging,13.4,15.6,15.7,11.1,10.3,1051,1089,,,
567,33996,35470,34532,27400,600000,600000,96,4077000,Discharging,12.3,18.5,7.5,12.0,12.3,1548,1538,,,
569,34264,35537,34398,27400,600000,600000,96,4079000,Discharging,15.3,20.1,13.2,17.8,9.7,2006,2107,,,
571,34264,35537,34934,27400,600000,600000,96,4078000,Discharging,14.3,23.2,15.6,9.4,9.2,1953,2175,,,
574,33862,35738,34666,27400,600000,600000,96,4075000,Discharging,11.7,18.8,10.8,9.8,7.6,1064,1115,,,
576,33996,35537,34666,27400,600000,600000,96,4078000,Discharging,12.4,17.5,14.3,10.2,7.3,1596,1678,,,
578,33929,35068,34666,27400,600000,600000,96,4072000,Discharging,11.4,17.3,8.9,9.4,9.7,1612,1540,,,
580,34063,35068,34465,27400,600000,600000,96,4076000,Discharging,13.9,16.1,15.1,8.8,16.4,1529,1524,,,
583,33929,34599,34532,27400,600000,600000,96,4078000,Discharging,11.5,16.0,12.5,7.1,10.6,973,994,,,
585,33996,35135,34733,27400,600000,600000,96,4076000,Discharging,12.1,17.6,12.0,7.5,11.3,1418,1374,,,
587,33527,35269,34800,27400,600000,600000,96,4074000,Discharging,11.0,16.5,9.6,11.0,6.3,1386,1337,,,
590,33862,35671,34465,27400,600000,600000,96,4075000,Discharging,12.0,15.9,6.3,14.2,11.0,1013,963,,,
592,33996,35001,35202,27400,600000,600000,96,4071000,Discharging,10.9,13.3,15.9,9.8,5.3,1370,1375,,,
594,34264,35269,34733,27500,600000,600000,96,4075000,Discharging,11.0,13.2,8.9,8.4,13.5,1347,1408,,,
596,33594,34867,34465,27400,600000,600000,96,4074000,Discharging,11.9,12.8,5.4,10.7,17.5,1372,1407,,,
599,33594,35001,34130,27400,600000,600000,96,4075000,Discharging,10.8,15.0,9.4,7.0,12.1,994,964,,,
601,33527,34867,34197,27400,600000,600000,96,4078000,Discharging,11.5,14.0,10.9,8.5,12.6,1420,1370,,,
603,33728,34934,34800,27400,600000,600000,96,4076000,Discharging,11.0,15.6,9.7,10.2,8.4,1380,1332,,,
605,33862,35403,34666,27500,600000,600000,96,4074000,Discharging,12.9,15.6,13.6,10.2,11.5,1392,1350,,,
608,33795,35001,34197,27400,600000,600000,96,4077000,Discharging,10.7,16.7,11.5,8.4,7.1,901,896,,,
610,34130,34800,34398,27400,600000,600000,96,4076000,Discharging,11.8,18.3,12.5,9.3,7.2,1548,1432,,,
612,33728,35537,34934,27500,600000,600000,96,4076000,Discharging,11.1,12.0,18.7,7.5,6.2,1372,1386,,,
614,33929,35202,34867,27500,600000,600000,96,4076000,Discharging,11.4,12.3,12.0,7.1,13.3,1374,1378,,,
617,33661,35135,33996,27500,600000,600000,96,4076000,Discharging,12.0,15.6,14.6,8.4,10.2,933,931,,,
619,33795,34800,34264,27500,600000,600000,96,4076000,Discharging,10.7,9.3,22.7,5.8,5.0,1478,1412,,,
621,33259,35336,34465,27500,600000,600000,96,4075000,Discharging,11.9,9.3,22.8,5.8,10.1,1375,1440,,,
624,34063,35202,34800,27500,600000,600000,96,4069000,Discharging,17.1,22.8,10.2,23.6,11.9,1474,1610,,,
626,35135,36542,35671,27500,600000,600000,96,4070000,Discharging,22.6,18.8,13.0,21.8,36.1,2898,3296,,,
628,34800,36341,35202,27500,600000,600000,96,4070000,Discharging,21.9,18.8,13.3,38.8,16.9,2900,3264,,,
630,34867,36609,35537,27500,600000,600000,96,4067000,Discharging,22.6,13.7,11.2,23.8,41.1,2986,3328,,,
633,35336,36341,35537,27500,600000,600000,96,4071000,Discharging,22.0,13.6,8.0,28.6,38.1,1856,2183,,,
635,34532,36676,36140,27500,600000,600000,96,4070000,Discharging,22.2,13.6,7.6,50.7,17.3,2794,3235,,,
637,34934,36542,35939,27500,600000,600000,96,4071000,Discharging,22.9,16.4,12.4,16.5,45.5,2850,3294,,,
640,35001,36542,36073,27500,600000,600000,96,4073000,Discharging,20.3,13.5,11.6,36.6,19.6,1942,2193,,,
642,35135,36609,35202,27500,600000,600000,96,4068000,Discharging,20.7,14.7,9.5,37.6,20.3,2524,2892,,,
644,33996,35269,35470,27500,600000,600000,96,4074000,Discharging,11.7,17.6,8.4,9.3,11.1,1270,1213,,,
646,35068,36006,35068,27500,600000,600000,96,4068000,Discharging,16.7,22.6,15.4,17.3,12.1,2026,2169,,,
649,34800,35872,35336,27500,600000,600000,96,4069000,Discharging,19.0,28.7,12.0,18.6,16.4,1823,2115,,,
651,35001,36408,35470,27500,600000,600000,96,4072000,Discharging,19.3,30.4,17.6,16.8,13.0,2875,3184,,,
653,34800,35872,35269,27500,600000,600000,96,4071000,Discharging,18.3,26.8,16.2,14.9,14.6,2518,2789,,,
656,35001,36810,35537,27500,600000,600000,96,4066000,Discharging,19.6,19.6,17.0,17.6,25.1,1672,1852,,,
658,34867,36006,35068,27500,600000,600000,96,4076000,Discharging,16.2,27.0,12.9,11.7,12.9,1896,1998,,,
660,33929,35604,34934,27500,600000,600000,96,4075000,Discharging,16.6,23.2,17.3,14.1,11.6,2190,2281,,,
662,34599,35403,35269,27600,600000,600000,96,4076000,Discharging,15.8,24.6,11.9,14.8,12.3,2004,2180,,,
665,34264,35671,35135,27500,600000,600000,96,4071000,Discharging,13.1,19.1,10.2,14.5,8.8,1017,1025,,,
667,34465,35738,35336,27600,600000,600000,96,4074000,Discharging,13.5,20.4,11.7,11.7,8.9,1590,1640,,,
669,35001,35872,34934,27600,600000,600000,96,4072000,Discharging,14.3,24.2,10.7,13.8,9.3,1954,2130,,,
671,35001,36073,35068,27600,600000,600000,96,4068000,Discharging,15.1,23.5,14.0,11.6,10.5,1990,2064,,,
674,34331,35470,35336,27600,600000,600000,96,4067000,Discharging,11.5,18.3,11.1,8.0,9.0,1027,1096,,,
676,34130,35403,34867,27500,600000,600000,96,4065000,Discharging,12.9,17.0,9.4,12.9,12.8,1624,1720,,,
678,34063,35135,34532,27500,600000,600000,96,4073000,Discharging,10.9,15.2,12.0,8.0,8.1,1418,1474,,,
681,34063,34934,34599,27600,600000,600000,96,4074000,Discharging,12.9,19.6,12.2,11.7,8.0,1124,1068,,,
683,33996,35336,34733,27600,600000,600000,96,4072000,Discharging,12.2,16.4,12.4,8.6,11.9,1441,1452,,,
685,34331,35068,35269,27500,600000,600000,96,4072000,Discharging,10.9,16.6,10.7,9.7,6.7,1357,1377,,,
687,33929,35470,35269,27600,600000,600000,96,4068000,Discharging,11.5,10.1,23.3,4.0,8.9,1361,1388,,,
690,33795,34867,34934,27500,600000,600000,96,4066000,Discharging,11.2,13.6,15.6,5.8,10.2,901,907,,,
692,33728,35068,34331,27500,600000,600000,96,4074000,Discharging,12.7,12.8,8.7,20.3,8.0,1536,1478,,,
694,34197,34867,34599,27500,600000,600000,96,4074000,Discharging,11.0,10.9,12.8,7.1,13.4,1380,1416,,,
696,33594,35135,34599,27600,600000,600000,96,4073000,Discharging,11.4,10.6,5.4,14.7,15.9,1343,1370,,,
699,34197,34867,34666,27500,600000,600000,96,4070000,Discharging,11.1,10.6,7.6,11.9,13.4,920,926,,,
701,34264,35001,34800,27500,600000,600000,96,4074000,Discharging,11.0,13.2,14.3,8.9,7.6,1511,1398,,,
703,33527,35068,34063,27600,600000,600000,96,4074000,Discharging,11.7,14.3,10.4,7.1,15.4,1397,1378,,,
706,33929,34867,34197,27600,600000,600000,96,4072000,Discharging,10.6,14.6,12.5,9.8,4.5,879,900,,,
708,33929,35202,34800,27600,600000,600000,96,4067000,Discharging,11.6,16.1,6.7,12.3,11.6,1382,1378,,,
710,33326,35336,34599,27500,600000,600000,96,4073000,Discharging,10.9,13.3,5.8,15.6,8.4,1397,1393,,,
712,33460,35135,34599,27600,600000,600000,96,4072000,Discharging,12.1,14.6,13.2,9.8,12.4,1504,1432,,,
715,33661,35135,34800,27600,600000,600000,96,4074000,Discharging,11.2,10.5,23.0,4.9,5.4,898,943,,,
717,34063,35135,34130,27600,600000,600000,96,4065000,Discharging,11.8,14.7,7.1,5.3,20.5,1367,1405,,,
719,33728,35738,34398,27600,600000,600000,96,4071000,Discharging,11.0,14.7,8.9,4.9,14.6,1359,1364,,,
721,33795,35202,34264,27600,600000,600000,96,4071000,Discharging,10.7,17.5,7.6,8.9,8.0,1518,1392,,,
724,34867,35872,35403,27600,600000,600000,96,4067000,Discharging,18.6,26.7,16.0,17.3,14.7,1661,1878,,,
726,35269,36475,35336,27600,600000,600000,96,4067000,Discharging,18.5,31.7,12.5,12.5,17.7,2904,3309,,,
728,34934,36341,35537,27600,600000,600000,96,4067000,Discharging,21.0,25.6,19.1,19.8,19.6,2904,3310,,,
731,34800,36140,35738,27600,600000,600000,96,4068000,Discharging,22.0,15.4,7.2,27.7,37.0,1906,2211,,,
733,34867,36810,35872,27600,600000,600000,96,4067000,Discharging,22.6,15.8,14.3,33.3,27.0,2968,3299,,,
735,35001,36408,35738,27600,600000,600000,96,4066000,Discharging,22.4,15.1,8.5,13.3,53.3,2818,3246,,,
737,35135,36877,35671,27600,600000,600000,96,4067000,Discharging,22.5,17.6,7.1,16.1,48.4,2832,3250,,,
740,35470,36810,35269,27600,600000,600000,96,4069000,Discharging,19.8,13.2,7.2,14.3,44.2,1864,2170,,,
742,35336,36542,35403,27600,600000,600000,96,4067000,Discharging,18.4,15.2,8.0,33.3,17.0,2372,2534,,,
744,33929,35001,35269,27600,600000,600000,96,4071000,Discharging,12.5,12.0,7.9,6.6,23.5,1316,1277,,,
746,35135,36006,35738,27600,600000,600000,96,4067000,Discharging,18.8,14.2,8.8,20.1,32.1,2314,2618,,,
749,34867,36542,35470,27600,600000,600000,96,4065000,Discharging,20.5,30.2,14.7,20.5,16.4,1870,2103,,,
751,35068,36743,35671,27600,600000,600000,96,4067000,Discharging,18.8,24.5,17.9,15.6,16.8,2702,3161,,,
753,35135,36274,35068,27600,600000,600000,96,4073000,Discharging,18.9,27.0,16.3,17.7,14.6,2384,2480,,,
756,35202,36475,35738,27600,600000,600000,96,4064000,Discharging,17.5,25.5,17.4,9.8,17.7,1647,1889,,,
758,34733,36207,35202,27600,600000,600000,96,4065000,Discharging,17.5,27.8,15.2,17.3,9.8,2130,2330,,,
760,34733,35604,35537,27600,600000,600000,96,4063000,Discharging,16.9,25.6,15.5,12.8,13.7,2028,2237,,,
762,34130,36140,35202,27600,600000,600000,96,4072000,Discharging,13.9,19.1,10.2,13.3,12.4,1903,1934,,,
765,34264,35336,35068,27600,600000,600000,96,4072000,Discharging,13.4,19.4,14.3,10.6,9.3,1041,1052,,,
767,34465,35671,35269,27600,600000,600000,96,4059000,Discharging,12.6,18.4,15.4,9.3,8.0,1572,1644,,,
769,34532,35604,35403,27600,600000,600000,96,4064000,Discharging,15.2,21.2,13.7,12.1,14.7,2034,2263,,,
772,34532,35805,34867,27600,600000,600000,96,4067000,Discharging,13.0,18.9,11.7,11.2,9.8,1208,1307,,,
774,34532,35738,34867,27600,600000,600000,96,4070000,Discharging,12.3,17.8,12.4,12.6,7.2,1730,1701,,,
776,34331,35939,35135,27600,600000,600000,96,4062000,Discharging,11.8,19.2,9.9,8.5,8.9,1614,1682,,,
778,34465,35269,34867,27600,600000,600000,96,4069000,Discharging,12.4,17.0,13.6,6.2,13.2,1496,1512,,,
781,34197,35403,35001,27600,600000,600000,96,4068000,Discharging,13.1,15.9,8.0,22.2,5.4,999,1021,,,
783,34197,35135,34532,27600,600000,600000,96,4069000,Discharging,11.7,18.5,9.7,8.9,10.1,1491,1414,,,
785,33929,35537,34934,27600,600000,600000,96,4065000,Discharging,10.7,15.2,12.8,6.2,8.9,1402,1395,,,
787,33996,35135,34867,27600,600000,600000,96,4070000,Discharging,10.2,13.8,11.3,6.3,8.6,1352,1368,,,
790,34331,35403,35001,27600,600000,600000,96,4069000,Discharging,12.2,21.1,10.1,8.4,9.8,923,900,,,
792,34532,35403,35001,27600,600000,600000,95,4067000,Discharging,11.0,9.3,10.8,11.6,12.7,1338,1405,,,
794,34063,35671,34934,27600,600000,600000,95,4069000,Discharging,12.1,10.7,7.6,19.2,10.1,1482,1456,,,
797,34130,35202,35068,27600,600000,600000,95,4069000,Discharging,11.3,13.7,8.3,18.9,4.0,913,930,,,
799,33929,35135,35068,27600,600000,600000,95,4070000,Discharging,12.2,10.9,20.9,3.6,12.9,1346,1378,,,
801,34063,35336,34733,27600,600000,600000,95,4069000,Discharging,11.2,9.2,10.2,16.7,9.4,1380,1404,,,
803,33929,35068,34800,27600,600000,600000,95,4069000,Discharging,11.7,8.9,8.0,6.2,23.4,1502,1450,,,
806,33862,35269,34532,27600,600000,600000,95,4069000,Discharging,11.1,11.1,5.3,14.2,13.8,908,917,,,
808,33527,35269,34666,27600,600000,600000,95,4070000,Discharging,11.0,9.2,8.0,6.2,21.2,1364,1408,,,
810,33929,35202,34934,27600,600000,600000,95,4069000,Discharging,11.8,12.6,4.9,20.8,8.8,1386,1403,,,
812,34264,35604,34800,27600,600000,600000,95,4070000,Discharging,10.7,15.2,6.7,15.5,4.9,1341,1370,,,
815,34331,35135,34063,27600,600000,600000,95,4069000,Discharging,12.2,14.7,7.5,14.1,13.4,1047,965,,,
817,34063,35671,34666,27700,600000,600000,95,4070000,Discharging,10.9,14.7,11.0,9.0,8.0,1392,1390,,,
819,34063,35403,34733,27600,600000,600000,95,4063000,Discharging,11.7,17.6,11.7,8.8,9.4,1390,1404,,,
821,34063,35001,34733,27600,600000,600000,95,4061000,Discharging,11.4,16.4,15.9,8.9,4.1,1454,1448,,,
824,35269,36475,35336,27600,600000,600000,95,4065000,Discharging,19.9,24.2,12.2,23.5,19.4,1916,2135,,,
826,35403,36676,35604,27600,600000,600000,95,4064000,Discharging,21.8,21.3,15.0,38.3,12.6,2894,3260,,,
828,35001,36676,35939,27600,600000,600000,95,4058000,Discharging,21.7,12.3,6.7,29.0,38.5,2790,3274,,,
831,35403,36609,36207,27700,600000,600000,95,4062000,Discharging,23.0,14.0,9.3,11.2,57.5,1866,2168,,,
833,35202,36676,36073,27600,600000,600000,95,4062000,Discharging,22.0,14.0,7.7,9.4,55.7,2798,3244,,,
835,35068,36609,36140,27700,600000,600000,95,4063000,Discharging,23.4,17.6,11.8,29.2,35.3,2970,3295,,,
837,35202,36877,35537,27700,600000,600000,95,4066000,Discharging,21.5,14.1,9.8,5.8,55.9,2819,3320,,,
840,35470,36542,35671,27600,600000,600000,95,4062000,Discharging,21.4,14.9,9.5,6.7,54.2,1835,2164,,,
842,34398,36274,35202,27600,600000,600000,95,4066000,Discharging,15.6,15.2,13.3,16.6,17.3,1832,2000,,,
844,34398,35001,35336,27600,600000,600000,95,4064000,Discharging,13.4,18.1,8.8,17.7,8.9,1488,1328,,,
847,35001,36743,35738,27700,600000,600000,95,4066000,Discharging,19.5,18.6,20.4,25.3,13.7,1718,2058,,,
849,35135,36676,35671,27700,600000,600000,95,4067000,Discharging,19.1,28.8,13.3,13.7,20.7,2778,3182,,,
851,35202,36408,35872,27600,600000,600000,95,4062000,Discharging,19.3,30.4,17.5,13.3,15.6,2775,3156,,,
853,34934,36006,35537,27700,600000,600000,95,4059000,Discharging,16.8,22.1,17.7,11.6,16.0,2168,2442,,,
856,35001,36006,35336,27700,600000,600000,95,4069000,Discharging,18.3,27.3,9.5,18.8,17.3,1619,1721,,,
858,34934,36073,35738,27700,600000,600000,95,4068000,Discharging,16.4,24.1,16.7,11.1,13.8,2034,2226,,,
860,34934,36408,35671,27700,600000,600000,95,4067000,Discharging,18.6,27.7,14.7,18.9,12.9,2294,2510,,,
863,34264,35738,35001,27700,600000,600000,95,4063000,Discharging,12.4,16.5,10.2,13.7,9.3,1004,1022,,,
865,34666,35738,35068,27700,600000,600000,95,4059000,Discharging,13.2,14.3,10.4,18.1,9.1,1651,1609,,,
867,34398,35537,35336,27700,600000,600000,95,4067000,Discharging,13.6,17.0,13.7,12.4,11.9,1686,1796,,,
869,34800,36006,34867,27700,600000,600000,95,4063000,Discharging,14.5,23.3,11.1,12.9,10.8,2072,2308,,,
872,35202,36274,35336,27700,600000,600000,95,4061000,Discharging,13.0,19.1,10.7,15.0,7.2,1128,1207,,,
874,34063,35738,35202,27700,600000,600000,95,4059000,Discharging,11.6,18.7,8.6,10.2,9.4,1579,1677,,,
876,34331,35537,35403,27700,600000,600000,95,4066000,Discharging,12.7,17.9,11.7,9.8,11.5,1756,1744,,,
878,34465,35403,34934,27700,600000,600000,95,4066000,Discharging,11.2,16.9,11.9,7.1,9.0,1469,1532,,,
881,34599,35872,35202,27700,600000,600000,95,4065000,Discharging,12.9,15.3,10.9,11.2,13.7,977,963,,,
883,33996,35671,35068,27700,600000,600000,95,4066000,Discharging,10.8,16.0,7.6,11.4,7.6,1368,1332,,,
885,34398,35604,34733,27700,600000,600000,95,4066000,Discharging,12.0,16.0,15.6,7.2,8.8,1532,1431,,,
888,34063,35403,34666,27700,600000,600000,95,4063000,Discharging,11.0,13.3,4.9,21.1,5.3,885,923,,,
890,33862,35202,35001,27700,600000,600000,95,4067000,Discharging,11.4,16.0,15.4,6.7,7.5,1363,1389,,,
892,33929,35403,34934,27700,600000,600000,95,4066000,Discharging,11.5,11.7,7.0,14.5,12.9,1338,1398,,,
894,34197,35269,35068,27700,600000,600000,95,4065000,Discharging,10.5,17.4,12.7,5.0,7.1,1375,1366,,,
897,34532,35135,34800,27700,600000,600000,95,4061000,Discharging,12.6,16.5,11.9,11.8,9.7,1026,958,,,
899,34130,35470,34398,27700,600000,600000,95,4065000,Discharging,11.1,17.8,11.0,8.0,7.6,1352,1358,,,
901,34264,35604,35001,27700,600000,600000,95,4065000,Discharging,11.8,18.7,7.1,9.7,12.4,1397,1371,,,
903,33795,35336,34733,27700,600000,600000,95,4066000,Discharging,11.2,15.5,9.3,9.8,9.7,1366,1336,,,
906,34130,35470,35135,27700,600000,600000,95,4063000,Discharging,11.9,16.0,13.3,9.4,9.4,1038,945,,,
908,34197,35336,34666,27700,600000,600000,95,4066000,Discharging,10.3,15.9,8.5,8.0,8.6,1318,1324,,,
910,34130,35202,35135,27700,600000,600000,95,4066000,Discharging,12.0,11.9,11.1,11.5,13.4,1392,1416,,,
912,34197,35135,34599,27700,600000,600000,95,4066000,Discharging,10.7,20.2,11.4,6.3,5.3,1366,1357,,,
915,34063,35135,34867,27700,600000,600000,95,4055000,Discharging,11.3,17.6,6.2,14.6,5.4,922,915,,,
917,33929,35671,34666,27700,600000,600000,95,4062000,Discharging,11.7,13.9,11.2,12.4,10.1,1527,1448,,,
919,33862,35269,34666,27700,600000,600000,95,4065000,Discharging,11.0,14.2,10.7,12.6,6.2,1353,1371,,,
922,34197,35738,35068,27700,600000,600000,95,4066000,Discharging,13.7,16.9,9.7,11.3,17.2,1096,1144,,,
924,35403,36542,35470,27700,600000,600000,95,4061000,Discharging,20.6,28.8,17.7,20.1,16.0,2916,3305,,,
926,35068,36207,35470,27700,600000,600000,95,4059000,Discharging,22.5,31.2,17.9,23.6,16.9,3074,3304,,,
928,35269,36274,35738,27700,600000,600000,95,4060000,Discharging,21.8,18.7,15.6,35.6,17.8,2876,3296,,,
931,35269,36743,35805,27700,600000,600000,95,4056000,Discharging,22.8,15.4,10.2,36.7,29.3,1885,2160,,,
933,35336,36676,36140,27800,600000,600000,95,4060000,Discharging,21.8,12.4,11.7,18.0,44.6,2816,3318,,,
935,35537,37145,36341,27800,600000,600000,95,4060000,Discharging,22.5,13.8,10.3,18.7,46.9,2832,3280,,,
938,35604,36944,35872,27800,600000,600000,95,4063000,Discharging,21.4,12.3,6.7,23.7,42.2,1958,2221,,,
940,35001,36810,35805,27800,600000,600000,95,4057000,Discharging,21.4,13.6,7.1,22.0,42.5,2795,3298,,,
942,34331,36140,35269,27800,600000,600000,95,4064000,Discharging,13.7,16.1,9.9,15.6,13.9,1610,1640,,,
944,34130,35470,34800,27800,600000,600000,95,4064000,Discharging,13.8,18.2,13.5,11.1,12.4,1529,1536,,,
947,35403,36542,35604,27800,600000,600000,95,4061000,Discharging,20.5,30.6,17.4,15.2,17.9,1879,2076,,,
949,35068,36676,35738,27800,600000,600000,95,4063000,Discharging,19.9,20.7,16.8,21.8,20.5,2704,3168,,,
951,35537,36408,35537,27800,600000,600000,95,4059000,Discharging,20.4,29.5,13.8,18.9,19.5,2793,3130,,,
954,35068,35872,35470,27800,600000,600000,95,4060000,Discharging,18.0,21.8,14.2,15.4,20.5,1463,1615,,,
956,35336,36341,35470,27800,600000,600000,95,4055000,Discharging,18.1,22.3,18.5,18.9,13.4,2248,2444,,,
958,34934,36676,35604,27800,600000,600000,95,4063000,Discharging,16.9,25.0,18.4,11.2,12.9,2058,2064,,,
960,35135,36475,35470,27800,600000,600000,95,4064000,Discharging,16.8,26.0,14.0,14.1,13.5,2265,2496,,,
963,34733,36140,35269,27800,600000,600000,95,4064000,Discharging,13.7,18.4,12.9,8.4,13.8,1051,1059,,,
965,34599,35738,35068,27800,600000,600000,95,4060000,Discharging,12.8,19.0,13.2,12.9,6.2,1564,1592,,,
967,34465,35805,35403,27800,600000,600000,95,4063000,Discharging,15.1,20.4,17.1,12.4,10.7,1944,1986,,,
969,35001,35872,35202,27800,600000,600000,95,4064000,Discharging,14.8,23.5,11.5,13.2,11.6,2026,2220,,,
972,34599,36006,34867,27800,600000,600000,95,4065000,Discharging,12.6,18.4,16.4,8.0,7.2,1098,1159,,,
974,34532,35470,35001,27800,600000,600000,95,4053000,Discharging,11.7,18.8,14.2,7.6,6.3,1580,1672,,,
976,34331,36006,35068,27800,600000,600000,95,4056000,Discharging,11.9,18.8,8.0,11.9,8.8,1539,1596,,,
979,34331,36006,35269,27800,600000,600000,95,4057000,Discharging,13.5,19.6,14.8,9.4,11.0,1100,1051,,,
981,34398,35738,34934,27800,600000,600000,95,4063000,Discharging,11.5,17.3,10.7,9.7,8.1,1416,1432,,,
983,34264,35939,35135,27800,600000,600000,95,4063000,Discharging,11.8,12.2,15.6,10.3,8.8,1336,1345,,,
985,34398,35604,34867,27800,600000,600000,95,4063000,Discharging,10.9,7.6,6.3,6.2,23.6,1350,1400,,,
988,34733,35671,35202,27800,600000,600000,95,4055000,Discharging,11.8,16.0,8.0,15.0,8.5,1021,979,,,
990,34264,35939,35001,27800,600000,600000,95,4063000,Discharging,11.3,15.5,10.1,7.6,12.4,1384,1376,,,
992,34733,35805,35001,27800,600000,600000,95,4063000,Discharging,11.7,11.6,16.4,11.4,6.8,1346,1380,,,
994,34264,35470,35135,27800,600000,600000,95,4061000,Discharging,11.0,14.7,7.1,5.8,15.8,1366,1389,,,
997,34264,35135,34867,27800,600000,600000,95,4061000,Discharging,10.9,10.7,4.4,22.8,6.2,890,921,,,
999,34465,35336,35001,27800,600000,600000,95,4063000,Discharging,11.7,11.5,6.3,5.8,22.5,1463,1466,,,
1001,34197,35269,34465,27800,600000,600000,95,4061000,Discharging,11.1,12.4,6.3,18.9,5.8,1385,1404,,,
1003,34197,35537,34733,27800,600000,600000,95,4063000,Discharging,11.9,12.4,5.3,6.7,24.9,1378,1448,,,
1006,34599,35939,35068,27800,600000,600000,95,4061000,Discharging,11.0,15.0,6.3,10.2,11.8,950,937,,,
1008,34733,35269,34800,27800,600000,600000,95,4059000,Discharging,12.2,10.6,7.9,9.3,21.0,1513,1451,,,
1010,34264,35738,34733,27800,600000,600000,95,4062000,Discharging,11.1,13.3,12.9,9.0,7.9,1338,1362,,,
1013,34398,35403,35001,27800,600000,600000,95,4060000,Discharging,12.5,15.0,10.6,13.2,11.2,924,934,,,
1015,33795,36073,34934,27800,600000,600000,95,4061000,Discharging,10.8,14.2,15.0,6.7,6.8,1354,1347,,,
1017,34666,35872,35269,27800,600000,600000,95,4059000,Discharging,12.3,15.4,14.5,11.4,8.8,1382,1406,,,
1019,34130,35470,34934,27800,600000,600000,95,4064000,Discharging,11.2,15.7,7.5,10.5,11.5,1503,1442,,,
1022,34331,35537,35001,27800,600000,600000,95,4056000,Discharging,14.7,23.7,12.8,13.4,9.3,1277,1424,,,
1024,35537,36609,35738,27800,600000,600000,95,4057000,Discharging,19.8,30.9,15.6,18.1,14.5,2883,3314,,,
1026,35336,36207,35671,27800,600000,600000,95,4055000,Discharging,21.2,19.7,18.1,25.0,21.8,2875,3276,,,
1029,35135,36944,36140,27800,600000,600000,95,4058000,Discharging,22.8,16.7,15.4,27.4,32.1,1961,2189,,,
1031,35470,36542,36140,27800,600000,600000,95,4058000,Discharging,22.2,14.3,7.1,14.3,52.4,2814,3286,,,
1033,35872,36609,36006,27800,600000,600000,95,4057000,Discharging,22.8,13.1,12.1,45.2,20.9,2824,3296,,,
1035,35604,36944,36207,27800,600000,600000,95,4058000,Discharging,22.3,13.5,7.1,41.4,26.5,2784,3206,,,
1038,35269,36609,35805,27800,600000,600000,95,4060000,Discharging,21.4,14.9,9.4,27.3,33.8,1845,2158,,,
1040,35604,36810,36073,27800,600000,600000,95,4058000,Discharging,21.2,14.0,8.1,24.0,38.4,2866,3262,,,
1042,34599,35738,35135,27800,600000,600000,95,4057000,Discharging,11.3,11.1,14.3,12.4,7.5,1296,1236,,,
1044,35202,36408,35872,27800,600000,600000,95,4061000,Discharging,16.6,22.2,14.1,16.5,13.8,1861,1931,,,
1047,35403,36274,35738,27800,600000,600000,95,4057000,Discharging,18.8,33.2,14.4,14.2,13.0,1830,2067,,,
1049,35403,36676,35939,27800,600000,600000,95,4054000,Discharging,20.9,29.3,16.7,19.9,17.2,2939,3275,,,
1051,35202,36274,36006,27800,600000,600000,95,4057000,Discharging,18.0,31.2,16.8,11.1,13.7,2630,3032,,,
1054,35671,36475,35336,27800,600000,600000,95,4056000,Discharging,18.3,25.7,16.5,17.1,13.3,1615,1793,,,
1056,34733,36274,35537,27800,600000,600000,95,4060000,Discharging,16.0,24.0,14.7,12.1,13.1,1990,2147,,,
1058,35001,36341,35604,27800,600000,600000,95,4061000,Discharging,17.2,22.2,19.5,13.7,13.2,1924,2078,,,
1060,34398,36274,35604,27800,600000,600000,95,4056000,Discharging,15.9,22.8,11.6,12.4,17.6,2320,2460,,,
1063,34934,36140,35068,27800,600000,600000,95,4063000,Discharging,12.7,18.7,11.9,8.0,11.9,1049,1043,,,
1065,34733,35537,35269,27800,600000,600000,95,4061000,Discharging,13.1,21.2,12.8,10.4,8.1,1582,1601,,,
1067,35135,36140,35269,27800,600000,600000,95,4055000,Discharging,14.4,20.5,11.1,15.9,9.8,1896,2068,,,
1070,34867,36542,35470,27800,600000,600000,95,4056000,Discharging,14.9,20.2,11.7,11.6,16.4,1397,1457,,,
1072,34867,36073,35336,27800,600000,600000,95,4062000,Discharging,11.6,15.6,12.1,9.4,9.8,1595,1691,,,
1074,34733,35939,35269,27800,600000,600000,95,4060000,Discharging,12.7,18.5,12.1,8.5,11.2,1599,1668,,,
1076,34666,36207,35001,27800,600000,600000,95,4056000,Discharging,11.2,15.4,14.2,8.0,7.6,1492,1516,,,
1079,34264,36006,35001,27800,600000,600000,95,4060000,Discharging,13.7,17.6,11.2,10.6,15.6,1010,1014,,,
1081,34733,36140,35537,27800,600000,600000,95,4061000,Discharging,11.2,17.8,11.5,8.9,6.8,1596,1512,,,
1083,33728,35202,35068,27800,600000,600000,95,4060000,Discharging,11.3,12.0,12.8,13.3,6.2,1346,1388,,,
1085,34532,35403,34800,27900,600000,600000,95,4056000,Discharging,11.8,17.0,10.1,13.8,5.8,1382,1380,,,
1088,34264,35872,35202,27800,600000,600000,95,4059000,Discharging,10.8,15.2,7.1,14.7,6.6,918,897,,,
1090,34599,35671,35269,27800,600000,600000,95,4053000,Discharging,12.7,11.0,4.4,26.1,9.0,1488,1454,,,
1092,34197,35604,34934,27900,600000,600000,95,4053000,Discharging,10.6,9.7,4.4,22.1,6.2,1389,1401,,,
1095,34331,35604,35001,27800,600000,600000,95,4058000,Discharging,11.8,15.6,10.2,10.5,11.2,952,951,,,
1097,33996,35336,34934,27800,600000,600000,95,4059000,Discharging,11.1,15.9,8.1,9.3,11.2,1341,1352,,,
1099,34532,35403,35135,27800,600000,600000,95,4058000,Discharging,11.5,15.8,12.9,8.1,9.3,1332,1331,,,
1101,34532,35604,34934,27800,600000,600000,95,4060000,Discharging,11.3,17.1,10.7,9.3,8.4,1490,1415,,,
1104,34130,35604,34867,27800,600000,600000,95,4060000,Discharging,11.3,11.4,11.6,9.2,13.1,892,907,,,
1106,34465,35671,35336,27800,600000,600000,95,4061000,Discharging,12.1,11.2,9.7,6.7,20.3,1382,1415,,,
1108,34331,35202,34867,27800,600000,600000,95,4059000,Discharging,10.7,14.5,8.0,5.4,14.2,1374,1411,,,
1110,34264,35872,34867,27800,600000,600000,95,4058000,Discharging,12.3,10.1,10.7,15.6,13.2,1550,1466,,,
1113,34264,35805,34331,27800,600000,600000,95,4060000,Discharging,11.0,12.0,8.9,13.3,9.7,896,932,,,
1115,34465,35403,34934,27800,600000,600000,95,4060000,Discharging,11.6,10.6,13.8,11.8,10.2,1340,1368,,,
1117,33527,35604,34666,27800,600000,600000,95,4060000,Discharging,11.3,10.1,18.5,6.3,10.7,1356,1420,,,
1120,34197,35403,35001,27800,600000,600000,95,4057000,Discharging,11.6,13.8,8.0,14.2,10.2,909,903,,,
1122,35403,36408,34934,27900,600000,600000,95,4056000,Discharging,18.4,20.3,13.3,20.0,19.8,2490,2636,,,
1124,35403,36475,35403,27900,600000,600000,95,4055000,Discharging,21.8,18.8,12.1,12.2,44.2,2794,3292,,,
1126,35269,36877,35872,27900,600000,600000,95,4056000,Discharging,22.3,16.5,5.9,41.5,25.1,2839,3278,,,
1129,35269,36810,35872,27900,600000,600000,95,4051000,Discharging,22.0,13.3,14.1,28.1,32.3,1859,2173,,,
1131,35336,36810,35872,27900,600000,600000,95,4054000,Discharging,23.2,13.1,11.6,56.4,11.4,2942,3286,,,
1133,35872,36944,36073,27900,600000,600000,95,4054000,Discharging,22.1,13.2,10.3,23.9,40.2,2836,3308,,,
1135,35202,36743,35738,27900,600000,600000,95,4054000,Discharging,22.3,16.8,13.5,37.8,21.0,2832,3248,,,
1138,35336,37011,35671,27900,600000,600000,95,4057000,Discharging,20.1,15.3,9.9,15.6,40.3,1856,2204,,,
1140,35336,36743,36207,27900,600000,600000,95,4056000,Discharging,20.4,13.8,8.6,33.2,26.1,2446,2740,,,
1142,34599,35872,35001,27900,600000,600000,95,4056000,Discharging,11.8,17.6,11.8,10.2,6.8,1432,1236,,,
1145,35135,36542,35604,27900,600000,600000,95,4052000,Discharging,17.7,25.1,18.1,15.9,11.2,1443,1576,,,
1147,35336,36810,35604,27900,600000,600000,95,4055000,Discharging,18.1,26.7,12.2,17.5,16.4,2709,3144,,,
1149,35403,37011,35872,27900,600000,600000,95,4050000,Discharging,18.1,29.7,9.3,18.6,14.8,2736,3187,,,
1151,35336,36944,35872,27900,600000,600000,95,4052000,Discharging,19.1,23.2,15.8,20.4,17.0,2478,2606,,,
1154,35202,36475,35738,27900,600000,600000,95,4056000,Discharging,16.9,27.2,10.5,14.9,14.7,1657,1902,,,
1156,34666,36341,35604,27900,600000,600000,95,4058000,Discharging,17.6,25.7,17.7,12.5,13.9,2006,2091,,,
1158,34934,36810,35738,27900,600000,600000,95,4057000,Discharging,16.1,25.3,15.7,14.7,9.4,2048,2221,,,
1161,34666,35939,35336,27900,600000,600000,95,4057000,Discharging,15.8,23.0,11.6,15.2,12.2,1252,1321,,,
1163,34733,35336,35135,27900,600000,600000,95,4058000,Discharging,12.9,20.9,15.4,8.5,8.0,1706,1680,,,
1165,34934,35738,35202,27900,600000,600000,95,4061000,Discharging,14.3,15.2,18.4,13.4,9.7,1596,1674,,,
1167,35068,36207,35202,27900,600000,600000,95,4059000,Discharging,14.1,23.7,7.7,16.3,8.6,1994,2172,,,
1170,34867,36542,35604,27900,600000,600000,95,4057000,Discharging,13.3,19.3,12.9,10.4,10.7,1252,1356,,,
1172,34130,35939,35269,27900,600000,600000,95,4058000,Discharging,12.5,17.0,10.2,12.9,10.3,1743,1751,,,
1174,34599,35872,35202,27900,600000,600000,95,4057000,Discharging,11.5,15.6,12.4,11.7,6.3,1556,1695,,,
1176,34666,36140,35336,27900,600000,600000,95,4057000,Discharging,11.7,14.7,13.4,7.5,11.6,1422,1382,,,
1179,34867,35939,34867,27900,600000,600000,95,4058000,Discharging,13.5,19.2,11.2,10.7,12.4,1028,1068,,,
1181,34733,36073,35269,27900,600000,600000,95,4059000,Discharging,12.1,18.1,6.8,9.3,14.5,1418,1382,,,
1183,34599,35939,35336,27900,600000,600000,95,4059000,Discharging,11.2,15.6,11.1,9.6,7.2,1523,1430,,,
1186,34666,35269,34800,27900,600000,600000,95,4056000,Discharging,12.0,16.7,17.7,8.0,6.7,922,925,,,
1188,34398,35470,35202,27900,600000,600000,95,4047000,Discharging,11.1,14.7,7.1,13.3,9.7,1390,1378,,,
1190,34130,35403,34733,27900,600000,600000,95,4050000,Discharging,10.9,17.5,6.3,8.0,10.6,1379,1348,,,
1192,34331,35604,35068,27900,600000,600000,95,4058000,Discharging,12.1,12.1,7.2,16.7,12.1,1474,1444,,,
1195,34331,35604,35068,27900,600000,600000,95,4057000,Discharging,10.9,16.1,8.0,10.3,9.3,938,904,,,
1197,34331,35336,34666,27900,600000,600000,95,4053000,Discharging,11.5,17.5,10.2,10.2,8.9,1370,1328,,,
1199,34599,35403,35336,27900,600000,600000,95,4057000,Discharging,11.2,11.0,14.2,8.3,11.7,1378,1406,,,
1201,34398,35872,35403,27900,600000,600000,95,4057000,Discharging,11.6,9.5,6.2,19.7,10.2,1370,1388,,,
1204,34264,35671,35202,27900,600000,600000,95,4057000,Discharging,11.6,13.7,14.9,13.6,4.9,1020,982,,,
1206,34331,35805,35001,27900,600000,600000,95,4051000,Discharging,11.8,15.2,9.0,10.1,12.1,1366,1384,,,
1208,34197,35805,34666,27900,600000,600000,95,4056000,Discharging,11.2,11.5,18.1,7.4,8.0,1340,1400,,,
1210,34264,35671,35068,27900,600000,600000,95,4057000,Discharging,11.0,17.8,4.9,14.1,6.8,1360,1392,,,
1213,34264,35202,34934,27900,600000,600000,95,4057000,Discharging,11.6,13.8,8.5,19.5,4.0,955,945,,,
1215,34398,35403,35135,27900,600000,600000,95,4053000,Discharging,10.9,11.7,6.6,10.2,15.4,1345,1398,,,
1217,34532,35336,34934,27900,600000,600000,95,4056000,Discharging,11.8,10.8,19.8,6.6,9.8,1382,1378,,,
1220,33929,35537,35135,27900,600000,600000,95,4056000,Discharging,11.5,11.5,6.6,16.2,11.5,926,969,,,
1222,35269,36475,35671,27900,600000,600000,95,4051000,Discharging,21.0,21.1,10.3,15.5,36.8,2638,2978,,,
1224,35202,37145,35805,27900,600000,600000,95,4053000,Discharging,20.8,20.3,15.9,23.8,23.8,2971,3348,,,
1226,35604,36743,35939,27900,600000,600000,95,4051000,Discharging,22.8,18.5,17.0,23.4,32.0,2824,3244,,,
1229,35202,36944,35872,27900,600000,600000,95,4052000,Discharging,22.2,15.3,7.6,22.1,43.4,1875,2219,,,
1231,35604,37145,36073,27900,600000,600000,95,4049000,Discharging,21.6,12.8,7.2,45.6,19.6,2792,3280,,,
1233,35738,37078,35939,27900,600000,600000,95,4052000,Discharging,22.1,14.9,9.3,42.4,22.1,2950,3318,,,
1236,35537,37011,36341,27900,600000,600000,95,4053000,Discharging,21.4,20.0,6.7,48.9,10.2,1883,2157,,,
1238,35537,37413,35939,27900,600000,600000,95,4054000,Discharging,20.8,12.4,8.1,9.0,52.4,2794,3310,,,
1240,35336,36073,35403,28000,600000,600000,95,4052000,Discharging,17.4,15.9,9.8,20.3,24.3,2138,2332,,,
1242,34666,36006,35202,27900,600000,600000,95,4056000,Discharging,12.7,13.8,9.3,13.4,13.8,1288,1222,,,
1245,35336,36274,35336,27900,600000,600000,95,4050000,Discharging,17.9,23.7,16.4,17.1,14.9,1714,1846,,,
1247,35068,36877,35738,28000,600000,600000,95,4050000,Discharging,19.9,26.7,17.3,14.2,21.4,2757,3128,,,
1249,35604,36676,35872,27900,600000,600000,95,4046000,Discharging,18.5,31.6,16.3,9.8,16.4,2719,3198,,,
1252,35135,36274,35805,27900,600000,600000,95,4057000,Discharging,17.8,30.5,14.6,15.0,10.8,1488,1602,,,
1254,35671,36341,35939,27900,600000,600000,95,4048000,Discharging,17.5,24.9,15.9,16.0,13.7,2534,2738,,,
1256,34934,36207,35403,27900,600000,600000,95,4057000,Discharging,15.8,26.6,9.5,15.6,12.1,2169,2395,,,
1258,34800,36408,35604,28000,600000,600000,95,4049000,Discharging,18.1,27.4,14.0,13.3,18.3,2168,2307,,,
1261,34934,35671,35269,27900,600000,600000,95,4057000,Discharging,13.7,20.0,12.4,9.2,12.3,1123,1175,,,
1263,35068,36274,35269,27900,600000,600000,95,4057000,Discharging,13.5,18.3,11.6,13.5,11.1,1592,1596,,,
1265,34532,36140,35336,28000,600000,600000,95,4052000,Discharging,13.0,19.5,10.7,11.5,10.7,1686,1660,,,
1267,34599,36140,35604,27900,600000,600000,95,4054000,Discharging,15.9,19.4,13.3,17.0,13.3,2066,2323,,,
1270,34934,35872,35336,27900,600000,600000,95,4052000,Discharging,12.7,18.3,9.0,11.1,13.3,1176,1292,,,
1272,35068,35939,35202,27900,600000,600000,95,4055000,Discharging,12.2,17.5,9.9,9.7,11.7,1598,1649,,,
1274,34733,36341,35470,28000,600000,600000,95,4051000,Discharging,11.9,18.7,13.3,8.1,7.2,1718,1706,,,
1277,34130,35805,34934,27900,600000,600000,95,4055000,Discharging,11.1,16.9,10.7,9.7,8.4,997,1011,,,
1279,34867,36274,35001,27900,600000,600000,95,4054000,Discharging,13.5,17.0,17.3,6.7,11.6,1476,1487,,,
1281,34532,35671,35001,27900,600000,600000,95,4054000,Discharging,10.7,15.2,8.9,8.0,10.2,1351,1359,,,
1283,34331,35805,35872,28000,600000,600000,95,4052000,Discharging,12.2,16.5,12.8,11.9,7.6,1389,1379,,,
1286,34733,35671,35202,27900,600000,600000,95,4055000,Discharging,11.3,9.8,10.2,20.4,5.3,970,950,,,
1288,34331,35537,35135,28000,600000,600000,95,4056000,Discharging,12.0,11.6,8.5,15.1,12.3,1364,1389,,,
1290,34800,35604,34800,27900,600000,600000,95,4056000,Discharging,10.8,17.7,9.7,5.0,11.1,1391,1390,,,
1292,34733,35872,35135,27900,600000,600000,95,4056000,Discharging,11.2,15.2,12.9,9.8,7.6,1384,1364,,,
1295,34599,35336,34867,27900,600000,600000,95,4055000,Discharging,11.5,16.0,13.2,9.8,5.4,1008,949,,,
1297,34063,35470,35269,28000,600000,600000,95,4056000,Discharging,10.8,12.9,14.5,8.0,8.8,1363,1392,,,
1299,34331,35537,34599,27900,600000,600000,95,4056000,Discharging,12.2,17.8,13.3,8.9,8.0,1376,1372,,,
1302,33996,35671,35135,28000,600000,600000,95,4055000,Discharging,11.4,17.0,8.3,13.2,6.6,915,900,,,
1304,34398,35604,35135,28000,600000,600000,95,4053000,Discharging,11.8,8.5,24.1,6.2,8.9,1362,1414,,,
1306,34666,35470,34800,28000,600000,600000,95,4054000,Discharging,11.1,8.4,6.7,22.0,7.1,1481,1436,,,
1308,34666,35269,35135,27900,600000,600000,95,4056000,Discharging,11.6,12.6,9.3,15.0,9.3,1372,1432,,,
1311,34197,35470,35001,28000,600000,600000,94,4048000,Discharging,10.8,13.6,5.3,6.2,18.1,919,927,,,
1313,34465,36408,35068,28000,600000,600000,94,4056000,Discharging,11.8,17.0,8.4,10.6,11.7,1419,1386,,,
1315,34130,35671,35068,28000,600000,600000,94,4054000,Discharging,11.0,15.1,7.6,10.2,11.5,1532,1445,,,
1317,34264,35403,35068,28000,600000,600000,94,4050000,Discharging,10.4,12.3,8.4,10.3,9.8,1358,1345,,,
1320,34398,35470,34733,28000,600000,600000,94,4047000,Discharging,12.6,12.8,19.9,8.4,10.2,965,978,,,
1322,35135,36676,35805,28000,600000,600000,94,4049000,Discharging,21.3,24.3,16.5,16.0,27.1,2886,3257,,,
1324,35403,36810,35939,28000,600000,600000,94,4049000,Discharging,22.2,19.0,13.5,20.4,35.8,2830,3250,,,
1326,35470,36810,36140,28000,600000,600000,94,4045000,Discharging,21.8,18.3,10.2,12.5,45.3,2985,3342,,,
1329,35872,36408,36006,28000,600000,600000,94,4049000,Discharging,22.4,13.2,11.2,29.3,36.6,1864,2222,,,
1331,35805,36609,36207,28000,600000,600000,94,4050000,Discharging,22.0,12.4,8.4,14.7,52.0,2830,3287,,,
1333,35872,36944,36207,28000,600000,600000,94,4050000,Discharging,22.9,13.7,14.3,14.1,48.9,2800,3230,,,
1336,35537,37011,36475,28000,600000,600000,94,4052000,Discharging,21.0,15.5,9.4,28.3,30.6,1964,2239,,,
1338,35939,37212,36475,28000,600000,600000,94,4049000,Discharging,20.5,11.0,12.6,42.7,15.2,2750,3248,,,
1340,35068,36073,35403,28000,600000,600000,94,4052000,Discharging,15.8,19.8,15.1,12.3,16.5,1814,1871,,,
1342,34130,35604,35269,28000,600000,600000,94,4049000,Discharging,12.4,14.5,18.9,9.7,6.7,1349,1335,,,
1345,35068,36475,35872,28000,600000,600000,94,4049000,Discharging,19.9,26.2,16.0,19.4,17.3,1767,2050,,,
1347,35604,36810,35604,28000,600000,600000,94,4052000,Discharging,19.2,32.0,10.3,20.3,15.0,2871,3161,,,
1349,35537,37346,36207,28000,600000,600000,94,4054000,Discharging,19.7,26.7,15.6,16.4,20.0,2772,3196,,,
1352,35001,36408,35336,28000,600000,600000,94,4045000,Discharging,16.7,27.2,14.7,15.4,9.0,1510,1651,,,
1354,35001,36341,35671,28000,600000,600000,94,4054000,Discharging,18.0,23.5,12.6,24.0,12.9,2270,2504,,,
1356,35068,36274,35939,28000,600000,600000,94,4054000,Discharging,16.2,25.6,9.0,14.3,15.6,2158,2260,,,
1358,35135,36609,35872,28000,600000,600000,94,4054000,Discharging,17.4,28.6,16.8,13.8,9.8,2186,2450,,,
1361,34666,36006,35336,28000,600000,600000,94,4054000,Discharging,12.4,20.9,9.8,10.2,8.4,1045,1035,,,
1363,34599,36006,35671,28000,600000,600000,94,4055000,Discharging,12.3,19.9,8.5,11.7,9.4,1552,1600,,,
1365,34867,36207,34867,28000,600000,600000,94,4049000,Discharging,13.9,19.8,15.0,9.4,11.2,1776,1817,,,
1368,35202,36877,35671,28000,600000,600000,94,4053000,Discharging,14.7,24.2,11.6,13.3,9.8,1467,1541,,,
1370,34934,36006,35403,28000,600000,600000,94,4045000,Discharging,13.0,20.6,11.3,9.7,10.4,1694,1774,,,
1372,34666,36207,35537,28000,600000,600000,94,4053000,Discharging,11.7,19.0,6.3,12.4,9.3,1598,1664,,,
1374,34800,36006,35403,28000,600000,600000,94,4053000,Discharging,13.1,16.4,12.9,11.5,10.4,1560,1644,,,
1377,34666,36073,35403,28000,600000,600000,94,4053000,Discharging,12.2,17.4,9.7,10.5,12.3,1077,1023,,,
1379,34532,36207,35336,28000,600000,600000,94,4049000,Discharging,13.1,18.0,12.7,9.7,12.1,1433,1446,,,
1381,34398,35671,35068,28000,600000,600000,94,4045000,Discharging,11.1,15.4,9.6,15.6,4.8,1371,1377,,,
1383,34398,35939,34934,28000,600000,600000,94,4050000,Discharging,11.2,8.5,5.4,21.6,7.9,1342,1370,,,
1386,34264,35671,34934,28000,600000,600000,94,4048000,Discharging,12.1,16.1,10.2,8.4,13.3,932,908,,,
1388,34465,35671,35135,28000,600000,600000,94,4051000,Discharging,10.8,17.0,6.2,12.3,9.0,1498,1452,,,
1390,34666,35537,35336,28000,600000,600000,94,4053000,Discharging,11.9,11.6,14.7,10.6,10.2,1392,1394,,,
1393,34733,35939,35001,28000,600000,600000,94,4052000,Discharging,10.5,15.2,7.6,11.6,7.1,904,907,,,
1395,33996,35872,35202,28000,600000,600000,94,4049000,Discharging,11.7,17.3,13.0,10.2,6.7,1417,1355,,,
1397,33929,35671,35202,28000,600000,600000,94,4052000,Discharging,11.0,14.0,13.2,7.1,9.3,1494,1395,,,
1399,34331,35001,35135,28000,600000,600000,94,4051000,Discharging,11.5,12.1,10.2,12.4,11.6,1322,1356,,,
1402,34465,35537,34934,28000,600000,600000,94,4050000,Discharging,10.4,17.9,7.3,9.3,6.7,920,904,,,
1404,34532,35470,35135,28000,600000,600000,94,4049000,Discharging,10.7,15.1,7.1,11.4,9.9,1358,1355,,,
1406,34532,35470,35403,28000,600000,600000,94,4053000,Discharging,12.0,11.1,15.9,11.5,8.9,1376,1438,,,
1408,34465,36207,35135,28000,600000,600000,94,4053000,Discharging,10.5,8.5,19.1,5.9,8.1,1456,1437,,,
1411,34264,35470,35403,28000,600000,600000,94,4052000,Discharging,11.9,9.9,9.0,7.6,20.7,921,939,,,
1413,34666,36006,35202,28000,600000,600000,94,4053000,Discharging,10.5,17.9,6.7,8.0,9.7,1332,1334,,,
1415,34532,35537,35001,28000,600000,600000,94,4053000,Discharging,12.0,14.2,9.4,15.1,9.3,1390,1394,,,
1417,34666,35671,34800,28000,600000,600000,94,4051000,Discharging,10.9,15.3,9.3,8.8,10.3,1498,1402,,,
1420,34532,36207,35470,28000,600000,600000,94,4051000,Discharging,14.8,20.9,10.7,8.4,19.7,1201,1266,,,
1422,35470,36475,35671,28000,600000,600000,94,4046000,Discharging,18.7,24.9,14.9,14.0,20.8,2826,3264,,,
1424,35537,36341,36073,28000,600000,600000,94,4047000,Discharging,20.9,18.3,10.3,18.9,35.0,2823,3286,,,
1427,35537,37212,36073,28000,600000,600000,94,4047000,Discharging,22.8,12.3,8.4,44.9,25.9,1875,2174,,,
1429,35269,36810,36006,28000,600000,600000,94,4046000,Discharging,22.0,12.2,9.0,28.2,38.5,2932,3297,,,
1431,35403,36877,35738,28000,600000,600000,94,4048000,Discharging,23.2,15.0,10.6,12.5,54.1,2824,3276,,,
1433,35604,37145,36140,28000,600000,600000,94,4048000,Discharging,22.0,12.9,8.9,31.6,34.4,2829,3304,,,
1436,35872,36609,36408,28000,600000,600000,94,4051000,Discharging,21.4,13.2,10.8,12.6,48.0,1850,2168,,,
1438,35738,37212,36542,28100,600000,600000,94,4040000,Discharging,21.1,14.1,8.4,30.7,31.1,2939,3318,,,
1440,34934,36475,35135,28000,600000,600000,94,4047000,Discharging,13.3,16.8,11.9,13.2,11.6,1435,1413,,,
1443,34733,36207,35805,28000,600000,600000,94,4049000,Discharging,14.3,19.6,14.4,15.9,7.9,1107,1170,,,
1445,35470,36743,36274,28100,600000,600000,94,4046000,Discharging,18.8,27.4,16.1,16.3,14.9,2694,3115,,,
1447,35805,37011,35805,28100,600000,600000,94,4047000,Discharging,19.3,32.4,16.0,16.7,11.7,2714,3130,,,
1449,35805,37279,36207,28000,600000,600000,94,4048000,Discharging,18.5,31.6,18.3,14.7,9.0,2874,3181,,,
1452,35738,37145,36073,28000,600000,600000,94,4041000,Discharging,18.3,28.2,17.2,12.9,15.2,1528,1696,,,
1454,35001,36207,35671,28100,600000,600000,94,4049000,Discharging,16.5,24.9,16.9,12.8,11.6,2082,2268,,,
1456,35068,36341,35604,28000,600000,600000,94,4052000,Discharging,16.7,26.1,9.4,17.3,13.4,1857,1927,,,
1459,35604,36207,36006,28000,600000,600000,94,4052000,Discharging,15.9,23.5,8.9,19.5,12.4,1601,1701,,,
1461,35001,36341,35604,28000,600000,600000,94,4051000,Discharging,12.9,17.9,15.6,7.6,10.4,1546,1578,,,
1463,34599,35805,34867,28000,600000,600000,94,4049000,Discharging,12.7,20.1,8.9,10.1,12.1,1572,1614,,,
1465,34800,36073,35001,28100,600000,600000,94,4052000,Discharging,14.4,22.9,17.1,10.3,6.8,1841,1953,,,
1468,34867,36274,35671,28000,600000,600000,94,4052000,Discharging,14.1,21.8,12.2,8.9,13.7,1272,1379,,,
1470,34934,36207,35872,28000,600000,600000,94,4051000,Discharging,12.0,17.0,8.8,11.1,10.3,1756,1772,,,
1472,34465,36140,35671,28000,600000,600000,94,4047000,Discharging,12.5,18.9,8.1,14.2,8.1,1606,1674,,,
1474,34733,36140,35336,28000,600000,600000,94,4050000,Discharging,11.1,17.8,6.7,10.3,9.8,1486,1556,,,
1477,34264,36006,35001,28000,600000,600000,94,4051000,Discharging,13.4,19.8,12.1,15.6,7.1,1012,990,,,
1479,34666,36408,34934,28000,600000,600000,94,4050000,Discharging,11.3,15.8,8.9,10.3,9.0,1580,1530,,,
1481,34599,36006,35403,28100,600000,600000,94,4051000,Discharging,11.7,15.2,11.5,12.5,8.5,1393,1394,,,
1484,34197,35805,35269,28100,600000,600000,94,4052000,Discharging,10.7,18.6,7.6,8.8,8.0,893,880,,,
1486,34532,35336,34733,28000,600000,600000,94,4052000,Discharging,11.4,17.3,10.6,10.3,7.1,1375,1352,,,
1488,34130,35604,35269,28100,600000,600000,94,4051000,Discharging,10.8,13.3,8.0,10.4,11.1,1388,1340,,,
1490,34532,36207,35403,28100,600000,600000,94,4052000,Discharging,10.4,15.6,9.8,7.6,8.5,1508,1424,,,
1493,34532,35068,35269,28100,600000,600000,94,4051000,Discharging,11.4,18.8,7.6,9.0,9.9,931,914,,,
1495,34532,36207,35135,28100,600000,600000,94,4051000,Discharging,10.8,15.1,11.0,11.2,6.2,1410,1408,,,
1497,34599,35939,35135,28000,600000,600000,94,4050000,Discharging,12.2,13.7,11.4,8.9,15.6,1348,1362,,,
1499,34264,36207,35738,28100,600000,600000,94,4049000,Discharging,11.1,13.4,11.0,14.0,5.9,1518,1440,,,
1502,34398,35939,35068,28100,600000,600000,94,4043000,Discharging,11.7,14.7,12.5,9.8,9.3,921,902,,,
1504,34599,35537,34800,28100,600000,600000,94,4046000,Discharging,10.5,15.2,11.2,6.2,8.9,1337,1332,,,
1506,34264,35403,34800,28000,600000,600000,94,4046000,Discharging,11.6,15.6,10.9,12.5,8.0,1361,1378,,,
1509,34264,36073,35135,28100,600000,600000,94,4044000,Discharging,11.0,9.8,7.1,11.9,15.2,880,912,,,
1511,34264,35805,35001,28100,600000,600000,94,4050000,Discharging,11.2,12.6,5.3,12.8,14.2,1558,1496,,,
1513,34733,35403,34733,28100,600000,600000,94,4050000,Discharging,11.7,10.8,8.0,13.8,13.7,1326,1352,,,
1515,34465,35805,35336,28100,600000,600000,94,4046000,Discharging,11.1,15.8,5.8,13.2,9.3,1421,1388,,,
1518,34398,35604,34934,28100,600000,600000,94,4048000,Discharging,11.6,16.5,13.6,11.3,4.9,912,892,,,
1520,35336,36207,36140,28100,600000,600000,94,4044000,Discharging,16.9,26.2,14.9,12.0,14.8,2440,2616,,,
1522,35336,37145,35939,28100,600000,600000,94,4044000,Discharging,20.9,21.5,18.4,18.2,25.2,2824,3291,,,
1524,35738,37011,36408,28100,600000,600000,94,4041000,Discharging,21.4,15.1,8.0,45.6,17.5,2745,3240,,,
1527,35336,36877,36475,28100,600000,600000,94,4044000,Discharging,23.3,15.8,10.6,16.1,49.6,1886,2172,,,
1529,35671,36944,36408,28100,600000,600000,94,4044000,Discharging,21.8,12.8,13.7,26.0,34.1,2800,3251,,,
1531,35403,36877,36341,28100,600000,600000,94,4045000,Discharging,22.2,13.2,7.1,11.1,57.3,2994,3362,,,
1534,35939,37011,36274,28100,600000,600000,94,4045000,Discharging,22.9,17.5,8.9,11.0,53.7,1894,2206,,,
1536,36274,36609,35939,28100,600000,600000,94,4048000,Discharging,19.4,11.9,5.9,8.4,52.0,2789,3254,,,
1538,36006,37145,35939,28100,600000,600000,94,4043000,Discharging,20.4,12.4,12.4,6.7,48.7,2422,2734,,,
1540,34934,35939,35269,28100,600000,600000,94,4045000,Discharging,11.5,16.1,13.1,8.5,8.9,1447,1282,,,
1543,34934,36542,35872,28100,600000,600000,94,4047000,Discharging,17.5,25.7,14.2,12.8,17.5,1414,1550,,,
1545,35738,36609,36140,28100,600000,600000,94,4048000,Discharging,18.8,31.7,12.6,13.8,16.8,2777,3168,,,
1547,35738,36743,35939,28100,600000,600000,94,4048000,Discharging,20.4,25.6,14.2,27.0,15.6,2814,3180,,,
1550,35269,36542,35939,28100,600000,600000,94,4045000,Discharging,17.2,25.0,20.3,13.8,9.5,1591,1777,,,
1552,35738,36676,36006,28100,600000,600000,94,4042000,Discharging,17.6,27.3,9.5,18.8,15.0,2620,2882,,,
1554,35202,36408,35738,28100,600000,600000,94,4046000,Discharging,16.2,26.1,12.9,16.8,9.6,1958,2083,,,
1556,35068,36341,35537,28100,600000,600000,94,4050000,Discharging,16.6,24.2,16.0,14.9,11.1,2084,2236,,,
1559,35336,36073,35805,28100,600000,600000,94,4051000,Discharging,15.4,22.5,14.3,9.9,14.2,1271,1363,,,
1561,35135,36274,35537,28100,600000,600000,94,4050000,Discharging,13.2,18.3,12.8,10.6,11.5,1730,1660,,,
1563,34800,35671,35537,28100,600000,600000,94,4043000,Discharging,13.1,21.0,12.1,11.6,7.6,1584,1574,,,
1565,34867,36408,35403,28100,600000,600000,94,4047000,Discharging,14.4,23.0,10.7,8.4,15.4,1990,2195,,,
1568,35135,36475,35604,28100,600000,600000,94,4044000,Discharging,14.1,22.9,11.6,15.6,6.3,1274,1365,,,
1570,34867,36207,35403,28100,600000,600000,94,4043000,Discharging,11.5,18.5,11.6,9.0,7.1,1568,1630,,,
1572,35068,36140,35068,28100,600000,600000,94,4049000,Discharging,12.6,20.4,13.4,8.4,7.7,1744,1741,,,
1575,34398,35671,35135,28100,600000,600000,94,4049000,Discharging,11.3,17.9,11.9,8.8,7.2,942,942,,,
1577,34934,35738,35135,28100,600000,600000,94,4046000,Discharging,13.3,22.8,6.2,11.6,12.0,1608,1616,,,
1579,34934,35671,35202,28100,600000,600000,94,4046000,Discharging,11.7,15.2,11.1,15.9,5.8,1396,1406,,,
1581,34800,35939,35470,28100,600000,600000,94,4043000,Discharging,11.1,13.6,8.9,10.6,11.0,1496,1438,,,
1584,34599,35738,35001,28100,600000,600000,94,4044000,Discharging,11.8,13.5,7.2,14.0,12.4,913,910,,,
1586,34599,35738,35403,28100,600000,600000,94,4048000,Discharging,11.1,12.9,14.0,7.0,10.4,1398,1388,,,
1588,33862,35872,34666,28100,600000,600000,94,4045000,Discharging,12.0,13.9,14.5,11.1,8.8,1366,1392,,,
1590,34800,35470,35202,28100,600000,600000,94,4042000,Discharging,10.8,17.0,8.9,7.5,9.8,1344,1356,,,
1593,34331,35671,35403,28100,600000,600000,94,4045000,Discharging,11.7,17.9,9.3,9.4,9.7,1012,946,,,
1595,34867,35805,35537,28100,600000,600000,94,4049000,Discharging,11.1,17.9,9.8,8.4,8.8,1390,1366,,,
1597,33996,35872,35068,28100,600000,600000,94,4047000,Discharging,10.6,9.5,18.5,6.2,7.6,1355,1382,,,
1599,34800,35470,35202,28100,600000,600000,94,4046000,Discharging,12.2,16.8,10.3,10.0,11.6,1366,1358,,,
1602,34398,35805,35135,28100,600000,600000,94,4045000,Discharging,11.4,11.7,7.5,8.5,17.1,1025,976,,,
1604,34733,35939,35537,28100,600000,600000,94,4048000,Discharging,11.4,14.3,12.3,13.2,6.3,1370,1370,,,
1606,34800,35738,35269,28100,600000,600000,94,4049000,Discharging,11.1,16.0,9.3,11.6,7.5,1408,1366,,,
1609,34398,35470,35202,28100,600000,600000,94,4047000,Discharging,11.6,11.7,12.9,11.1,10.3,890,896,,,
1611,34398,35939,35135,28100,600000,600000,94,4045000,Discharging,10.5,16.1,10.7,9.8,5.8,1358,1378,,,
1613,34599,35537,34733,28100,600000,600000,94,4048000,Discharging,11.9,14.7,12.3,10.2,9.9,1488,1422,,,
1615,34800,35671,34934,28100,600000,600000,94,4048000,Discharging,11.1,15.6,6.2,13.2,9.3,1380,1395,,,
1618,34197,35738,35403,28100,600000,600000,94,4048000,Discharging,10.8,14.4,4.4,10.5,14.0,904,913,,,
1620,34532,36140,35671,28100,600000,600000,94,4043000,Discharging,19.5,23.3,10.3,25.3,19.1,2456,2807,,,
1622,35202,36810,35671,28200,600000,600000,94,4043000,Discharging,20.6,22.6,13.3,25.7,21.6,2994,3322,,,
1624,35537,36877,36341,28100,600000,600000,94,4044000,Discharging,22.5,21.4,14.6,24.7,28.9,2873,3264,,,
1627,35135,36877,36341,28100,600000,600000,94,4039000,Discharging,21.4,14.1,10.2,35.8,26.1,1879,2171,,,
1629,35470,37212,36408,28200,600000,600000,94,4042000,Discharging,22.5,12.7,8.1,44.7,24.0,2778,3265,,,
1631,35671,36743,36475,28200,600000,600000,94,4043000,Discharging,22.0,16.8,11.9,38.7,19.2,2849,3259,,,
1634,35604,36944,36542,28200,600000,600000,94,4043000,Discharging,22.7,14.2,10.7,13.3,52.4,2001,2229,,,
1636,35738,37145,36408,28200,600000,600000,94,4043000,Discharging,19.6,11.6,9.7,37.6,19.6,2755,3244,,,
1638,35604,37011,35738,28200,600000,600000,94,4047000,Discharging,18.0,14.9,10.8,15.2,30.8,2282,2486,,,
1640,34264,35805,35336,28200,600000,600000,94,4047000,Discharging,12.3,13.2,9.3,7.7,18.7,1268,1231,,,
1643,35068,36810,35872,28200,600000,600000,94,4042000,Discharging,17.4,23.9,12.7,23.7,9.3,1565,1713,,,
1645,35470,37145,36140,28200,600000,600000,94,4040000,Discharging,19.9,34.5,12.7,18.9,13.4,2807,3167,,,
1647,35135,37346,36207,28200,600000,600000,94,4039000,Discharging,19.4,30.5,12.9,14.7,19.6,2692,3116,,,
1650,35537,36743,35805,28200,600000,600000,94,4047000,Discharging,17.5,27.1,13.4,15.9,13.5,1469,1621,,,
1652,35403,36877,36207,28200,600000,600000,94,4041000,Discharging,17.4,28.5,11.6,19.3,10.8,2522,2811,,,
1654,35470,37145,35805,28200,600000,600000,94,4044000,Discharging,17.7,24.8,17.6,16.4,11.7,2209,2288,,,
1656,35202,36341,36140,28200,600000,600000,94,4041000,Discharging,16.7,24.3,15.9,17.2,8.9,2058,2201,,,
1659,35336,36542,35805,28100,600000,600000,94,4047000,Discharging,14.0,22.3,14.9,11.5,8.0,1142,1232,,,
1661,35068,36408,34934,28200,600000,600000,94,4043000,Discharging,13.7,20.6,10.6,11.5,11.6,1583,1606,,,
1663,34532,36207,35738,28100,600000,600000,94,4048000,Discharging,13.3,21.3,6.7,15.1,11.0,1729,1699,,,
1665,35202,36542,36207,28200,600000,600000,94,4045000,Discharging,15.3,20.5,10.8,16.4,13.2,2054,2236,,,
1668,34800,36542,35805,28200,600000,600000,94,4041000,Discharging,12.9,20.5,13.5,7.7,10.2,1189,1317,,,
1670,35001,36274,35604,28200,600000,600000,94,4043000,Discharging,12.2,17.5,8.5,14.7,8.6,1630,1694,,,
1672,34599,36207,35403,28200,600000,600000,94,4046000,Discharging,11.2,15.8,11.7,10.6,6.8,1546,1657,,,
1675,34465,35738,35403,28200,600000,600000,94,4046000,Discharging,12.2,15.0,11.1,9.4,12.0,1027,987,,,
1677,34532,35135,35470,28200,600000,600000,94,4046000,Discharging,13.1,21.4,12.7,11.1,8.0,1560,1578,,,
1679,34800,36207,35537,28200,600000,600000,94,4042000,Discharging,10.6,17.9,9.9,6.3,7.6,1378,1358,,,
1681,34398,36274,35470,28200,600000,600000,94,4047000,Discharging,11.7,17.4,15.4,7.5,6.3,1390,1412,,,
1684,34800,36006,35135,28200,600000,600000,94,4047000,Discharging,11.2,17.0,9.3,11.1,8.4,1031,945,,,
1686,34532,35939,35269,28200,600000,600000,94,4047000,Discharging,11.6,12.6,15.9,8.0,9.0,1372,1380,,,
1688,34398,35939,35135,28200,600000,600000,94,4046000,Discharging,10.7,8.5,5.8,24.2,4.5,1346,1373,,,
1690,34465,36207,35537,28200,600000,600000,94,4047000,Discharging,11.6,8.1,9.4,5.4,23.0,1354,1368,,,
1693,34532,36140,35738,28200,600000,600000,94,4046000,Discharging,11.2,8.5,16.3,11.9,8.4,897,921,,,
1695,34398,36140,35403,28200,600000,600000,94,4045000,Discharging,11.3,8.1,24.7,9.0,3.2,1529,1488,,,
1697,34599,36006,35202,28200,600000,600000,94,4046000,Discharging,10.7,13.8,4.9,4.9,19.5,1374,1432,,,
1700,34398,35805,35068,28200,600000,600000,94,4046000,Discharging,11.9,14.7,10.1,8.3,13.7,919,933,,,
1702,34666,35805,35470,28100,600000,600000,94,4047000,Discharging,11.3,7.3,9.7,19.7,8.3,1336,1374,,,
1704,34465,36073,35135,28200,600000,600000,94,4046000,Discharging,11.1,8.5,8.0,9.3,19.0,1484,1445,,,
1706,34800,35671,35470,28200,600000,600000,94,4046000,Discharging,11.6,15.2,12.0,9.8,9.3,1420,1388,,,
1709,34331,35939,35470,28200,600000,600000,94,4046000,Discharging,10.9,12.3,8.4,9.3,13.7,895,904,,,
1711,34666,35939,35269,28200,600000,600000,94,4046000,Discharging,11.7,13.4,11.1,12.8,9.5,1350,1352,,,
1713,34666,35403,35537,28200,600000,600000,94,4041000,Discharging,10.8,17.8,10.2,8.0,6.7,1361,1367,,,
1715,34800,36073,35470,28200,600000,600000,94,4046000,Discharging,12.0,12.9,18.5,5.4,10.8,1528,1454,,,
1718,34666,36207,35403,28200,600000,600000,94,4045000,Discharging,11.1,11.2,18.1,10.1,4.9,943,988,,,
1720,35470,36810,35939,28200,600000,600000,94,4041000,Discharging,21.3,24.3,16.2,25.7,19.9,2699,3012,,,
1722,35135,36877,36006,28200,600000,600000,94,4036000,Discharging,21.8,16.9,14.5,21.1,34.4,2853,3310,,,
1725,35939,36609,36274,28200,600000,600000,94,4041000,Discharging,21.8,13.8,7.6,51.6,13.8,1953,2199,,,
1727,35336,37011,36408,28200,600000,600000,94,4041000,Discharging,23.0,12.9,11.9,40.8,25.4,2822,3264,,,
1729,35939,37279,36408,28200,600000,600000,94,4041000,Discharging,21.5,12.8,7.7,34.8,30.5,2806,3262,,,
1731,36274,37078,36274,28200,600000,600000,94,4041000,Discharging,22.6,18.6,7.6,28.6,35.6,2828,3214,,,
1734,35805,37279,36408,28200,600000,600000,94,4043000,Discharging,21.3,13.2,7.1,20.1,44.9,1877,2171,,,
1736,35939,37011,36542,28200,600000,600000,94,4042000,Discharging,21.5,12.0,9.9,37.7,24.6,2930,3326,,,
1738,35001,36944,36073,28200,600000,600000,94,4044000,Discharging,15.8,16.6,7.6,19.3,19.7,1961,2087,,,
1741,34666,36274,35604,28200,600000,600000,94,4045000,Discharging,12.9,19.0,9.8,10.2,12.8,873,808,,,
1743,35537,36676,35738,28200,600000,600000,94,4043000,Discharging,18.9,29.0,17.3,18.6,10.4,2596,2969,,,
1745,35738,36944,35939,28200,600000,600000,94,4040000,Discharging,19.3,32.7,15.2,15.2,14.8,2904,3223,,,
1747,35872,37212,36207,28200,600000,600000,94,4037000,Discharging,21.2,31.2,15.9,19.7,17.0,2788,3150,,,
1750,35403,36676,36006,28200,600000,600000,94,4045000,Discharging,16.6,29.9,16.0,10.1,11.3,1475,1617,,,
1752,35269,36542,35939,28200,600000,600000,94,4045000,Discharging,17.4,23.5,12.6,18.7,14.3,2340,2545,,,
1754,35269,36810,36006,28200,600000,600000,94,4046000,Discharging,16.4,29.3,10.7,11.2,15.1,2148,2299,,,
1756,35269,36810,36140,28200,600000,600000,94,4037000,Discharging,17.9,25.3,14.2,18.4,13.8,2339,2544,,,
1759,35336,36542,35738,28200,600000,600000,94,4046000,Discharging,12.2,17.9,11.1,12.1,7.7,1037,1075,,,
1761,34800,36743,35403,28200,600000,600000,94,4046000,Discharging,13.1,20.1,12.4,8.4,12.0,1536,1538,,,
1763,34934,36475,35470,28200,600000,600000,94,4041000,Discharging,13.5,18.9,9.8,14.5,10.6,1639,1696,,,
1766,35202,36810,35671,28200,600000,600000,94,4037000,Discharging,14.7,24.7,12.9,12.0,9.4,1488,1601,,,
1768,35269,36475,35671,28200,600000,600000,94,4045000,Discharging,13.3,19.6,12.1,8.4,12.1,1751,1867,,,
1770,34867,36743,35403,28200,600000,600000,94,4045000,Discharging,11.5,17.6,10.3,8.5,10.2,1591,1706,,,
1772,35001,36676,36006,28200,600000,600000,94,4044000,Discharging,12.8,17.8,11.8,10.3,12.5,1599,1681,,,
1775,34599,36207,35202,28200,600000,600000,94,4038000,Discharging,11.6,16.6,9.8,11.1,7.6,1008,1030,,,
1777,35001,36274,35202,28200,600000,600000,94,4041000,Discharging,13.3,19.6,9.5,10.1,15.0,1614,1502,,,
1779,34599,36341,35269,28200,600000,600000,94,4045000,Discharging,10.9,17.7,7.1,11.1,6.8,1343,1334,,,
1781,34867,36073,35269,28200,600000,600000,94,4035000,Discharging,11.8,14.0,12.0,10.2,11.9,1384,1357,,,
1784,34398,35671,35269,28200,600000,600000,94,4044000,Discharging,10.8,15.9,13.7,6.7,5.9,905,896,,,
1786,34666,35805,35269,28200,600000,600000,94,4041000,Discharging,11.3,15.6,9.8,11.0,8.4,1484,1369,,,
1788,34733,35671,35403,28200,600000,600000,94,4043000,Discharging,10.8,18.4,11.1,7.6,7.6,1344,1349,,,
1791,35269,35939,35403,28200,600000,600000,94,4039000,Discharging,11.3,14.3,8.0,12.4,8.8,914,924,,,
1793,34733,36274,35269,28200,600000,600000,94,4043000,Discharging,12.0,16.1,10.3,10.1,11.6,1374,1374,,,
1795,34733,36140,35470,28200,600000,600000,94,4042000,Discharging,10.4,13.5,15.9,6.3,5.8,1372,1348,,,
1797,34532,35939,35470,28200,600000,600000,94,4044000,Discharging,12.1,15.2,11.9,9.3,12.5,1527,1437,,,
1800,34800,36073,35202,28200,600000,600000,94,4039000,Discharging,10.9,18.9,11.5,7.1,5.8,896,894,,,
1802,34733,35537,35403,28200,600000,600000,94,4044000,Discharging,11.9,19.9,7.6,12.0,7.9,1357,1342,,,
1804,34532,36006,35336,28200,600000,600000,94,4042000,Discharging,10.4,15.7,10.3,9.3,6.7,1352,1332,,,
1806,34398,35805,35202,28200,600000,600000,94,4039000,Discharging,10.9,14.0,7.1,7.1,14.3,1513,1432,,,
1809,34867,35470,35202,28200,600000,600000,94,4040000,Discharging,11.7,15.0,11.5,11.7,9.6,912,907,,,
1811,34264,36408,35738,28200,600000,600000,94,4044000,Discharging,10.8,16.5,11.6,7.6,7.1,1372,1356,,,
1813,34800,36274,35001,28200,600000,600000,94,4044000,Discharging,12.1,16.9,14.7,7.9,9.4,1402,1383,,,
1816,34867,35604,35269,28200,600000,600000,94,4042000,Discharging,10.6,15.6,9.3,8.0,8.9,899,883,,,
1818,34733,35805,35403,28200,600000,600000,94,4045000,Discharging,13.4,18.6,14.2,8.4,11.9,1732,1718,,,
1820,35671,36475,36140,28200,600000,600000,93,4039000,Discharging,20.5,24.8,15.9,19.7,21.8,2942,3274,,,
1822,35872,37145,36341,28200,600000,600000,93,4039000,Discharging,22.5,16.8,11.2,23.8,38.9,2802,3268,,,
1825,36073,37145,36073,28200,600000,600000,93,4037000,Discharging,21.5,13.6,7.6,45.6,18.6,1856,2162,,,
1827,36475,37346,36542,28200,600000,600000,93,4039000,Discharging,22.8,15.1,8.1,23.0,44.7,2966,3340,,,
1829,36140,37011,36341,28200,600000,600000,93,4038000,Discharging,21.5,12.4,8.5,19.0,45.8,2784,3280,,,
1831,35738,37346,36475,28200,600000,600000,93,4040000,Discharging,21.9,12.7,7.6,28.0,38.7,2820,3296,,,
1834,35470,37011,36542,28200,600000,600000,93,4037000,Discharging,20.6,13.7,12.0,8.5,48.4,1857,2184,,,
1836,35738,37212,36073,28300,600000,600000,93,4038000,Discharging,20.6,13.4,6.3,34.2,27.9,2770,3242,,,
1838,34800,36475,35671,28200,600000,600000,93,4042000,Discharging,15.0,17.0,13.4,20.2,8.9,1795,1748,,,
