# fw=zero-drain workload=bloodyroar start=2026-09-14 19:48:13 soak=99C prelaunch=schedutil/1200000 launch_up=3656.59 max0=1800000 gov=schedutil devfreq=none,none backlight=none
elapsed_s,cpu_mc,gpu_mc,ddr_mc,bat_mc,cur_khz,max_khz,batt_pct,batt_uv,status,cpu_busy,c0_busy,c1_busy,c2_busy,c3_busy,irq_s,ctxt_s,df0_hz,df1_hz,backlight
3669,39557,38887,39557,29000,1800000,1800000,90,3992000,Discharging,,,,,,,,,,
3671,39624,39825,39557,29000,1416000,1416000,90,3995000,Discharging,24.1,28.9,13.3,23.3,30.7,5962,5833,,,
3674,39892,40495,39825,29000,1200000,1200000,90,3980000,Discharging,27.7,28.2,19.0,31.8,32.7,3528,3685,,,
3676,39356,39892,39155,29000,1008000,1008000,90,3994000,Discharging,28.4,33.2,10.6,21.5,47.9,4908,5336,,,
3678,37815,38217,37815,29000,1608000,1800000,90,4006000,Discharging,15.7,24.4,14.7,12.2,11.7,2147,2502,,,
3680,37681,38552,38150,29000,1608000,1800000,90,4007000,Discharging,14.4,25.8,13.1,6.8,12.6,2540,2788,,,
3682,37480,38016,38016,28900,1416000,1800000,90,4002000,Discharging,14.8,24.9,10.4,9.6,14.2,2243,2663,,,
3684,37212,38485,38016,29000,1416000,1800000,90,4004000,Discharging,16.3,23.3,13.1,14.1,13.8,2336,2696,,,
3687,37346,38418,37681,29000,1608000,1800000,90,4003000,Discharging,15.0,24.9,10.7,9.6,15.4,1524,1796,,,
3689,37480,37949,37413,29000,1800000,1800000,90,3991000,Discharging,16.3,28.3,15.5,11.0,10.0,2361,2697,,,
3691,37011,38552,37815,28900,1416000,1800000,90,4000000,Discharging,14.6,22.4,11.7,13.7,10.5,2430,2746,,,
3693,37078,38351,37614,29000,1608000,1800000,90,4004000,Discharging,15.8,26.2,8.7,14.2,13.7,2272,2695,,,
3695,37547,38284,37748,29000,1608000,1800000,90,4007000,Discharging,14.3,22.9,11.8,10.4,12.0,2320,2742,,,
3697,37614,38217,37614,28900,1800000,1800000,90,4005000,Discharging,14.1,23.8,10.4,10.0,13.3,2332,2722,,,
3699,36877,38284,37882,28900,1608000,1800000,90,4001000,Discharging,15.6,26.8,9.4,14.8,11.1,2148,2602,,,
3701,37614,38418,37949,29000,1608000,1800000,90,4001000,Discharging,15.0,24.8,13.1,10.9,11.0,2508,2759,,,
3704,37413,38485,37681,28900,1608000,1800000,90,4000000,Discharging,15.6,25.2,11.0,12.7,13.8,1475,1769,,,
3706,37413,37949,37614,28900,1416000,1800000,90,3996000,Discharging,14.8,22.7,12.9,10.4,12.8,2138,2613,,,
3708,37480,38217,37413,28900,1608000,1800000,90,4002000,Discharging,14.8,21.4,10.4,13.7,14.2,2214,2608,,,
3710,37279,38217,37547,28900,1416000,1800000,90,4000000,Discharging,15.6,24.1,13.3,10.8,13.6,2241,2652,,,
3712,37279,37614,37949,28900,1608000,1800000,90,4001000,Discharging,14.5,22.7,12.3,11.0,11.4,2545,2793,,,
3714,37078,38016,37681,28900,1608000,1800000,90,3993000,Discharging,16.4,23.1,16.0,16.0,10.4,2308,2698,,,
3716,37614,38351,37614,29000,1608000,1800000,90,3994000,Discharging,14.6,22.4,9.1,14.1,13.7,2280,2649,,,
3719,37346,38217,37346,29000,1416000,1800000,90,4005000,Discharging,16.2,25.2,10.9,12.9,15.2,1504,1787,,,
3721,37145,38217,38284,29000,1608000,1800000,90,4004000,Discharging,15.0,21.9,12.0,14.9,11.4,2194,2641,,,
3723,37011,38016,37413,29000,1416000,1800000,90,3991000,Discharging,15.0,24.5,11.2,10.0,15.0,2446,2772,,,
3725,37145,37882,37614,29000,1800000,1800000,90,4005000,Discharging,15.4,26.5,8.3,11.3,14.8,2194,2650,,,
3727,39088,39222,39088,29000,1800000,1800000,90,3995000,Discharging,19.0,25.6,14.7,17.9,17.8,3969,4223,,,
3729,40361,40026,39289,29000,1608000,1608000,90,3991000,Discharging,25.3,24.6,16.0,23.4,36.2,5380,5539,,,
3731,40495,40629,40830,29000,1416000,1416000,90,3987000,Discharging,26.9,19.4,19.2,42.3,26.6,5344,5523,,,
3734,40160,40093,39758,29000,1200000,1200000,90,3989000,Discharging,28.7,28.2,16.6,41.0,29.0,3564,3723,,,
3736,39021,39356,39356,29000,1008000,1008000,90,3991000,Discharging,25.1,30.0,16.0,27.2,27.9,4481,5235,,,
3738,38686,40026,39021,29000,1008000,1008000,90,3995000,Discharging,24.4,21.2,13.3,33.0,29.5,4094,5158,,,
3740,38485,39624,39021,29000,1008000,1008000,90,3997000,Discharging,24.9,27.3,14.4,31.2,25.9,4094,5154,,,
3742,38552,39289,38887,29000,1008000,1008000,90,3999000,Discharging,28.5,38.4,19.1,26.3,30.6,3792,4448,,,
3745,41634,40629,40830,29100,1800000,1800000,90,3979000,Discharging,31.4,36.2,32.9,34.0,22.4,2470,2638,,,
3747,43242,41902,41500,29100,1800000,1800000,90,3982000,Discharging,30.4,48.3,30.8,23.1,19.3,4426,5030,,,
3749,43912,42036,42170,29100,1800000,1800000,90,3970000,Discharging,31.5,37.6,32.6,25.5,31.2,4749,5283,,,
3751,43376,41701,41567,29100,1800000,1800000,90,3980000,Discharging,30.7,36.2,29.9,33.3,23.3,4528,5070,,,
3753,43778,41969,42438,29000,1800000,1800000,90,3982000,Discharging,31.4,50.0,21.9,33.6,20.2,5230,5436,,,
3755,43309,41902,42639,29100,1800000,1800000,90,3982000,Discharging,31.4,52.6,21.8,34.6,17.8,4826,5278,,,
3758,43845,42170,42371,29100,1800000,1800000,90,3985000,Discharging,30.6,30.9,24.3,37.7,29.9,3075,3304,,,
3760,43979,42639,42505,29100,1800000,1800000,90,3974000,Discharging,31.2,30.1,28.5,36.0,29.9,5020,5542,,,
3762,43510,42103,42907,29100,1608000,1608000,90,3982000,Discharging,30.2,43.4,24.6,28.4,25.0,4939,5460,,,
3764,42706,42036,42036,29100,1608000,1608000,90,3974000,Discharging,30.6,43.6,25.9,28.0,25.5,5288,5631,,,
3766,41500,41433,41232,29000,1416000,1416000,90,3986000,Discharging,30.6,35.1,37.0,22.4,27.2,4907,5367,,,
3768,40964,40964,40830,29100,1416000,1416000,90,3990000,Discharging,30.4,25.6,10.7,75.0,10.8,4456,4536,,,
3770,41165,41031,40964,29100,1416000,1416000,90,3988000,Discharging,31.0,61.1,9.8,40.6,13.9,4339,4330,,,
3773,41165,40964,40495,29000,1200000,1200000,90,3985000,Discharging,29.9,42.9,18.9,32.1,24.8,3332,3430,,,
3775,42907,41299,41634,29100,1800000,1800000,90,3972000,Discharging,30.1,45.9,22.7,28.0,23.6,5092,5534,,,
3777,42036,41835,42036,29100,1416000,1608000,90,3976000,Discharging,30.8,32.1,28.8,48.8,13.4,5213,5726,,,
3779,42974,42170,42036,29100,1608000,1608000,90,3977000,Discharging,31.7,29.7,40.7,24.4,32.4,4722,5476,,,
3781,42639,41969,41701,29100,1608000,1608000,90,3985000,Discharging,30.7,43.9,32.4,39.5,7.1,5067,5577,,,
3783,42371,42103,41567,29100,1608000,1608000,90,3982000,Discharging,31.2,49.0,20.2,32.2,23.9,5228,5672,,,
3786,42907,41969,42304,29100,1608000,1608000,90,3980000,Discharging,30.9,31.7,12.0,49.5,29.9,3238,3563,,,
3788,42371,42438,42170,29100,1416000,1608000,90,3980000,Discharging,30.9,43.7,21.8,24.5,34.3,5062,5618,,,
3790,43376,42237,42103,29100,1608000,1608000,90,3975000,Discharging,31.6,42.6,39.0,20.3,24.1,5096,5753,,,
3792,42907,41835,42170,29100,1608000,1608000,90,3983000,Discharging,31.1,56.9,10.3,18.5,39.4,5155,5517,,,
3794,41165,41567,41634,29100,1608000,1608000,90,3991000,Discharging,24.6,23.6,19.0,32.2,23.6,5953,5792,,,
3796,40428,40964,40495,29100,1608000,1608000,90,3991000,Discharging,23.2,27.1,17.1,22.9,25.1,5426,5667,,,
3799,41567,41433,41567,29100,1608000,1608000,90,3977000,Discharging,25.3,22.3,20.5,32.4,26.3,3520,3711,,,
3801,41232,41768,41165,29100,1608000,1608000,90,3979000,Discharging,25.4,28.5,17.5,27.3,28.5,5587,5730,,,
3803,39088,39825,39356,29000,1800000,1800000,90,3988000,Discharging,16.0,25.6,9.1,16.2,13.2,3192,3311,,,
3805,39021,39490,39155,29000,1608000,1800000,90,3992000,Discharging,15.9,25.8,11.7,10.9,15.2,2252,2642,,,
3807,38284,39222,38686,29100,1800000,1800000,90,4000000,Discharging,14.7,23.1,8.6,14.2,12.3,2194,2586,,,
3809,38485,38887,38820,29100,1416000,1800000,90,3990000,Discharging,16.1,24.8,12.7,11.3,15.6,2372,2705,,,
3811,38485,39021,38217,29100,1608000,1800000,90,3984000,Discharging,15.3,23.2,11.4,16.7,10.9,2274,2632,,,
3814,38418,38887,38887,29100,1608000,1800000,90,3998000,Discharging,15.1,23.6,13.7,9.5,12.0,1650,1812,,,
3816,38016,38887,38753,29100,1608000,1800000,90,3998000,Discharging,16.3,25.4,11.3,19.1,10.0,2250,2623,,,
3818,38083,38887,38485,29000,1608000,1800000,90,3999000,Discharging,15.2,23.9,8.2,14.0,14.6,2378,2738,,,
3820,38351,39222,38418,29000,1608000,1800000,90,4001000,Discharging,15.9,25.5,13.6,14.2,10.7,2314,2684,,,
3822,38083,38552,38619,29000,1608000,1800000,90,3999000,Discharging,14.4,24.2,8.7,13.2,11.0,2243,2646,,,
3824,38351,38954,38686,29000,1800000,1800000,90,3984000,Discharging,14.8,25.6,9.5,11.5,13.1,2504,2782,,,
3826,37815,38753,38083,29000,1416000,1800000,90,3998000,Discharging,15.0,25.2,13.2,10.8,10.5,2199,2619,,,
3829,37949,38686,38150,29000,1608000,1800000,90,3999000,Discharging,14.8,25.1,9.6,11.3,12.4,1528,1791,,,
3831,37949,38753,38150,29000,1608000,1800000,90,3998000,Discharging,15.7,23.7,11.0,13.3,15.5,2225,2609,,,
3833,37748,38820,38351,29000,1416000,1800000,90,3996000,Discharging,14.9,26.3,7.7,14.2,11.4,2243,2660,,,
3835,38351,38753,38150,29000,1608000,1800000,90,3984000,Discharging,15.7,25.0,9.9,15.0,13.8,2491,2762,,,
3837,37681,38619,38217,29000,1800000,1800000,90,3993000,Discharging,14.5,24.5,11.8,8.7,11.8,2232,2619,,,
3839,37882,39088,38351,29100,1608000,1800000,90,4001000,Discharging,15.0,23.7,9.6,13.4,13.7,2280,2662,,,
3841,37681,38284,38083,29100,1608000,1800000,90,3971000,Discharging,15.7,26.9,11.8,12.9,11.1,2222,2578,,,
3844,37882,38485,37882,29000,1608000,1800000,90,3986000,Discharging,15.5,25.1,11.7,9.6,15.5,1523,1775,,,
3846,37949,38418,38686,29000,1416000,1800000,90,3998000,Discharging,15.7,25.9,10.0,13.7,13.3,2508,2746,,,
3848,37748,38954,38552,29100,1416000,1800000,90,3998000,Discharging,14.5,25.6,10.3,12.7,9.1,2292,2688,,,
3850,38418,38753,38217,29000,1416000,1800000,90,3995000,Discharging,16.1,23.9,17.1,11.7,11.0,2285,2654,,,
3852,37547,38686,37681,29000,1800000,1800000,90,4001000,Discharging,16.3,27.6,10.4,10.5,17.8,2576,2972,,,
3854,39624,40629,39624,29100,1608000,1608000,90,3989000,Discharging,23.1,23.3,15.0,32.1,21.8,5484,5445,,,
3856,40428,40294,40428,29100,1416000,1416000,90,3983000,Discharging,27.0,29.5,22.4,29.2,27.0,5368,5392,,,
3859,40093,40629,39959,29100,1200000,1200000,90,3986000,Discharging,28.1,25.7,10.8,35.6,39.7,3432,3516,,,
3861,39825,40629,39892,29000,1008000,1008000,90,3991000,Discharging,27.7,22.7,10.2,36.2,41.2,4594,5086,,,
3863,38820,40093,39423,29100,1008000,1008000,90,3994000,Discharging,22.8,29.7,17.1,21.2,23.4,4043,4938,,,
3865,39155,39892,39624,29000,1008000,1008000,90,3995000,Discharging,24.2,35.2,22.7,23.7,14.9,4083,4964,,,
3867,38820,40227,39088,29000,1008000,1008000,90,3992000,Discharging,24.0,35.0,16.4,21.4,23.9,3967,4868,,,
3870,40629,40495,40964,29100,1800000,1800000,90,3969000,Discharging,30.4,35.2,7.4,50.9,27.9,1967,2048,,,
3872,43778,41768,42706,29200,1800000,1800000,90,3973000,Discharging,31.0,30.4,10.0,27.7,55.7,4234,4433,,,
3874,43912,42304,42237,29100,1800000,1800000,90,3973000,Discharging,30.5,30.0,22.2,37.0,33.2,4310,4680,,,
3876,44247,42371,42907,29200,1800000,1800000,90,3967000,Discharging,31.2,61.8,22.3,16.4,24.5,4674,4604,,,
3878,44716,42505,42974,29200,1800000,1800000,90,3972000,Discharging,31.1,34.0,21.8,27.3,41.3,4380,4543,,,
3880,44448,42974,43644,29200,1800000,1800000,90,3977000,Discharging,31.2,47.3,14.1,13.0,50.9,4426,4621,,,
3883,44247,42371,43041,29200,1800000,1800000,90,3982000,Discharging,29.7,24.3,23.3,57.0,14.4,3208,3251,,,
3885,44247,42438,43041,29200,1800000,1800000,90,3967000,Discharging,30.2,62.3,12.6,18.7,28.0,5092,5294,,,
3887,44783,42840,43041,29100,1800000,1800000,90,3975000,Discharging,31.2,59.8,9.9,34.8,20.3,4820,5188,,,
3889,45051,42907,43711,29200,1800000,1800000,90,3966000,Discharging,31.3,61.4,21.2,17.9,24.1,4784,5139,,,
3891,42840,43309,42907,29200,1608000,1608000,90,3977000,Discharging,31.1,67.0,10.5,28.0,18.3,4863,4962,,,
3893,43175,41902,42639,29200,1608000,1608000,90,3978000,Discharging,30.9,21.2,37.4,17.4,47.2,4584,4877,,,
3895,42773,42237,41969,29200,1608000,1608000,90,3979000,Discharging,31.6,74.8,9.4,24.6,18.1,5044,4936,,,
3898,43041,41768,41768,29200,1416000,1416000,90,3978000,Discharging,31.3,62.0,28.0,26.6,9.3,3274,3237,,,
3900,41366,42237,41634,29200,1416000,1416000,90,3985000,Discharging,31.2,85.6,9.3,20.6,7.9,4558,4520,,,
3902,41768,41433,41299,29200,1416000,1416000,90,3981000,Discharging,31.1,40.3,20.2,52.6,11.5,4752,4804,,,
3904,40428,41768,41031,29200,1200000,1200000,90,3996000,Discharging,25.5,52.1,20.6,20.0,9.8,5360,5162,,,
3906,39825,40964,39959,29100,1200000,1200000,90,3987000,Discharging,23.8,24.6,12.9,31.6,25.8,4708,5067,,,
3909,40026,40897,40361,29100,1200000,1200000,90,3987000,Discharging,27.4,38.8,24.2,26.8,20.4,3485,3530,,,
3911,40026,40562,40361,29200,1200000,1200000,90,3979000,Discharging,29.1,18.2,12.1,36.7,49.1,4927,5157,,,
3913,39088,39959,39356,29100,1608000,1800000,90,3996000,Discharging,19.0,22.5,11.9,15.6,25.0,3264,3460,,,
3915,39289,39490,39222,29100,1416000,1800000,90,3996000,Discharging,13.9,23.0,11.3,9.5,12.4,2253,2650,,,
3917,38619,39222,39088,29100,1608000,1800000,90,3994000,Discharging,15.9,24.1,9.5,12.3,17.1,2598,2819,,,
3919,38351,38820,38820,29100,1608000,1800000,90,3985000,Discharging,14.9,23.2,12.1,11.9,12.3,2423,2756,,,
3921,38351,39155,38552,29100,1416000,1800000,90,3980000,Discharging,16.4,24.8,13.2,11.3,17.0,2276,2662,,,
3924,38083,39289,38083,29100,1608000,1800000,89,3994000,Discharging,14.8,24.6,10.1,12.7,11.7,1511,1757,,,
3926,38217,38887,38619,29100,1800000,1800000,89,3995000,Discharging,16.5,26.5,17.5,11.4,9.5,2462,2715,,,
3928,38552,39222,38418,29100,1416000,1800000,89,3979000,Discharging,14.7,25.1,11.4,11.0,11.4,2234,2624,,,
3930,38284,38887,38485,29100,1416000,1800000,89,3997000,Discharging,14.5,24.4,7.2,13.7,12.3,2349,2723,,,
3932,37614,39155,38753,29100,408000,1800000,89,3999000,Discharging,15.2,25.1,10.0,15.6,11.4,2244,2630,,,
3934,38083,38619,38485,29100,1608000,1800000,89,3995000,Discharging,14.5,23.5,10.8,12.8,10.6,2330,2680,,,
3936,38485,38820,38820,29100,1608000,1800000,89,3995000,Discharging,15.2,21.6,11.0,14.7,14.2,2495,2748,,,
3939,37815,38753,38619,29100,1800000,1800000,89,3995000,Discharging,14.7,23.8,10.6,14.1,9.6,1473,1741,,,
3941,37815,39021,38083,29100,1800000,1800000,89,3994000,Discharging,15.4,24.5,12.9,12.0,12.2,2304,2666,,,
3943,38284,39222,38351,29100,1800000,1800000,89,3994000,Discharging,14.3,21.2,10.6,13.2,12.8,2152,2586,,,
3945,37748,38954,38887,29100,1416000,1800000,89,3984000,Discharging,14.8,24.3,10.6,10.5,13.7,2197,2620,,,
3947,38150,38820,38351,29100,1608000,1800000,89,3996000,Discharging,16.2,24.5,12.2,14.6,13.3,2538,2726,,,
3949,37882,39088,38418,29100,1608000,1800000,89,3995000,Discharging,14.8,25.7,9.4,12.3,12.3,2308,2668,,,
3951,37614,38686,38217,29100,1416000,1800000,89,3988000,Discharging,15.9,23.6,9.6,15.2,14.6,2240,2646,,,
3954,37681,38552,38083,29100,1608000,1800000,89,3982000,Discharging,14.7,24.8,11.4,10.5,11.8,1545,1777,,,
3956,37681,38820,38150,29100,1608000,1800000,89,3995000,Discharging,14.6,24.4,7.7,12.7,13.6,2290,2670,,,
3958,38351,38887,38351,29100,1608000,1800000,89,3986000,Discharging,15.3,23.6,14.2,8.7,14.6,2612,2844,,,
3960,37949,38753,38150,29100,1416000,1800000,89,3988000,Discharging,14.1,25.7,9.9,10.5,11.0,2261,2656,,,
3962,38284,38954,38485,29100,1800000,1800000,89,3999000,Discharging,16.1,25.6,12.3,11.4,14.6,2440,2800,,,
3964,40361,40294,39557,29100,1800000,1800000,89,3981000,Discharging,22.5,31.1,17.9,25.1,16.9,5466,5652,,,
3966,41500,40897,40629,29100,1416000,1416000,89,3982000,Discharging,27.0,23.8,20.5,35.2,28.8,5152,5588,,,
3969,40897,40897,40562,29100,1200000,1200000,89,3981000,Discharging,28.1,17.8,12.2,43.1,37.8,3440,3620,,,
3971,39825,40294,39959,29100,1008000,1008000,89,3987000,Discharging,28.2,33.3,15.5,40.4,23.4,5178,5518,,,
3973,39289,40227,39356,29100,1008000,1008000,89,3989000,Discharging,24.9,20.8,17.1,24.2,37.0,3994,5052,,,
3975,39356,40227,39423,29100,1008000,1008000,89,3988000,Discharging,23.8,26.5,14.7,23.0,31.5,4070,5106,,,
3977,39155,40294,39356,29100,1008000,1008000,89,3989000,Discharging,24.2,23.3,15.7,25.3,32.1,4230,5126,,,
3980,42237,41567,40763,29200,1800000,1800000,89,3969000,Discharging,30.9,15.8,31.2,24.7,52.1,3015,3138,,,
3982,43778,42438,42639,29200,1800000,1800000,89,3965000,Discharging,31.4,39.6,27.0,26.1,32.2,4449,5010,,,
3984,44247,43175,42371,29200,1800000,1800000,89,3969000,Discharging,30.9,42.7,11.3,56.7,12.8,4631,5095,,,
3986,43778,42706,43577,29200,1800000,1800000,89,3973000,Discharging,30.6,28.2,34.0,35.5,24.8,4660,5134,,,
3988,43912,42371,43108,29200,1800000,1800000,89,3965000,Discharging,31.0,51.7,29.2,26.8,15.6,4893,5248,,,
3990,44783,42572,43376,29200,1800000,1800000,89,3968000,Discharging,30.8,38.2,14.6,57.7,12.0,4720,5151,,,
3993,44381,43309,43912,29200,1800000,1800000,89,3977000,Discharging,31.0,29.8,15.7,29.9,50.5,2987,3338,,,
3995,44247,43376,43443,29300,1800000,1800000,89,3968000,Discharging,31.1,33.0,26.2,57.0,7.5,4663,4933,,,
3997,44984,42706,44716,29200,1800000,1800000,89,3974000,Discharging,30.6,44.3,15.6,19.5,43.1,4264,4546,,,
3999,44314,42907,43778,29200,1608000,1608000,89,3977000,Discharging,30.6,49.8,12.4,49.8,10.3,5008,5228,,,
4001,43309,42438,42036,29200,1608000,1608000,89,3980000,Discharging,30.7,30.6,11.3,41.3,39.4,4256,4612,,,
4003,42840,42304,42572,29300,1608000,1608000,89,3974000,Discharging,31.3,59.2,25.2,26.8,14.9,4625,4660,,,
4005,42639,41567,42170,29200,1608000,1608000,89,3976000,Discharging,30.6,45.2,31.3,25.1,20.9,4476,4670,,,
4008,42706,42304,42371,29200,1608000,1608000,89,3973000,Discharging,30.7,42.9,29.3,27.4,23.5,3034,3125,,,
4010,43242,42505,42907,29300,1608000,1608000,89,3970000,Discharging,28.7,54.9,19.0,21.1,19.4,5548,5836,,,
4012,42974,42505,42371,29200,1800000,1800000,89,3971000,Discharging,31.4,44.8,20.3,43.7,17.5,5472,5792,,,
4014,44582,42974,43376,29200,1800000,1800000,89,3971000,Discharging,28.7,28.0,19.4,36.4,30.0,5249,5822,,,
4016,44649,43108,43309,29300,1800000,1800000,89,3963000,Discharging,28.8,33.3,17.7,41.2,23.9,5100,5824,,,
4018,44381,43175,43778,29300,1800000,1800000,89,3964000,Discharging,30.1,32.9,16.0,36.5,35.5,5272,5886,,,
4021,44649,43108,43979,29300,1800000,1800000,89,3967000,Discharging,29.2,29.7,25.7,33.3,27.2,3483,3933,,,
4023,44984,43108,44180,29300,1800000,1800000,89,3961000,Discharging,29.7,28.6,13.2,47.4,29.5,4961,5704,,,
4025,45051,43376,44582,29300,1800000,1800000,89,3962000,Discharging,28.9,26.6,24.3,37.0,28.9,4952,5800,,,
4027,44917,43577,43979,29300,1800000,1800000,89,3970000,Discharging,29.7,33.0,19.1,41.8,24.2,5022,5788,,,
4029,42639,42974,42103,29200,1800000,1800000,89,3978000,Discharging,25.7,23.3,20.1,33.8,26.3,5337,5682,,,
4031,41835,42371,42438,29200,1800000,1800000,89,3979000,Discharging,22.2,26.1,15.6,24.3,23.1,6088,6066,,,
4034,42170,41902,41634,29300,1800000,1800000,89,3965000,Discharging,23.6,31.9,18.6,21.0,22.5,3922,3938,,,
4036,42304,42237,42773,29300,1800000,1800000,89,3967000,Discharging,25.3,28.2,12.8,32.4,27.1,5724,5812,,,
4038,42706,42170,41902,29200,1608000,1800000,89,3995000,Discharging,19.8,25.0,7.2,24.3,22.8,4294,4372,,,
4040,39691,40696,39758,29200,1608000,1800000,89,3991000,Discharging,14.4,25.7,8.1,6.2,16.9,2478,2736,,,
4042,39222,39691,39289,29200,1416000,1800000,89,3991000,Discharging,15.5,27.8,13.0,11.4,10.0,2301,2650,,,
4044,39222,39691,39691,29200,1608000,1800000,89,3986000,Discharging,14.3,25.1,9.5,14.2,8.2,2356,2690,,,
4046,38552,39557,39222,29200,1800000,1800000,89,3986000,Discharging,15.2,22.4,11.8,13.7,12.0,2250,2646,,,
4049,38619,39222,39155,29200,1608000,1800000,89,3976000,Discharging,15.8,26.3,10.0,11.9,15.1,1559,1785,,,
4051,38954,39691,39021,29200,1416000,1800000,89,3984000,Discharging,14.9,23.8,8.1,13.2,14.6,2364,2669,,,
4053,38418,39557,38820,29200,1608000,1800000,89,3987000,Discharging,15.7,23.3,9.5,18.0,12.3,2348,2675,,,
4055,38887,39691,39021,29200,1608000,1800000,89,3992000,Discharging,14.8,22.4,13.2,9.4,13.8,2244,2626,,,
4057,38418,39155,38887,29200,1416000,1800000,89,3979000,Discharging,15.2,26.3,12.2,11.2,12.3,2309,2718,,,
4059,38619,39691,38485,29200,1416000,1800000,89,3983000,Discharging,14.7,24.5,10.3,12.7,11.4,2412,2719,,,
4061,38753,39356,38418,29200,1608000,1800000,89,3989000,Discharging,14.7,23.8,11.4,12.3,11.0,2208,2647,,,
4064,38686,39423,38619,29200,1416000,1800000,89,3989000,Discharging,16.1,24.6,13.3,13.2,13.7,1494,1762,,,
4066,38619,39155,38887,29200,1416000,1800000,89,3983000,Discharging,14.6,23.8,9.8,10.5,14.2,2263,2656,,,
4068,38418,39423,38552,29200,1608000,1800000,89,3994000,Discharging,15.9,24.9,11.9,15.4,11.8,2253,2646,,,
4070,38954,39088,38753,29200,1416000,1800000,89,3990000,Discharging,15.2,24.5,7.2,15.3,13.0,2463,2744,,,
4072,38418,39356,39088,29200,1608000,1800000,89,3993000,Discharging,15.0,23.9,12.3,13.3,10.0,2208,2630,,,
4074,38619,39222,38686,29200,1800000,1800000,89,3992000,Discharging,15.2,23.7,12.7,13.8,10.8,2320,2692,,,
4076,37949,38619,38686,29200,1416000,1800000,89,3991000,Discharging,14.6,22.9,10.4,15.2,10.9,2182,2628,,,
4078,38217,39289,38485,29200,1416000,1800000,89,3985000,Discharging,16.2,23.9,14.6,17.4,9.1,2283,2660,,,
4081,38552,39021,38887,29200,1608000,1800000,89,3977000,Discharging,14.4,24.4,11.3,12.9,9.0,1678,1870,,,
4083,37748,39088,38619,29200,1416000,1800000,89,3990000,Discharging,16.0,24.6,13.4,15.8,9.5,2228,2624,,,
4085,38016,39624,38150,29100,1608000,1800000,89,3988000,Discharging,14.5,24.6,6.7,10.4,16.1,2293,2678,,,
4087,38150,39088,38418,29200,1608000,1800000,89,3983000,Discharging,15.1,21.2,14.5,10.9,14.1,2203,2621,,,
4089,39892,40562,40093,29200,1800000,1800000,89,3979000,Discharging,22.1,32.1,12.5,19.6,24.4,4977,5158,,,
4091,40964,41232,41165,29200,1608000,1608000,89,3975000,Discharging,25.7,23.6,17.0,20.3,42.0,5472,5505,,,
4094,41299,41433,41098,29200,1416000,1416000,89,3977000,Discharging,27.8,21.8,10.4,39.7,38.8,3479,3658,,,
4096,40629,41232,40763,29200,1200000,1200000,89,3981000,Discharging,28.5,30.8,25.5,33.2,24.7,5024,5346,,,
4098,39691,40763,40361,29200,1008000,1008000,89,3983000,Discharging,25.2,30.2,12.6,26.4,31.1,4004,4886,,,
4100,39758,40495,40428,29200,1008000,1008000,89,3981000,Discharging,25.4,31.0,14.3,32.7,23.7,4260,5100,,,
4102,40026,40629,40026,29300,1608000,1800000,89,3974000,Discharging,28.2,53.3,11.6,28.9,18.8,4657,5200,,,
4104,41768,41835,42572,29300,1608000,1608000,89,3970000,Discharging,24.6,25.1,9.7,40.2,22.9,5752,5846,,,
4107,39155,39959,39490,29200,1800000,1800000,89,3990000,Discharging,13.4,25.2,9.0,9.0,11.0,1433,1618,,,
4109,39021,39289,39155,29200,1608000,1800000,89,3987000,Discharging,15.5,25.5,7.7,9.5,19.2,2296,2646,,,
4111,38686,39222,39088,29200,1416000,1800000,89,3984000,Discharging,15.0,23.7,10.4,14.7,10.5,2424,2680,,,
4113,38686,39557,38753,29200,1608000,1800000,89,3986000,Discharging,16.0,24.0,15.2,11.3,15.0,2310,2678,,,
4115,38887,39155,38820,29200,1416000,1800000,89,3986000,Discharging,14.8,24.8,6.3,11.3,16.0,2280,2672,,,
4117,38686,39088,38686,29200,1608000,1800000,89,3986000,Discharging,15.0,23.3,14.6,11.0,11.7,2282,2668,,,
4119,38485,39289,38552,29200,1608000,1800000,89,3982000,Discharging,16.8,25.6,13.2,10.8,17.0,2346,2686,,,
4122,38217,39222,38820,29200,1416000,1800000,89,3975000,Discharging,14.7,23.2,12.8,11.4,10.8,1649,1845,,,
4124,37949,39624,38418,29200,1608000,1800000,89,3987000,Discharging,15.8,26.5,7.7,14.6,15.0,2278,2642,,,
4126,38619,39356,38686,29200,1416000,1800000,89,3993000,Discharging,14.3,22.0,7.7,14.8,11.8,2225,2634,,,
4128,38083,39222,38753,29300,1608000,1800000,89,3976000,Discharging,15.1,27.8,11.2,13.2,7.6,2284,2632,,,
4130,38217,39088,38485,29200,1416000,1800000,89,3987000,Discharging,16.0,25.8,13.7,14.7,11.0,2742,3618,,,
4132,38016,39289,38552,29200,1608000,1800000,89,3990000,Discharging,14.9,22.3,11.0,12.3,13.6,2541,2774,,,
4134,38217,39088,38820,29200,1608000,1800000,89,3992000,Discharging,16.1,23.2,13.1,16.6,11.1,2348,2711,,,
4137,37882,38954,38552,29200,1608000,1800000,89,3990000,Discharging,14.8,24.5,12.7,11.5,12.3,1469,1765,,,
4139,38351,39088,38150,29200,1608000,1800000,89,3988000,Discharging,15.7,23.1,11.3,12.3,15.6,2777,3666,,,
4141,38016,38954,39021,29200,1800000,1800000,89,3989000,Discharging,14.3,23.3,10.0,12.3,12.4,2391,2704,,,
4143,38351,39088,38552,29200,1416000,1800000,89,3987000,Discharging,15.4,23.8,11.4,14.8,11.7,2318,2658,,,
4145,38887,39021,38217,29200,1800000,1800000,89,3988000,Discharging,15.9,28.1,12.7,11.5,9.6,2440,2749,,,
4147,37949,38887,38351,29200,1608000,1800000,89,3989000,Discharging,14.7,24.3,12.9,14.0,8.6,2270,2670,,,
4149,38351,38820,38619,29200,1608000,1800000,89,3986000,Discharging,15.7,26.7,11.3,11.0,13.8,2282,2612,,,
4152,38351,39021,38485,29200,1416000,1800000,89,3976000,Discharging,15.1,26.5,9.5,12.7,10.5,1656,1822,,,
4154,37949,38954,38485,29200,1800000,1800000,89,3982000,Discharging,15.1,25.1,13.3,11.4,11.8,2288,2680,,,
4156,39758,40160,38887,29200,1800000,1800000,89,3974000,Discharging,19.5,27.0,18.2,19.7,12.3,3372,3815,,,
4158,39959,40361,39892,29200,1800000,1800000,89,3974000,Discharging,24.1,33.6,20.8,25.2,17.5,5413,5518,,,
4160,41701,41433,41500,29300,1800000,1800000,89,3957000,Discharging,25.9,21.6,28.1,24.2,29.5,6789,7798,,,
4162,41634,41768,40562,29300,1416000,1416000,89,3972000,Discharging,26.8,27.6,15.1,26.4,37.9,5707,5782,,,
4164,40629,41098,40830,29200,1200000,1200000,89,3975000,Discharging,24.0,26.2,16.7,26.9,25.9,5747,5840,,,
4167,39825,41165,39959,29200,1008000,1008000,89,3984000,Discharging,23.1,32.1,16.9,25.6,18.3,3384,3675,,,
4169,39758,40361,39892,29200,1008000,1008000,89,3981000,Discharging,24.8,34.6,21.3,26.8,16.1,4196,5224,,,
4171,39959,40562,40160,29200,1008000,1008000,89,3986000,Discharging,24.8,44.1,16.3,21.8,18.3,4347,5696,,,
4173,42505,41366,41701,29300,1800000,1800000,89,3973000,Discharging,30.7,26.7,28.9,30.8,35.6,4196,4150,,,
4175,43510,42505,43443,29300,1800000,1800000,89,3969000,Discharging,30.6,32.2,9.6,24.9,55.2,4548,5028,,,
4178,44381,42907,42706,29300,1800000,1800000,89,3964000,Discharging,30.9,30.6,13.6,72.1,7.5,3057,3367,,,
4180,44247,42639,43510,29300,1800000,1800000,89,3966000,Discharging,31.8,21.4,15.7,64.0,26.7,4867,5236,,,
4182,42974,42170,42438,29300,1608000,1608000,89,3976000,Discharging,30.9,10.0,33.8,71.0,8.0,4770,4942,,,
4184,42505,42371,42773,29300,1608000,1608000,89,3976000,Discharging,30.8,11.7,28.0,15.0,67.6,4046,4430,,,
4186,42773,41969,43041,29300,1608000,1608000,89,3980000,Discharging,30.7,20.0,10.4,28.3,64.2,4618,4710,,,
4188,42773,42103,42237,29300,1608000,1608000,89,3964000,Discharging,30.7,58.7,10.4,35.7,17.8,4452,4459,,,
4190,43443,42237,42706,29300,1608000,1608000,89,3965000,Discharging,31.8,44.3,14.7,31.6,37.9,5569,6642,,,
4193,43376,42103,42170,29300,1608000,1608000,89,3976000,Discharging,30.9,58.2,15.6,27.6,21.3,3311,3204,,,
4195,42639,42237,41768,29300,1608000,1608000,89,3967000,Discharging,31.3,42.2,35.0,22.1,26.5,4718,4754,,,
4197,43376,42036,42371,29300,1608000,1608000,89,3974000,Discharging,30.7,68.4,17.6,10.4,25.7,4489,4420,,,
4199,42840,42505,41969,29300,1608000,1608000,89,3965000,Discharging,30.7,61.4,23.6,22.5,15.2,4434,4524,,,
4201,42572,41835,42170,29300,1608000,1608000,89,3975000,Discharging,28.4,53.3,20.3,15.9,24.4,4870,4826,,,
4203,42974,42438,42036,29300,1416000,1416000,89,3963000,Discharging,30.5,34.8,14.6,26.4,46.3,5057,5534,,,
4206,44314,42773,43309,29400,1608000,1800000,89,3960000,Discharging,30.9,37.0,16.9,24.2,45.5,3690,4311,,,
4208,44716,42974,43845,29400,1800000,1800000,89,3958000,Discharging,30.0,18.7,10.7,34.0,56.7,4872,5572,,,
4210,44850,43510,44247,29300,1800000,1800000,89,3962000,Discharging,30.4,33.5,20.7,43.5,23.9,5198,5782,,,
4212,44515,43175,43979,29400,1800000,1800000,89,3962000,Discharging,29.7,29.5,19.8,41.6,28.2,5122,5684,,,
4214,45252,44381,44314,29400,1800000,1800000,89,3958000,Discharging,30.3,26.2,18.8,32.7,42.3,5004,5634,,,
4216,44314,43577,44247,29400,1800000,1800000,89,3960000,Discharging,29.5,15.1,23.5,32.9,46.9,5016,5666,,,
4218,44381,43577,44180,29400,1800000,1800000,89,3961000,Discharging,29.5,27.4,12.9,42.1,34.9,5084,5698,,,
4221,44113,43242,44515,29400,1800000,1800000,89,3965000,Discharging,30.5,22.6,12.1,31.5,55.4,4087,5145,,,
4223,42974,42505,42304,29300,1800000,1800000,89,3971000,Discharging,24.3,23.1,21.5,28.3,24.6,5583,5662,,,
4225,42304,42505,42103,29300,1800000,1800000,89,3968000,Discharging,22.9,26.3,16.8,32.7,15.9,5730,5774,,,
4227,43376,42974,42907,29400,1800000,1800000,89,3965000,Discharging,24.1,29.9,17.1,26.4,22.3,5679,5752,,,
4229,43108,42438,42572,29400,1608000,1800000,89,3965000,Discharging,24.5,28.7,12.4,27.6,29.3,5674,5764,,,
4231,40361,41567,40629,29300,1608000,1800000,89,3991000,Discharging,16.6,27.2,8.0,18.5,12.7,3176,3430,,,
4234,39624,40830,40026,29400,1608000,1800000,89,3985000,Discharging,14.4,24.5,9.5,14.6,9.4,1696,1843,,,
4236,39423,40093,39758,29300,1416000,1800000,89,3986000,Discharging,15.9,23.6,14.2,13.7,11.0,2266,2602,,,
4238,39155,39624,39825,29300,1416000,1800000,89,3983000,Discharging,15.5,24.9,12.3,11.8,14.1,2814,3656,,,
4240,38619,39423,39356,29300,1608000,1800000,89,3983000,Discharging,16.1,22.5,17.4,15.7,8.6,2339,2682,,,
4242,38753,39490,38954,29300,600000,1800000,89,3981000,Discharging,15.3,20.8,10.7,15.4,14.2,2296,2655,,,
4244,38686,39557,39088,29300,1608000,1800000,89,3981000,Discharging,14.8,24.5,11.9,12.2,10.6,2508,2784,,,
4246,38887,39289,38954,29300,1608000,1800000,89,3973000,Discharging,15.6,23.8,11.0,11.4,15.6,2230,2611,,,
4249,38686,39423,39021,29300,1416000,1800000,89,3970000,Discharging,14.9,22.3,13.6,11.8,12.7,1453,1735,,,
4251,38887,39490,39155,29300,1608000,1800000,89,3985000,Discharging,15.5,23.7,13.7,9.1,15.1,2212,2617,,,
4253,38619,39557,39289,29300,1608000,1800000,89,3974000,Discharging,15.4,26.1,13.2,9.6,13.2,3364,4754,,,
4255,39021,39155,39155,29300,1608000,1800000,89,3975000,Discharging,15.8,24.4,12.3,11.0,15.6,2477,2738,,,
4257,37949,39356,39155,29300,1608000,1800000,89,3984000,Discharging,14.8,24.0,9.1,12.3,13.2,2276,2643,,,
4259,38619,39557,39021,29300,1416000,1800000,89,3987000,Discharging,14.5,24.2,8.1,13.3,11.4,2222,2646,,,
4261,38820,39356,38753,29300,1416000,1800000,89,3988000,Discharging,15.9,23.3,12.8,14.6,14.5,2251,2620,,,
4264,38418,39356,39155,29300,1416000,1800000,89,3983000,Discharging,15.1,26.7,14.2,9.5,10.0,1483,1760,,,
4266,39289,39222,39356,29300,1608000,1800000,89,3976000,Discharging,15.4,23.9,14.8,11.9,11.4,2500,2752,,,
4268,38351,39423,38954,29300,1608000,1800000,89,3988000,Discharging,14.3,23.4,7.4,13.3,12.7,2199,2628,,,
4270,38284,39624,38887,29300,1608000,1800000,89,3984000,Discharging,16.2,26.5,14.6,15.0,9.2,2249,2602,,,
4272,38284,38820,38954,29300,1608000,1800000,89,3985000,Discharging,15.0,28.6,10.0,11.4,9.0,2790,3646,,,
4274,38552,39222,38485,29300,1608000,1800000,89,3978000,Discharging,14.9,24.5,10.6,11.2,13.6,2538,2780,,,
4276,38351,39155,39423,29300,1416000,1800000,89,3979000,Discharging,15.6,26.1,11.3,12.7,11.5,2264,2620,,,
4279,38485,39624,38552,29300,1416000,1800000,89,3978000,Discharging,14.5,24.2,6.7,14.7,13.1,1502,1769,,,
4281,38351,39289,39088,29300,1800000,1800000,89,3987000,Discharging,16.8,28.5,12.3,11.0,14.6,2582,2892,,,
4283,40294,40562,40696,29400,1608000,1608000,89,3967000,Discharging,23.5,23.8,15.7,18.9,36.0,6657,7756,,,
4285,41835,41433,41165,29300,1416000,1416000,89,3969000,Discharging,26.5,29.7,17.5,28.5,30.3,5596,5715,,,
4287,41098,41634,40964,29300,1200000,1200000,89,3973000,Discharging,28.1,21.3,21.5,35.8,33.8,5092,5408,,,
4289,40495,41098,40763,29300,1008000,1008000,89,3978000,Discharging,26.9,28.7,11.3,31.8,35.5,4762,5222,,,
4292,39557,40696,39691,29300,1008000,1008000,89,3977000,Discharging,23.9,31.3,16.9,19.6,27.5,2754,3433,,,
4294,39959,40830,39758,29300,1008000,1008000,89,3973000,Discharging,23.0,37.0,14.4,23.3,17.8,3940,4961,,,
4296,39691,40562,40093,29300,1008000,1008000,89,3972000,Discharging,25.1,38.3,13.5,25.5,22.9,4214,5164,,,
4298,40897,39758,39959,29400,1800000,1800000,89,3968000,Discharging,30.1,64.5,19.1,12.1,25.9,3644,3612,,,
4300,43912,42103,43041,29300,1800000,1800000,89,3967000,Discharging,30.6,54.5,27.4,5.7,34.9,4628,4870,,,
4302,44783,42505,43376,29400,1800000,1800000,89,3956000,Discharging,30.7,59.2,23.5,21.1,19.0,4615,4936,,,
4305,43912,42304,43979,29300,1800000,1800000,89,3959000,Discharging,30.9,38.6,19.8,13.6,50.9,3923,4805,,,
4307,44515,42974,43577,29400,1800000,1800000,89,3957000,Discharging,31.2,45.2,25.8,30.7,23.5,4617,4944,,,
4309,44247,43041,43912,29400,1800000,1800000,89,3964000,Discharging,31.0,47.4,33.6,19.6,22.4,4754,5149,,,
4311,44850,42974,43979,29400,1800000,1800000,89,3961000,Discharging,30.9,43.8,19.6,27.6,33.2,4662,5084,,,
4313,44850,43108,44046,29400,1800000,1800000,89,3959000,Discharging,30.8,44.7,14.4,35.5,28.9,5650,7044,,,
4315,45788,43979,44448,29400,1800000,1800000,89,3961000,Discharging,31.1,31.6,27.0,11.4,54.7,4479,4848,,,
4318,45319,43711,44314,29400,1800000,1800000,89,3960000,Discharging,30.8,40.5,17.5,24.9,39.8,3057,3249,,,
4320,44917,43979,44046,29400,1800000,1800000,88,3960000,Discharging,30.9,35.9,12.9,35.0,39.0,4400,4829,,,
4322,45252,43108,44247,29400,1800000,1800000,88,3956000,Discharging,30.5,53.1,24.4,23.9,22.0,4409,4810,,,
4324,44783,43309,43778,29400,1800000,1800000,88,3957000,Discharging,30.1,41.1,29.2,32.1,18.2,4489,5090,,,
4326,44850,43376,43912,29400,1800000,1800000,88,3963000,Discharging,30.8,45.0,38.5,28.8,10.9,4568,5112,,,
4328,44046,43108,43376,29400,1608000,1608000,88,3960000,Discharging,28.2,42.5,13.7,28.9,28.0,5168,5664,,,
4331,45252,43510,44582,29400,1800000,1800000,88,3956000,Discharging,31.9,51.2,24.0,29.9,22.5,3392,3870,,,
4333,44716,43510,44314,29400,1800000,1800000,88,3960000,Discharging,31.2,44.1,24.5,30.5,26.4,4980,5793,,,
4335,46123,43979,44314,29400,1800000,1800000,88,3959000,Discharging,31.2,33.5,47.9,17.3,25.1,5460,6699,,,
4337,45520,43979,44716,29400,1800000,1800000,88,3956000,Discharging,31.4,30.0,30.3,38.3,26.5,4878,5662,,,
4339,44783,43510,44314,29500,1800000,1800000,88,3953000,Discharging,31.4,56.3,13.3,27.9,28.4,5278,6542,,,
4341,45654,43912,44649,29400,1800000,1800000,88,3961000,Discharging,31.3,35.7,10.5,14.0,64.5,4838,5654,,,
4343,45453,44247,44515,29500,1800000,1800000,88,3958000,Discharging,30.8,37.6,14.3,44.7,25.4,5118,6527,,,
4346,45788,44649,44984,29500,1800000,1800000,88,3958000,Discharging,31.5,15.2,16.5,12.1,81.9,3632,4511,,,
4348,43577,43644,43175,29500,1608000,1800000,88,3968000,Discharging,25.8,38.6,16.5,28.2,20.5,5074,5548,,,
4350,42974,42639,42639,29400,1800000,1800000,88,3968000,Discharging,22.2,26.0,17.5,26.0,19.3,5702,5894,,,
4352,43108,42706,42371,29400,1800000,1800000,88,3965000,Discharging,24.4,27.4,19.4,20.6,29.8,5763,5892,,,
4354,44180,43041,43041,29500,1800000,1800000,88,3958000,Discharging,24.4,25.7,11.5,35.2,25.6,5418,5776,,,
4356,43711,42907,42639,29400,1416000,1800000,88,3985000,Discharging,19.5,29.7,16.7,16.9,14.8,4270,4514,,,
4359,40428,40495,40495,29400,1416000,1800000,88,3983000,Discharging,14.2,26.4,11.5,9.4,9.4,1469,1732,,,
4361,40026,40361,40160,29400,1800000,1800000,88,3982000,Discharging,14.7,22.9,14.6,8.7,12.7,2292,2662,,,
4363,39356,40093,39691,29400,1416000,1800000,88,3977000,Discharging,15.3,24.9,7.6,14.9,13.3,2263,2648,,,
4365,39155,39825,39423,29400,1416000,1800000,88,3978000,Discharging,14.6,24.8,13.1,12.0,9.0,2251,2652,,,
4367,39222,40294,39490,29400,1608000,1800000,88,3978000,Discharging,16.5,24.8,11.3,15.1,14.6,2422,2715,,,
4369,39155,39758,39155,29400,1800000,1800000,88,3961000,Discharging,15.5,23.6,15.9,11.7,10.5,2758,3651,,,
4371,39155,39825,39557,29400,1608000,1800000,88,3979000,Discharging,15.7,23.3,13.3,9.4,17.1,2233,2602,,,
4374,38887,40093,39021,29400,1416000,1800000,88,3984000,Discharging,14.6,24.4,14.0,10.5,9.5,1520,1773,,,
4376,39356,39758,39021,29400,1416000,1800000,88,3970000,Discharging,15.4,25.6,10.5,12.7,12.9,3196,4598,,,
4378,39356,39557,39021,29400,1800000,1800000,88,3973000,Discharging,15.3,28.9,10.6,12.0,9.9,2499,2760,,,
4380,38887,39825,39356,29400,1608000,1800000,88,3979000,Discharging,14.9,23.6,10.5,13.7,11.4,2789,3612,,,
4382,38954,39892,39423,29400,1416000,1800000,88,3980000,Discharging,15.4,25.8,11.8,9.6,14.6,2263,2632,,,
4384,38418,39222,39356,29400,1608000,1800000,88,3980000,Discharging,14.4,24.8,8.5,12.3,12.4,2230,2624,,,
4386,38820,39758,39021,29400,1416000,1800000,88,3975000,Discharging,15.5,22.2,10.4,17.1,11.5,2242,2590,,,
4389,38753,39624,39021,29400,1416000,1800000,88,3981000,Discharging,14.7,23.7,9.9,10.4,15.1,1566,1795,,,
4391,38820,39959,39155,29300,1800000,1800000,88,3984000,Discharging,14.9,23.7,10.8,14.2,11.1,2280,2662,,,
4393,38820,39624,39222,29300,1608000,1800000,88,3981000,Discharging,15.8,26.5,8.5,11.9,16.0,2328,2668,,,
4395,38887,39825,39155,29400,1416000,1800000,88,3981000,Discharging,15.3,24.8,11.2,13.1,12.4,2287,2674,,,
4397,39088,39624,39155,29400,1416000,1800000,88,3966000,Discharging,15.4,22.4,13.7,10.1,15.5,2486,2716,,,
4399,38418,40160,38753,29400,1800000,1800000,88,3967000,Discharging,14.6,24.4,12.7,10.5,11.2,2259,2641,,,
4401,38954,39758,38954,29400,1608000,1800000,88,3979000,Discharging,15.2,22.0,14.2,11.4,12.7,2302,2668,,,
4403,38954,40026,39155,29400,1608000,1800000,88,3980000,Discharging,14.8,24.3,11.3,9.5,14.7,2282,2614,,,
4406,39222,39825,38619,29400,1608000,1800000,88,3971000,Discharging,14.9,25.4,9.7,13.9,10.5,1776,2346,,,
4408,40160,41165,40428,29400,1800000,1800000,88,3963000,Discharging,21.7,26.7,11.4,18.9,29.2,4690,4933,,,
4410,41567,41701,41232,29500,1608000,1608000,88,3968000,Discharging,25.4,29.5,16.0,33.0,23.4,5222,5454,,,
4412,41768,41701,41232,29400,1416000,1416000,88,3961000,Discharging,28.1,36.0,19.6,30.5,26.6,6198,7580,,,
4414,40830,41500,40763,29400,1200000,1008000,88,3971000,Discharging,28.7,25.5,16.5,37.6,35.7,5050,5507,,,
4416,40361,41165,40428,29400,1008000,1008000,88,3963000,Discharging,24.9,33.2,15.7,27.5,22.8,4024,5026,,,
4419,39825,41031,40629,29400,1008000,1008000,88,3976000,Discharging,24.3,26.1,16.7,23.4,30.7,2815,3472,,,
4421,39691,41165,40763,29300,1008000,1008000,88,3985000,Discharging,24.7,27.2,9.3,39.7,23.5,4068,5094,,,
4423,40160,40696,39892,29400,1200000,1200000,88,3974000,Discharging,28.8,41.6,42.1,21.2,9.9,3444,3939,,,
4425,44247,42036,42438,29400,1800000,1800000,88,3950000,Discharging,30.5,45.5,39.7,18.2,18.5,4386,4661,,,
4427,44649,43376,43376,29500,1800000,1800000,88,3955000,Discharging,31.4,32.1,44.7,38.5,10.4,4602,5270,,,
4430,44984,42639,43778,29400,1800000,1800000,88,3949000,Discharging,30.6,41.8,23.7,22.2,34.1,3052,3367,,,
4432,45185,43175,43711,29500,1800000,1800000,88,3954000,Discharging,31.0,46.4,20.5,25.2,32.9,4574,5082,,,
4434,44716,43443,44314,29500,1800000,1800000,88,3958000,Discharging,30.5,44.3,24.2,27.6,26.4,4818,5198,,,
4436,45051,43242,44046,29500,1800000,1800000,88,3955000,Discharging,31.8,46.7,30.2,29.4,20.8,5042,5976,,,
4438,45855,43309,44113,29400,1800000,1800000,88,3957000,Discharging,30.8,42.7,27.1,28.6,25.1,4310,4765,,,
4440,45587,43309,44113,29500,1800000,1800000,88,3960000,Discharging,30.3,37.4,28.5,28.9,26.3,4406,5056,,,
4442,44113,42974,43778,29500,1608000,1608000,88,3962000,Discharging,31.0,42.0,16.4,15.1,50.2,5626,6912,,,
4445,44113,42773,43845,29500,1608000,1608000,88,3955000,Discharging,30.6,44.3,22.8,26.2,29.2,3306,3365,,,
4447,44247,42572,42505,29500,1608000,1608000,88,3963000,Discharging,31.2,39.6,28.8,40.9,15.2,4354,4626,,,
4449,43979,42773,43376,29500,1608000,1608000,88,3961000,Discharging,30.7,41.1,28.6,30.0,23.1,4558,4656,,,
4451,43577,42505,43175,29500,1608000,1608000,88,3952000,Discharging,30.7,28.7,16.3,29.4,47.9,4576,4699,,,
4453,42170,42572,42840,29500,1416000,1416000,88,3959000,Discharging,29.7,30.2,28.4,25.1,35.0,5263,5473,,,
4455,44850,43376,43711,29500,1800000,1800000,88,3955000,Discharging,29.8,41.2,23.5,24.5,30.5,5064,5688,,,
4458,45989,44180,44247,29500,1800000,1800000,88,3959000,Discharging,29.3,30.8,21.7,35.8,29.2,3265,3720,,,
4460,45185,44381,44716,29500,1800000,1800000,88,3944000,Discharging,28.3,29.2,19.4,32.4,32.7,4996,5689,,,
4462,45788,44448,44984,29500,1800000,1800000,88,3955000,Discharging,29.4,28.2,25.2,35.8,27.0,4880,5686,,,
4464,44984,44314,44649,29600,1800000,1800000,88,3952000,Discharging,28.7,29.5,15.6,40.7,29.1,5082,5773,,,
4466,45386,44649,44515,29500,1800000,1800000,88,3950000,Discharging,28.8,31.4,15.6,39.2,29.4,5018,5758,,,
4468,45453,44314,44515,29600,1800000,1800000,88,3956000,Discharging,29.8,37.6,18.8,35.2,27.4,5902,6832,,,
4471,45788,44046,44850,29600,1800000,1800000,88,3949000,Discharging,29.6,29.0,20.3,34.7,34.1,3530,3893,,,
4473,46659,44448,45386,29600,1800000,1800000,88,3948000,Discharging,28.2,34.0,15.0,33.5,30.2,5922,6676,,,
4475,43979,43443,42974,29500,1800000,1800000,88,3956000,Discharging,22.7,28.5,11.3,23.3,28.0,5624,5715,,,
4477,43041,42304,42438,29500,1800000,1800000,88,3965000,Discharging,23.3,25.2,16.2,29.8,22.2,5942,5898,,,
4479,44515,43376,43376,29600,1800000,1800000,88,3955000,Discharging,24.3,30.9,13.4,31.6,20.4,5402,5648,,,
4481,44381,43309,44046,29500,1800000,1800000,88,3951000,Discharging,23.4,22.2,14.4,25.0,32.9,5859,5704,,,
4483,40495,41500,40629,29500,1200000,1800000,88,3967000,Discharging,15.0,28.9,8.0,13.2,8.6,2184,2460,,,
4486,39758,41031,40227,29500,1608000,1800000,88,3965000,Discharging,13.9,23.9,9.9,12.0,9.7,1548,1782,,,
4488,39825,40428,40227,29500,1608000,1800000,88,3976000,Discharging,16.1,24.6,15.1,11.0,14.3,2286,2636,,,
4490,39356,39691,39423,29500,1416000,1800000,88,3974000,Discharging,15.1,24.2,10.3,15.9,10.8,2506,2710,,,
4492,39289,40160,39892,29500,1800000,1800000,88,3960000,Discharging,15.3,23.1,10.8,14.2,11.9,2238,2648,,,
4494,39356,40093,39758,29500,1608000,1800000,88,3975000,Discharging,16.3,24.4,11.0,15.0,14.7,2350,2686,,,
4496,39222,40361,39758,29500,1608000,1800000,88,3977000,Discharging,14.8,24.1,10.5,12.7,12.3,2203,2642,,,
4498,39624,39959,39289,29400,1608000,1800000,88,3977000,Discharging,15.8,26.0,10.2,12.3,14.3,2262,2664,,,
4501,38619,39959,39356,29400,1416000,1800000,88,3976000,Discharging,14.5,27.1,12.3,9.5,8.6,1650,1810,,,
4503,39289,40093,39557,29400,408000,1800000,88,3977000,Discharging,16.1,29.0,13.6,14.8,7.7,2392,2759,,,
4505,38887,39356,38887,29400,1416000,1800000,88,3970000,Discharging,14.7,23.2,9.6,11.0,14.2,2222,2630,,,
4507,39222,39758,38954,29500,1416000,1800000,88,3962000,Discharging,15.2,24.6,11.3,12.6,13.1,2206,2616,,,
4509,39490,39691,39356,29400,1608000,1800000,88,3972000,Discharging,15.9,27.8,10.9,11.2,13.7,2280,2642,,,
4511,39088,40026,39088,29400,1416000,1800000,88,3975000,Discharging,14.5,21.9,9.6,12.8,13.1,2482,2714,,,
4513,39356,40093,39289,29400,1608000,1800000,88,3963000,Discharging,15.9,22.7,11.9,15.9,12.7,2316,2696,,,
4516,38887,39825,39289,29500,1608000,1800000,88,3975000,Discharging,14.8,24.5,10.5,10.5,14.3,1476,1749,,,
4518,39155,39825,39691,29500,1416000,1800000,88,3979000,Discharging,15.3,25.8,11.8,11.0,11.7,2226,2632,,,
4520,38485,39691,39289,29400,1800000,1800000,88,3981000,Discharging,14.9,22.9,8.1,12.8,16.5,2448,2712,,,
4522,39088,39691,39289,29400,1416000,1800000,88,3975000,Discharging,15.5,26.9,9.1,10.9,13.6,2318,2648,,,
4524,38686,39691,39691,29400,1608000,1800000,88,3966000,Discharging,15.6,26.4,11.3,12.0,13.3,2336,2678,,,
4526,39088,39691,39222,29400,1608000,1800000,88,3978000,Discharging,14.3,24.3,12.4,9.0,10.5,2174,2602,,,
4528,39021,39624,39356,29400,1416000,1800000,88,3979000,Discharging,15.3,25.5,10.0,18.6,7.7,2294,2651,,,
4531,39222,39557,39356,29400,1608000,1800000,88,3978000,Discharging,14.3,23.7,12.7,10.8,9.6,1681,1858,,,
4533,39557,39959,39758,29500,1800000,1800000,88,3964000,Discharging,19.3,24.6,13.5,17.1,22.5,3906,4242,,,
4535,41165,41366,41031,29500,1608000,1608000,88,3964000,Discharging,25.3,27.8,17.9,27.4,28.0,5457,5648,,,
4537,41567,41567,41366,29500,1416000,1416000,88,3965000,Discharging,26.7,26.7,19.8,32.4,27.7,5436,5592,,,
4539,41299,41902,41098,29500,1200000,1200000,88,3959000,Discharging,29.5,34.1,22.7,27.8,32.9,5296,5568,,,
4541,40227,41366,40830,29500,1008000,1008000,88,3969000,Discharging,25.8,33.8,22.2,24.1,23.3,4666,5195,,,
4544,40361,41031,40361,29500,1008000,1008000,88,3969000,Discharging,26.1,24.3,15.6,34.1,29.2,2914,3546,,,
4546,40428,41165,40696,29500,1008000,1008000,88,3961000,Discharging,29.1,26.5,13.8,33.2,43.1,4104,5076,,,
4548,41969,41969,41634,29500,1800000,1800000,88,3954000,Discharging,27.4,30.1,13.7,46.1,19.2,5552,5652,,,
4550,39758,40562,40026,29400,1608000,1800000,88,3980000,Discharging,16.1,23.4,12.7,13.0,15.6,2826,3172,,,
4552,39155,40227,39557,29500,1416000,1800000,88,3959000,Discharging,13.9,21.8,10.1,10.0,14.2,2516,2756,,,
4554,39423,40160,39959,29400,1608000,1800000,88,3973000,Discharging,16.3,24.6,11.4,16.6,13.1,2376,2681,,,
4557,39021,39758,39423,29500,1608000,1800000,88,3974000,Discharging,14.2,23.3,9.0,11.1,12.9,1477,1750,,,
4559,39155,39825,39691,29400,1800000,1800000,88,3974000,Discharging,16.2,25.8,10.0,11.8,17.2,2250,2622,,,
4561,38820,39691,39356,29400,1608000,1800000,88,3971000,Discharging,15.3,24.4,15.5,10.4,10.9,2551,2742,,,
4563,38485,39557,38887,29500,1608000,1800000,88,3964000,Discharging,14.3,22.6,9.6,12.3,12.3,2242,2620,,,
4565,38552,39557,39624,29500,1608000,1800000,88,3973000,Discharging,15.6,25.0,10.6,12.3,14.9,2330,2736,,,
4567,38954,39557,39557,29400,1416000,1800000,88,3965000,Discharging,14.8,26.2,7.1,13.6,12.4,2300,2666,,,
4569,39222,39624,39289,29500,1608000,1800000,88,3977000,Discharging,16.0,23.2,12.3,11.3,17.1,2300,2673,,,
4572,38820,39557,39356,29500,1608000,1800000,88,3970000,Discharging,15.2,23.7,13.7,15.0,8.1,1638,1810,,,
4574,38619,39691,39088,29500,1608000,1800000,88,3974000,Discharging,15.7,23.9,9.1,13.7,16.8,2372,2702,,,
4576,38887,39691,39423,29500,1800000,1800000,88,3971000,Discharging,14.3,21.9,12.9,13.3,8.3,2388,2728,,,
4578,39222,39423,39222,29500,1416000,1800000,88,3976000,Discharging,15.1,24.1,9.5,13.2,13.3,2373,2671,,,
4580,39155,39490,38887,29400,1800000,1800000,88,3977000,Discharging,15.9,24.8,14.2,12.8,12.3,2278,2639,,,
4582,38686,39825,38954,29400,1608000,1800000,88,3974000,Discharging,15.0,24.6,10.4,12.0,13.6,2476,2746,,,
4584,39222,39892,39356,29400,1416000,1800000,88,3974000,Discharging,16.1,26.5,8.6,12.7,15.2,2330,2696,,,
4587,38820,39624,39021,29500,1416000,1800000,88,3978000,Discharging,14.6,23.1,13.2,9.1,13.1,1461,1732,,,
4589,38887,39758,39222,29500,1416000,1800000,88,3974000,Discharging,15.0,23.6,11.3,11.4,13.7,2251,2630,,,
4591,38954,39624,38954,29400,1416000,1800000,88,3973000,Discharging,15.5,25.5,12.7,9.6,14.6,2294,2676,,,
4593,38954,39356,39356,29400,1608000,1800000,88,3974000,Discharging,14.7,24.8,10.8,11.9,11.8,2514,2756,,,
4595,38820,39289,39423,29400,1800000,1800000,88,3972000,Discharging,16.4,24.9,12.3,15.6,12.0,2266,2656,,,
4597,38820,39691,39155,29400,1608000,1800000,88,3968000,Discharging,14.0,21.5,13.1,13.3,9.0,2193,2642,,,
4599,38954,39356,39021,29400,1800000,1800000,88,3966000,Discharging,18.0,25.4,17.0,16.2,12.6,2608,3056,,,
4602,40629,41433,40696,29500,1608000,1608000,88,3950000,Discharging,23.9,21.9,21.1,28.0,24.5,3433,3662,,,
4604,42371,42170,41969,29500,1800000,1800000,88,3960000,Discharging,25.2,28.9,12.7,31.6,28.4,5694,5843,,,
4606,42974,42170,42036,29500,1800000,1800000,88,3955000,Discharging,25.7,21.7,14.7,41.6,24.3,5184,5650,,,
4608,42706,42371,42371,29500,1800000,1800000,88,3962000,Discharging,22.7,26.6,12.3,30.0,21.8,5669,5856,,,
4610,41969,41902,41299,29500,1800000,1800000,88,3965000,Discharging,23.0,27.9,21.2,21.3,22.3,5222,5602,,,
4612,41902,41500,40964,29500,1416000,1800000,88,3964000,Discharging,22.5,26.0,16.6,29.1,18.2,5142,5517,,,
4614,41433,41835,41433,29500,1800000,1800000,88,3976000,Discharging,22.5,28.4,12.3,23.7,25.7,5400,5542,,,
4617,44381,42036,43309,29500,1800000,1800000,88,3945000,Discharging,29.3,56.7,13.6,11.7,36.0,3282,3527,,,
4619,45185,43309,43912,29500,1800000,1800000,88,3955000,Discharging,30.2,50.7,27.6,22.3,19.8,4376,4778,,,
4621,45520,43510,44180,29500,1800000,1800000,88,3948000,Discharging,30.7,39.0,24.6,27.1,32.4,4398,4948,,,
4623,45185,43711,44314,29500,1800000,1800000,88,3951000,Discharging,30.5,40.7,33.2,24.6,23.3,4494,4999,,,
4625,45587,43644,44314,29600,1800000,1800000,88,3959000,Discharging,31.4,37.1,29.5,28.2,31.0,4592,5105,,,
4627,45252,43912,43845,29600,1800000,1800000,88,3958000,Discharging,30.8,29.5,16.4,56.0,21.1,4294,4918,,,
4629,46190,44113,44113,29500,1800000,1800000,88,3950000,Discharging,31.9,40.9,28.8,45.4,12.3,4888,5592,,,
4632,45252,44247,44783,29600,1800000,1800000,88,3945000,Discharging,31.3,29.5,35.6,20.6,38.7,3186,3624,,,
4634,45654,43644,44582,29500,1800000,1800000,88,3949000,Discharging,31.0,45.0,29.6,27.4,22.2,4942,5306,,,
4636,45989,43577,44381,29600,1800000,1800000,88,3957000,Discharging,31.4,48.4,25.9,31.0,20.2,4812,5236,,,
4638,45855,44113,44515,29600,1800000,1800000,88,3947000,Discharging,30.8,34.0,25.8,33.0,30.3,4772,5488,,,
4640,45118,43510,44716,29600,1800000,1800000,88,3943000,Discharging,31.2,23.6,23.5,19.2,58.5,4574,5020,,,
4642,45386,43711,44649,29600,1800000,1800000,88,3953000,Discharging,30.6,46.9,14.4,29.6,32.4,4776,5216,,,
4645,45922,44448,45051,29600,1800000,1800000,88,3950000,Discharging,31.8,30.3,11.6,59.5,25.6,3370,3719,,,
4647,45453,44314,43510,29600,1800000,1800000,88,3942000,Discharging,27.4,45.0,14.4,25.2,23.8,5338,5720,,,
4649,45185,43711,44247,29600,1800000,1800000,88,3943000,Discharging,29.7,31.1,17.3,38.2,31.8,5023,5632,,,
4651,45788,44247,44783,29600,1800000,1800000,88,3941000,Discharging,30.1,30.4,21.8,38.3,30.4,5028,5726,,,
4653,45654,44113,45386,29600,1800000,1800000,88,3942000,Discharging,30.1,24.9,14.0,44.7,36.5,5177,5661,,,
4655,45855,44716,44984,29600,1800000,1800000,88,3946000,Discharging,30.6,21.2,15.3,46.0,39.9,4975,5652,,,
4658,45520,44381,45185,29600,1800000,1800000,88,3948000,Discharging,30.6,30.4,14.8,35.3,40.8,3361,3790,,,
4660,45520,44381,44716,29700,1800000,1800000,88,3949000,Discharging,30.1,21.6,20.8,33.0,44.7,5035,5618,,,
4662,46324,44381,44783,29600,1800000,1800000,88,3941000,Discharging,29.3,32.4,22.4,35.8,26.5,4733,5568,,,
4664,44582,43711,44247,29600,1608000,1608000,88,3952000,Discharging,31.6,35.1,37.5,29.9,23.9,5349,5818,,,
4666,43845,43845,43443,29600,1416000,1416000,88,3961000,Discharging,27.8,22.7,37.6,31.6,19.2,5017,5464,,,
4668,42773,42438,42773,29600,1200000,1200000,88,3965000,Discharging,24.1,28.6,13.0,31.2,23.4,5590,5720,,,
4670,41634,41969,41835,29600,1008000,1008000,88,3964000,Discharging,26.5,24.5,14.3,24.3,43.1,4399,5164,,,
4673,41232,42237,41768,29600,1800000,1800000,88,3955000,Discharging,28.9,24.4,14.8,46.0,30.6,3087,3495,,,
4675,42840,42840,42974,29600,1608000,1800000,88,3952000,Discharging,21.5,20.4,13.1,20.4,31.8,4923,4892,,,
4677,40026,40830,40495,29600,1608000,1800000,87,3969000,Discharging,14.3,24.5,9.1,12.3,11.4,2211,2631,,,
4679,39557,40361,40160,29500,1416000,1800000,87,3971000,Discharging,14.3,23.0,10.0,12.3,12.7,2252,2659,,,
4681,39490,40093,39557,29500,1608000,1800000,87,3958000,Discharging,15.6,23.0,15.0,12.9,11.0,2366,2707,,,
4683,38887,40428,39959,29500,1416000,1800000,87,3969000,Discharging,15.2,24.3,11.8,14.1,10.4,2396,2709,,,
4686,39423,40629,40026,29600,1800000,1800000,87,3969000,Discharging,16.3,24.6,11.9,13.6,14.8,1553,1780,,,
4688,39222,40160,39758,29500,1608000,1800000,87,3969000,Discharging,15.0,25.9,10.5,9.2,14.7,2284,2676,,,
4690,39557,39758,39624,29500,1800000,1800000,87,3966000,Discharging,15.5,25.0,10.0,12.7,14.7,2314,2673,,,
4692,39155,40026,39892,29500,1800000,1800000,87,3968000,Discharging,14.6,22.9,14.8,9.5,11.4,2204,2628,,,
4694,39222,40026,39356,29600,1608000,1800000,87,3972000,Discharging,15.0,22.7,13.1,11.3,13.3,2480,2756,,,
4696,39289,39825,39557,29500,1416000,1800000,87,3965000,Discharging,15.7,23.4,10.0,14.4,14.1,2279,2621,,,
4698,39088,40227,39691,29500,1608000,1800000,87,3968000,Discharging,15.2,23.8,14.5,10.8,11.0,2316,2630,,,
4701,39222,40294,39490,29500,1416000,1800000,87,3971000,Discharging,15.5,25.1,13.3,14.6,10.0,1521,1773,,,
4703,39289,40093,39423,29500,1200000,1800000,87,3956000,Discharging,14.2,22.7,11.8,10.8,11.6,2316,2690,,,
4705,39423,39892,39892,29500,1416000,1800000,87,3970000,Discharging,14.5,24.6,11.0,10.4,11.5,2430,2710,,,
4707,39557,39892,39490,29500,1416000,1800000,87,3969000,Discharging,16.0,26.1,14.6,8.6,16.0,2272,2616,,,
4709,38954,39825,39490,29500,1608000,1800000,87,3969000,Discharging,15.0,25.8,8.6,10.0,15.5,2302,2654,,,
4711,38954,39959,39825,29500,1608000,1800000,87,3971000,Discharging,15.8,24.3,12.4,11.4,14.3,2280,2644,,,
4713,39490,40026,39222,29600,1608000,1800000,87,3972000,Discharging,14.6,25.2,13.7,8.2,11.1,2212,2590,,,
4716,39289,39758,39423,29500,1608000,1800000,87,3969000,Discharging,16.3,23.0,14.2,13.3,15.0,1657,1806,,,
4718,39557,40026,39624,29500,1608000,1800000,87,3963000,Discharging,14.9,24.4,12.3,12.7,10.9,2226,2598,,,
4720,39289,39892,39490,29500,1608000,1800000,87,3957000,Discharging,15.2,23.3,7.6,15.6,12.3,2190,2601,,,
4722,39155,39423,39356,29500,1416000,1800000,87,3972000,Discharging,15.6,25.4,14.6,10.4,13.1,2323,2690,,,
4724,38954,39892,39222,29500,1416000,1800000,87,3973000,Discharging,15.1,24.8,9.9,12.9,12.3,2269,2648,,,
4726,40495,41098,40763,29500,1416000,1800000,87,3962000,Discharging,21.1,26.8,9.9,26.5,21.6,4914,5022,,,
4728,41567,41232,41366,29600,1800000,1800000,87,3959000,Discharging,25.8,27.6,18.7,29.1,27.6,5556,5578,,,
4731,42773,42170,42237,29600,1800000,1800000,87,3955000,Discharging,26.0,21.8,19.5,31.5,30.6,3733,3826,,,
4733,43376,42773,42639,29600,1800000,1800000,87,3957000,Discharging,25.4,22.5,10.5,39.3,29.4,5548,5797,,,
4735,42036,42371,42237,29600,1608000,1800000,87,3961000,Discharging,21.2,23.7,14.7,23.4,23.9,5762,5734,,,
4737,41768,42103,42438,29500,1416000,1800000,87,3960000,Discharging,21.0,26.5,13.4,16.8,27.4,5762,5750,,,
4739,41567,42572,41701,29500,1800000,1800000,87,3962000,Discharging,22.0,29.5,13.3,25.2,19.4,5918,5940,,,
4741,43912,42773,42773,29600,1800000,1800000,87,3951000,Discharging,25.1,23.4,16.0,44.1,16.7,5064,5404,,,
4743,44113,43376,43644,29600,1800000,1800000,87,3949000,Discharging,30.7,43.8,41.4,25.5,11.9,4754,5178,,,
4746,45587,43912,44247,29600,1416000,1800000,87,3946000,Discharging,30.3,40.4,36.3,21.9,22.6,3071,3341,,,
4748,45520,43912,44381,29700,1800000,1800000,87,3944000,Discharging,31.0,40.5,17.5,33.6,32.4,4730,5266,,,
4750,45252,43577,44917,29600,1800000,1800000,87,3945000,Discharging,31.8,43.0,17.3,40.6,26.6,4710,5002,,,
4752,45252,43979,45118,29600,1800000,1800000,87,3940000,Discharging,31.2,21.6,24.5,42.8,34.7,4434,4823,,,
4754,45118,44113,44649,29700,1800000,1800000,87,3943000,Discharging,30.7,32.1,22.1,54.9,13.7,4413,4994,,,
4756,45788,44314,44582,29600,1800000,1800000,87,3940000,Discharging,31.2,28.0,18.3,26.6,51.9,4816,5170,,,
4758,45922,44046,44984,29700,1416000,1800000,87,3933000,Discharging,31.2,24.4,16.6,63.1,20.2,4597,5056,,,
4761,44917,43778,43979,29700,1800000,1800000,87,3942000,Discharging,30.5,27.1,21.7,54.2,18.5,3092,3413,,,
4763,46324,44582,44783,29700,1800000,1800000,87,3939000,Discharging,30.9,35.5,17.5,23.0,47.6,4592,5039,,,
4765,46257,44515,45051,29700,1800000,1800000,87,3942000,Discharging,30.5,30.0,21.0,35.4,36.4,4538,4858,,,
4767,45788,44448,44917,29700,1800000,1800000,87,3946000,Discharging,31.2,27.8,9.9,27.1,59.6,4918,5337,,,
4769,45185,44180,44381,29700,1800000,1800000,87,3952000,Discharging,31.1,26.0,40.0,23.9,34.3,4760,5138,,,
4771,44649,43577,44180,29700,1800000,1800000,87,3943000,Discharging,28.8,25.0,28.2,16.3,45.5,4977,5370,,,
4774,45185,44381,45185,29700,1800000,1800000,87,3934000,Discharging,29.9,30.4,12.0,29.4,48.1,3345,3728,,,
4776,45721,44917,44381,29700,1800000,1800000,87,3946000,Discharging,31.0,32.9,19.8,40.6,29.8,5208,5764,,,
4778,45922,44716,45319,29700,1800000,1800000,87,3946000,Discharging,30.1,29.0,19.3,43.1,29.4,4945,5664,,,
4780,46860,45051,45386,29700,1800000,1800000,87,3942000,Discharging,30.7,39.7,20.6,27.1,36.0,5092,5782,,,
4782,46123,44917,45721,29700,1800000,1800000,87,3942000,Discharging,30.3,29.0,14.3,13.3,64.2,4898,5514,,,
4784,45654,44984,44649,29700,1800000,1800000,87,3945000,Discharging,29.9,26.3,19.4,37.7,36.5,5013,5700,,,
4786,45453,44582,44783,29700,1800000,1800000,87,3945000,Discharging,30.9,28.4,22.3,40.1,32.2,5286,5800,,,
4789,45319,44314,44448,29700,1608000,1608000,87,3943000,Discharging,30.3,37.1,19.2,24.1,41.0,3382,3750,,,
4791,43845,43778,43778,29700,1416000,1416000,87,3948000,Discharging,31.5,46.2,17.3,33.2,29.4,4950,5468,,,
4793,43644,43041,43242,29600,1200000,1200000,87,3956000,Discharging,23.9,36.7,19.2,19.2,20.8,5554,5514,,,
4795,41299,42438,41902,29600,1008000,1008000,87,3958000,Discharging,24.2,35.3,18.5,25.5,17.1,5335,5674,,,
4797,42170,42572,42170,29700,1008000,1008000,87,3948000,Discharging,30.2,40.2,16.7,30.6,33.3,4218,5026,,,
4800,43443,43108,42237,29700,1416000,1800000,87,3944000,Discharging,26.7,25.4,17.3,26.9,37.1,3967,3928,,,
4802,40763,41299,40830,29600,1416000,1800000,87,3958000,Discharging,15.8,23.0,5.2,20.8,14.6,2686,2952,,,
4804,40160,41098,41098,29600,1608000,1800000,87,3962000,Discharging,14.4,25.8,6.7,11.9,13.6,2166,2567,,,
4806,40026,40495,40160,29600,1608000,1800000,87,3965000,Discharging,14.8,23.1,12.7,11.8,11.3,2160,2570,,,
4808,39825,40897,40093,29600,1608000,1800000,87,3965000,Discharging,15.0,24.4,8.7,11.3,14.9,2554,2748,,,
4810,39423,40361,39624,29600,1800000,1800000,87,3963000,Discharging,15.5,27.4,10.8,11.0,12.4,2162,2584,,,
4812,39423,40361,40160,29600,1416000,1800000,87,3955000,Discharging,16.0,23.0,15.2,10.9,15.0,2256,2632,,,
4815,39557,40428,39825,29600,1800000,1800000,87,3966000,Discharging,14.6,26.4,12.0,10.6,9.4,1492,1797,,,
4817,39423,40428,39624,29600,1800000,1800000,87,3965000,Discharging,15.6,23.9,12.6,9.6,16.8,2564,2753,,,
4819,39423,40495,39557,29600,1608000,1800000,87,3943000,Discharging,14.5,24.9,11.8,9.1,12.3,2200,2658,,,
4821,39155,40093,39624,29600,1608000,1800000,87,3954000,Discharging,14.4,24.6,10.4,11.9,10.5,2248,2648,,,
4823,39825,39959,39289,29600,1608000,1800000,87,3959000,Discharging,16.0,25.6,13.9,13.6,10.5,2240,2580,,,
4825,39155,39758,39490,29600,1416000,1800000,87,3951000,Discharging,14.5,21.9,10.8,13.8,11.0,2294,2664,,,
4827,39088,40361,39624,29600,1608000,1800000,87,3963000,Discharging,15.8,24.2,11.3,11.0,16.5,2518,2730,,,
4830,39356,40562,39624,29600,1608000,1800000,87,3968000,Discharging,14.4,23.0,12.4,8.6,14.2,1499,1734,,,
4832,39289,40227,39959,29600,1800000,1800000,87,3968000,Discharging,15.2,21.4,12.8,10.5,16.2,2218,2636,,,
4834,39423,40093,40093,29600,1416000,1800000,87,3958000,Discharging,15.8,23.4,13.7,10.0,15.0,2237,2622,,,
4836,39088,40093,39423,29600,1608000,1800000,87,3960000,Discharging,14.8,24.1,12.0,12.3,11.7,2136,2596,,,
4838,39423,40160,39691,29600,1416000,1800000,87,3967000,Discharging,16.0,24.9,13.7,14.2,11.4,2510,2758,,,
4840,39155,40093,39356,29600,1800000,1800000,87,3962000,Discharging,15.4,26.8,13.3,8.1,13.3,2290,2698,,,
4842,39222,40227,39758,29600,1608000,1800000,87,3953000,Discharging,15.7,24.8,10.0,13.5,14.0,2300,2669,,,
4844,38887,40227,39289,29600,1416000,1800000,87,3967000,Discharging,15.3,25.9,11.3,14.0,9.5,2218,2628,,,
4847,39155,40562,39490,29600,1416000,1800000,87,3965000,Discharging,15.1,24.1,17.4,8.6,10.5,1572,1834,,,
4849,39021,39758,39624,29500,1416000,1800000,87,3965000,Discharging,15.9,24.8,12.9,14.7,12.0,2474,2746,,,
4851,39289,40026,39691,29600,1800000,1800000,87,3968000,Discharging,18.2,29.0,16.8,11.3,14.6,3024,3422,,,
4853,41433,41567,41299,29600,1608000,1608000,87,3951000,Discharging,24.7,30.8,18.7,22.5,27.4,5712,5822,,,
4855,41701,42371,41433,29600,1416000,1416000,87,3949000,Discharging,26.8,32.5,22.7,31.0,21.1,5134,5598,,,
4857,41500,41634,41634,29600,1200000,1200000,87,3953000,Discharging,29.4,46.7,23.1,26.4,21.7,5418,5763,,,
4860,40428,41902,41165,29600,1008000,1008000,87,3970000,Discharging,25.9,33.8,22.4,22.8,24.2,3201,3664,,,
4862,40428,41098,40763,29600,1008000,1008000,87,3965000,Discharging,23.1,35.6,17.1,21.9,18.6,4112,5174,,,
4864,40361,41433,41031,29600,1008000,1008000,87,3955000,Discharging,24.9,30.2,23.1,25.7,21.2,4142,5107,,,
4866,40026,41299,40562,29600,1008000,1008000,87,3965000,Discharging,24.7,28.2,15.1,16.0,39.0,3708,4744,,,
4868,40562,40830,40495,29600,1800000,1800000,87,3940000,Discharging,30.7,44.7,30.8,25.8,21.0,3570,3364,,,
4871,44314,43108,43309,29700,1800000,1800000,87,3938000,Discharging,30.7,42.9,24.3,25.8,30.7,2964,3116,,,
4873,44582,43309,43644,29700,1800000,1800000,87,3939000,Discharging,30.5,47.6,15.0,25.6,33.6,4416,4654,,,
4875,45319,43443,44247,29700,1800000,1800000,87,3936000,Discharging,30.6,59.2,22.9,18.1,21.5,4521,4880,,,
4877,44850,43644,44448,29700,1800000,1800000,87,3951000,Discharging,30.9,22.7,16.3,50.5,34.3,4321,4573,,,
4879,45453,43577,44046,29700,1800000,1800000,87,3936000,Discharging,31.0,53.1,16.7,39.9,13.7,4432,4478,,,
4881,44783,43443,44314,29700,1800000,1800000,87,3947000,Discharging,30.9,43.3,11.2,54.2,15.2,4454,4712,,,
4883,45922,43510,44247,29700,1800000,1800000,87,3947000,Discharging,30.8,49.5,18.7,39.0,16.4,4238,4414,,,
4886,46056,43912,44515,29700,1800000,1800000,87,3937000,Discharging,29.9,51.4,28.8,12.9,26.6,2855,2951,,,
4888,45453,43376,44448,29700,1800000,1800000,87,3944000,Discharging,31.2,54.9,25.0,23.8,20.4,4570,4790,,,
4890,45520,44180,44850,29700,1800000,1800000,87,3949000,Discharging,30.4,48.1,32.1,17.8,24.1,4718,4966,,,
4892,45319,43778,44850,29700,1800000,1800000,87,3947000,Discharging,30.2,54.5,19.4,24.9,21.6,4408,4828,,,
4894,45855,43711,44582,29800,1800000,1800000,87,3950000,Discharging,30.8,45.9,22.9,23.9,30.2,4446,4761,,,
4896,45453,44113,44984,29700,1800000,1800000,87,3949000,Discharging,29.0,40.1,25.0,21.8,29.6,4396,4709,,,
4898,45654,44314,44582,29700,1608000,1800000,87,3943000,Discharging,30.4,44.8,22.3,29.6,24.9,5437,5786,,,
4901,45855,44113,45252,29700,1800000,1800000,87,3940000,Discharging,30.5,21.8,15.8,51.9,32.6,3207,3672,,,
4903,46458,44917,45654,29800,1800000,1800000,87,3935000,Discharging,31.4,54.5,10.8,50.2,8.6,4942,5524,,,
4905,45721,44314,44850,29700,1416000,1608000,87,3944000,Discharging,31.1,36.7,20.3,17.8,50.0,5000,5560,,,
4907,44649,43711,43979,29700,1608000,1608000,87,3943000,Discharging,30.7,54.2,18.9,33.8,16.9,4900,5216,,,
4909,44582,43376,44180,29700,1608000,1608000,87,3943000,Discharging,31.4,43.5,25.5,19.8,37.4,4924,5128,,,
4911,44716,43510,44783,29700,1608000,1608000,87,3938000,Discharging,30.7,39.3,23.3,17.8,42.9,4677,5012,,,
4914,43376,43041,43510,29700,1416000,1416000,87,3949000,Discharging,31.3,40.2,13.8,21.1,49.1,3102,3335,,,
4916,43376,42840,43309,29700,1416000,1416000,87,3947000,Discharging,30.9,32.1,26.2,25.2,40.0,4837,5052,,,
4918,42907,42639,42036,29700,1416000,1416000,87,3952000,Discharging,26.5,39.3,21.4,23.3,22.6,5160,5344,,,
4920,42572,42773,42237,29700,1416000,1416000,87,3946000,Discharging,23.3,29.0,15.1,20.9,28.4,6151,5991,,,
4922,42237,42639,41969,29700,1416000,1416000,87,3948000,Discharging,25.7,38.3,20.2,18.3,26.6,5607,5670,,,
4924,43041,42639,42103,29800,1416000,1416000,87,3944000,Discharging,27.1,44.6,10.8,29.5,23.8,5170,5562,,,
4927,39959,41768,41031,29600,1416000,1800000,87,3959000,Discharging,18.5,32.2,10.0,16.0,16.1,2304,2474,,,
4929,40026,40897,40696,29600,1416000,1800000,87,3953000,Discharging,15.6,22.7,8.6,15.2,15.0,2230,2618,,,
4931,39758,40830,40093,29600,1800000,1800000,87,3961000,Discharging,14.5,23.8,10.5,11.4,11.8,2477,2766,,,
4933,39825,40361,39959,29700,1608000,1800000,87,3961000,Discharging,16.0,25.7,12.9,13.2,12.7,2317,2682,,,
4935,39758,40629,40495,29600,1416000,1800000,87,3962000,Discharging,14.5,25.0,11.8,8.6,12.3,2258,2618,,,
4937,39624,40361,39557,29600,1608000,1800000,87,3961000,Discharging,14.7,23.7,9.6,14.2,12.0,2204,2597,,,
4939,39490,40696,39624,29600,1608000,1800000,87,3946000,Discharging,16.4,25.7,12.7,16.0,11.3,2513,2726,,,
4942,39624,40294,39892,29600,1416000,1800000,87,3962000,Discharging,14.7,23.4,8.1,12.7,14.2,1562,1792,,,
4944,39423,40428,39490,29600,1608000,1800000,87,3966000,Discharging,16.2,24.5,12.9,15.2,12.0,2297,2691,,,
4946,39423,40361,39825,29600,1416000,1800000,87,3962000,Discharging,14.8,24.2,10.0,11.4,13.6,2153,2578,,,
4948,39222,40495,39691,29600,1608000,1800000,87,3957000,Discharging,16.1,22.5,13.1,13.7,14.8,2324,2676,,,
4950,39691,40093,39892,29600,1608000,1800000,87,3953000,Discharging,14.8,24.7,11.4,12.3,11.7,2532,2756,,,
4952,39423,39825,39691,29600,1608000,1800000,87,3946000,Discharging,14.4,23.9,10.4,9.4,12.7,2184,2583,,,
4954,39088,40026,39490,29700,1800000,1800000,87,3963000,Discharging,15.9,25.5,10.6,10.0,17.5,2230,2616,,,
4957,39691,40093,39021,29600,1608000,1800000,87,3944000,Discharging,14.7,24.1,10.3,11.8,14.3,1466,1725,,,
4959,39155,40361,39758,29600,1800000,1800000,87,3947000,Discharging,16.1,27.4,10.0,11.3,15.3,2312,2644,,,
4961,39490,40160,39691,29600,1608000,1800000,87,3961000,Discharging,15.3,25.1,10.0,11.4,14.4,2539,2778,,,
4963,39289,40227,39356,29700,1608000,1800000,87,3964000,Discharging,14.5,23.6,13.6,11.4,9.1,2312,2643,,,
4965,39088,40160,39825,29600,1416000,1800000,87,3964000,Discharging,15.8,26.4,9.9,13.2,13.7,2262,2604,,,
4967,38820,40361,39624,29600,1608000,1800000,87,3960000,Discharging,14.7,24.8,8.6,12.0,13.7,2294,2621,,,
4969,39423,40026,39289,29600,1416000,1800000,87,3956000,Discharging,15.9,27.2,12.4,12.3,11.8,2256,2669,,,
4972,39021,40227,39691,29600,1416000,1800000,87,3958000,Discharging,14.9,26.1,11.7,13.6,8.9,1676,1848,,,
4974,39557,40026,39423,29600,1608000,1800000,87,3954000,Discharging,15.4,24.0,11.3,12.4,13.4,2304,2637,,,
4976,38887,40227,39490,29600,1416000,1800000,87,3963000,Discharging,14.5,23.8,11.3,10.9,12.2,2178,2550,,,
4978,41634,41500,41500,29600,1608000,1608000,87,3959000,Discharging,21.6,30.0,17.8,18.4,20.2,5825,5730,,,
4980,42438,42036,42036,29700,1416000,1416000,87,3951000,Discharging,27.0,28.1,18.6,36.7,24.4,5412,5646,,,
4982,41835,42371,41634,29600,1200000,1200000,87,3950000,Discharging,29.1,38.7,17.0,37.2,23.0,5414,5579,,,
4984,41366,41768,41299,29600,1008000,1008000,87,3951000,Discharging,27.5,24.8,14.8,52.6,18.3,4764,5215,,,
4987,40361,41902,40696,29700,1800000,1800000,87,3940000,Discharging,24.2,28.1,12.3,31.3,25.0,2978,3414,,,
4989,41634,42237,41634,29600,1608000,1608000,87,3952000,Discharging,24.0,32.1,11.3,24.1,29.1,5756,5742,,,
4991,42304,42706,42237,29700,1416000,1416000,87,3942000,Discharging,25.9,28.1,14.2,32.9,28.3,5478,5634,,,
4993,41701,42304,41567,29700,1416000,1416000,87,3944000,Discharging,23.5,26.8,9.0,28.8,29.9,4502,4701,,,
4995,39624,41165,40495,29600,1416000,1800000,87,3964000,Discharging,15.6,28.9,7.1,11.3,15.2,2327,2644,,,
4997,40093,40026,39490,29600,1608000,1800000,87,3962000,Discharging,14.7,23.1,12.3,9.1,14.0,2216,2612,,,
5000,39624,40495,40026,29600,1608000,1800000,87,3948000,Discharging,15.7,22.5,11.9,12.7,16.0,1535,1778,,,
5002,39356,40361,39557,29600,1608000,1800000,87,3961000,Discharging,15.4,23.6,14.2,13.7,10.0,2466,2699,,,
5004,39356,39892,39691,29600,1800000,1800000,87,3956000,Discharging,15.6,27.4,10.0,11.7,11.8,2252,2604,,,
5006,39490,40227,39356,29600,1608000,1800000,87,3953000,Discharging,14.7,23.4,12.4,12.7,11.3,2316,2656,,,
5008,39155,39892,39289,29600,1416000,1800000,87,3960000,Discharging,15.3,22.3,15.5,11.8,11.8,2202,2611,,,
5010,39021,40160,39959,29600,1608000,1800000,87,3953000,Discharging,16.6,24.9,16.2,10.7,14.9,2256,2742,,,
5012,39155,39892,39825,29600,600000,1800000,87,3950000,Discharging,15.1,23.9,11.8,10.0,14.5,2538,2754,,,
5015,39155,40294,39557,29600,1608000,1800000,87,3959000,Discharging,15.7,26.5,11.4,13.2,11.8,1581,1783,,,
5017,39490,40227,39557,29600,1800000,1800000,87,3960000,Discharging,14.7,24.4,12.4,11.3,10.1,2173,2563,,,
5019,39088,39959,39557,29600,1608000,1800000,87,3960000,Discharging,14.7,24.3,11.8,12.3,11.0,2290,2656,,,
5021,39155,40160,39758,29600,1608000,1800000,87,3957000,Discharging,16.0,25.9,10.0,13.3,14.8,2220,2604,,,
5023,39155,39490,39222,29700,1416000,1800000,87,3964000,Discharging,14.7,25.0,9.6,11.3,12.7,2442,2728,,,
5025,39825,40093,39490,29600,1608000,1800000,87,3961000,Discharging,16.0,25.1,15.2,12.4,10.9,2353,2687,,,
5027,38887,39758,39825,29600,408000,1800000,87,3959000,Discharging,15.2,24.2,15.0,12.3,10.0,2275,2618,,,
5030,39021,40361,39155,29600,1416000,1800000,87,3958000,Discharging,15.7,22.9,12.6,12.5,14.2,1453,1730,,,
5032,39021,40160,39423,29600,1800000,1800000,87,3960000,Discharging,14.6,23.9,12.2,13.7,9.7,2422,2694,,,
5034,38887,39356,39155,29600,1608000,1800000,87,3951000,Discharging,15.1,24.3,12.7,10.4,12.4,2255,2630,,,
5036,39155,39423,39490,29600,1608000,1800000,87,3940000,Discharging,16.0,24.1,11.9,11.8,16.0,2339,2678,,,
5038,38619,39758,39356,29600,1608000,1800000,87,3957000,Discharging,14.8,23.9,13.2,12.9,10.0,2300,2670,,,
5040,39155,39825,38954,29600,1608000,1800000,87,3961000,Discharging,16.1,24.3,11.0,15.4,13.3,2333,2737,,,
5042,38485,39490,39691,29600,1800000,1800000,87,3952000,Discharging,14.4,25.4,10.8,9.5,11.4,2478,2730,,,
5045,40495,40495,40428,29600,1800000,1800000,87,3959000,Discharging,20.0,26.6,13.5,19.7,20.4,2581,2793,,,
5047,41500,41768,42103,29600,1608000,1608000,87,3948000,Discharging,25.1,34.0,12.2,28.4,26.3,5302,5402,,,
5049,41433,42036,41299,29600,1416000,1416000,87,3947000,Discharging,27.2,26.8,20.8,27.7,33.0,5354,5542,,,
5051,41366,41701,41232,29600,1200000,1200000,87,3946000,Discharging,29.2,22.7,31.9,25.6,36.6,5087,5420,,,
5053,40227,41433,40763,29600,1008000,1008000,86,3954000,Discharging,25.1,22.2,13.8,29.2,35.3,4423,5174,,,
5055,40696,41500,41232,29600,1008000,1008000,86,3954000,Discharging,24.4,33.3,13.6,27.1,23.1,4109,5069,,,
5058,40361,41634,40562,29600,1008000,1008000,86,3954000,Discharging,23.4,25.2,18.1,31.8,19.4,2661,3357,,,
5060,40696,41098,40026,29600,1008000,1008000,86,3954000,Discharging,26.6,54.3,16.1,12.5,22.7,3504,4220,,,
5062,43979,42103,42036,29700,1800000,1800000,86,3937000,Discharging,30.5,42.1,18.5,16.7,44.4,4406,4422,,,
5064,44582,42706,43577,29700,1800000,1800000,86,3927000,Discharging,31.2,26.8,30.4,23.9,42.8,4504,4790,,,
5066,44649,43242,44515,29700,1800000,1800000,86,3933000,Discharging,31.2,30.1,12.3,25.6,56.5,4581,4936,,,
5068,45453,43443,44180,29700,1800000,1800000,86,3936000,Discharging,30.5,38.2,21.4,33.0,29.6,4517,4880,,,
5071,45654,44716,44381,29700,1800000,1800000,86,3933000,Discharging,30.6,38.2,23.7,34.4,27.0,2940,3409,,,
5073,45386,43711,44850,29700,1800000,1800000,86,3943000,Discharging,30.5,43.8,20.0,32.9,24.8,4768,5020,,,
5075,45185,43376,44716,29700,1800000,1800000,86,3934000,Discharging,30.8,43.3,11.5,29.9,38.3,4492,4784,,,
5077,45520,43845,44314,29700,1608000,1800000,86,3934000,Discharging,30.7,37.7,18.1,32.4,34.3,4698,5240,,,
5079,44180,43041,43577,29700,1608000,1608000,86,3934000,Discharging,30.6,30.8,24.3,10.3,57.0,4687,5042,,,
5081,44448,43443,43845,29700,1608000,1608000,86,3939000,Discharging,31.0,38.5,7.5,12.9,65.9,4524,4800,,,
5084,43845,43242,43443,29700,1608000,1608000,86,3943000,Discharging,30.7,52.6,17.0,33.8,19.5,3283,3276,,,
5086,43912,43175,43979,29700,1608000,1608000,86,3936000,Discharging,30.8,51.2,21.7,30.5,20.1,4637,4703,,,
5088,44046,43108,43108,29700,1608000,1608000,86,3941000,Discharging,30.5,38.6,21.3,35.2,26.9,4315,4590,,,
5090,43510,42974,43309,29700,1608000,1608000,86,3943000,Discharging,28.6,38.1,21.6,34.6,19.2,4860,5017,,,
5092,44448,43242,44113,29700,1800000,1800000,86,3942000,Discharging,30.8,44.3,38.0,25.9,16.5,5013,5508,,,
5094,45252,43912,44917,29800,1800000,1800000,86,3920000,Discharging,30.8,37.3,12.7,26.9,46.1,5226,5824,,,
5096,45185,43845,44850,29800,1800000,1800000,86,3933000,Discharging,31.1,40.5,10.5,41.6,31.6,5045,5699,,,
5099,45855,44314,44783,29800,1800000,1800000,86,3934000,Discharging,30.0,31.6,28.4,29.6,30.7,3235,3713,,,
5101,45788,44247,44984,29800,1800000,1800000,86,3929000,Discharging,30.7,28.4,24.6,44.4,24.5,5012,5642,,,
5103,46391,44984,45587,29800,1800000,1800000,86,3939000,Discharging,30.8,39.9,14.6,25.4,43.5,4846,5594,,,
5105,45788,44515,45051,29800,1800000,1800000,86,3936000,Discharging,30.9,40.8,10.3,19.3,53.0,5008,5690,,,
5107,45922,44113,44582,29800,1800000,1800000,86,3933000,Discharging,30.1,22.3,21.3,24.2,51.9,4980,5686,,,
5109,46391,44783,44984,29800,1800000,1800000,86,3927000,Discharging,29.3,35.6,15.5,32.9,33.0,4846,5670,,,
5112,44515,43711,43778,29700,1608000,1800000,86,3942000,Discharging,22.7,27.6,18.5,20.6,24.9,3668,3817,,,
5114,43108,43711,42371,29700,1800000,1800000,86,3944000,Discharging,22.7,20.9,10.9,32.4,25.9,5282,5571,,,
5116,43912,43041,43577,29800,1800000,1800000,86,3932000,Discharging,25.4,23.3,11.4,18.2,48.6,5550,5750,,,
5118,43845,43309,43510,29800,1800000,1800000,86,3934000,Discharging,26.2,20.1,13.7,27.4,43.1,5560,5810,,,
5120,41165,41768,41299,29700,1800000,1800000,86,3959000,Discharging,16.3,24.6,10.0,14.6,16.4,3042,3279,,,
5122,40227,41299,40830,29700,1608000,1800000,86,3958000,Discharging,14.6,23.6,13.3,9.0,11.5,2260,2614,,,
5124,39959,41031,40294,29700,1416000,1800000,86,3950000,Discharging,15.0,24.4,7.6,14.6,13.8,2471,2730,,,
5127,39490,40629,40026,29700,1608000,1800000,86,3955000,Discharging,15.6,23.6,12.9,11.4,13.8,1494,1764,,,
5129,39691,40294,40093,29700,1608000,1800000,86,3954000,Discharging,14.8,25.4,10.8,14.1,10.1,2382,2714,,,
5131,39624,40562,40026,29700,1608000,1800000,86,3948000,Discharging,16.0,21.7,11.8,14.2,16.0,2246,2621,,,
5133,39758,40629,40160,29700,1800000,1800000,86,3954000,Discharging,15.3,23.1,11.8,13.8,11.8,2281,2640,,,
5135,39222,40294,39825,29700,1416000,1800000,86,3954000,Discharging,14.4,20.4,10.6,12.8,14.7,2470,2746,,,
5137,39825,40227,39557,29600,1608000,1800000,86,3957000,Discharging,15.6,24.9,16.6,12.8,8.1,2386,2772,,,
5139,39557,40495,39892,29600,1800000,1800000,86,3948000,Discharging,14.8,24.4,12.2,11.5,10.8,2250,2592,,,
5142,39289,40160,39758,29600,1608000,1800000,86,3946000,Discharging,16.1,25.5,17.1,11.8,9.9,1541,1768,,,
5144,39155,40428,39691,29700,1416000,1800000,86,3953000,Discharging,14.8,21.9,10.5,10.5,16.0,2162,2590,,,
5146,39222,40160,39356,29600,1608000,1800000,86,3944000,Discharging,15.6,22.9,9.5,12.3,17.8,2540,2751,,,
5148,39289,40361,39490,29700,1608000,1800000,86,3944000,Discharging,14.2,22.7,10.0,11.1,13.7,2330,2682,,,
5150,39155,39758,39758,29700,1608000,1800000,86,3957000,Discharging,14.9,23.7,12.7,10.9,12.0,2206,2596,,,
5152,39423,39959,39423,29700,1416000,1800000,86,3954000,Discharging,16.4,26.4,14.0,13.2,12.4,2266,2635,,,
5154,39222,40227,39356,29600,1800000,1800000,86,3957000,Discharging,15.1,23.1,10.5,9.6,16.7,2311,2632,,,
5157,39088,39892,40093,29600,1608000,1800000,86,3958000,Discharging,15.6,24.4,10.5,13.3,14.2,1618,1804,,,
5159,39356,40361,40026,29600,1608000,1800000,86,3944000,Discharging,14.9,23.9,10.5,10.5,15.0,2318,2644,,,
5161,39289,40093,39356,29700,1608000,1800000,86,3954000,Discharging,15.1,25.0,11.6,13.3,11.0,2291,2632,,,
5163,39356,39959,39691,29700,1608000,1800000,86,3955000,Discharging,15.3,26.1,10.5,12.7,12.1,2285,2634,,,
5165,39088,39892,39557,29600,1416000,1800000,86,3955000,Discharging,14.9,24.6,10.9,10.5,13.3,2404,2672,,,
5167,39088,39959,39758,29600,1608000,1800000,86,3955000,Discharging,15.8,22.6,13.1,16.4,11.3,2336,2684,,,
5169,39021,39892,39356,29600,1800000,1800000,86,3944000,Discharging,17.4,27.6,11.8,18.1,11.8,2622,3044,,,
5172,41299,41165,40830,29700,1608000,1608000,86,3946000,Discharging,24.9,25.9,20.8,25.4,27.1,3438,3635,,,
5174,41500,41969,42170,29700,1416000,1416000,86,3940000,Discharging,26.5,21.7,9.4,33.0,41.9,4940,5425,,,
5176,41567,42304,41433,29700,1200000,1200000,86,3948000,Discharging,28.6,24.3,14.4,45.6,29.4,5217,5554,,,
5178,40964,41969,41567,29700,1008000,1008000,86,3949000,Discharging,27.1,19.7,12.4,34.8,41.4,4480,5168,,,
5180,40093,41098,40495,29700,1008000,1008000,86,3946000,Discharging,23.2,28.8,14.2,31.5,18.4,4100,5134,,,
5182,40026,41567,40696,29700,1008000,1008000,86,3950000,Discharging,24.6,33.8,11.6,30.3,22.6,4166,5160,,,
5185,40629,41098,40562,29700,1008000,1008000,86,3950000,Discharging,24.5,28.7,12.2,33.5,23.2,2724,3387,,,
5187,41567,41299,41835,29700,1800000,1800000,86,3924000,Discharging,30.7,56.5,27.9,12.8,25.8,3788,3814,,,
5189,44515,43041,42907,29800,1416000,1800000,86,3925000,Discharging,30.8,45.5,25.2,45.1,7.1,4643,5094,,,
5191,44381,43108,43778,29700,1800000,1800000,86,3925000,Discharging,31.6,38.3,25.0,31.8,31.6,4700,5290,,,
5193,44716,43376,43778,29700,1800000,1800000,86,3930000,Discharging,30.9,44.3,22.1,33.2,24.5,4808,5270,,,
5195,44984,44180,44113,29800,1800000,1800000,86,3922000,Discharging,31.0,41.6,29.1,28.4,25.0,4745,5020,,,
5198,45118,44381,44582,29800,1800000,1800000,86,3924000,Discharging,30.9,39.3,28.4,29.9,26.1,3008,3362,,,
5200,45252,44515,44917,29800,1800000,1800000,86,3932000,Discharging,30.9,34.8,21.3,37.4,29.1,4488,4988,,,
5202,45520,43510,44984,29700,1800000,1800000,86,3928000,Discharging,30.7,22.9,12.4,76.4,11.0,4305,4728,,,
5204,45721,43711,44783,29700,1800000,1800000,86,3927000,Discharging,30.0,57.7,36.5,5.8,18.5,4112,4442,,,
5206,45855,43778,44783,29800,1800000,1800000,86,3925000,Discharging,30.9,29.5,32.9,43.9,17.1,4516,4711,,,
5208,45386,43510,44247,29800,1800000,1800000,86,3937000,Discharging,30.8,41.0,26.8,11.4,44.6,4292,4682,,,
5211,45453,43711,44582,29800,1800000,1800000,86,3930000,Discharging,30.3,53.8,15.9,16.4,35.0,2858,3099,,,
5213,46190,43979,44984,29700,1800000,1800000,86,3930000,Discharging,31.3,31.1,34.4,38.0,21.8,4112,4501,,,
5215,45118,44515,44716,29800,1800000,1800000,86,3927000,Discharging,30.1,19.4,26.1,67.6,6.2,4270,4732,,,
5217,45051,43979,44247,29800,1608000,1608000,86,3929000,Discharging,28.2,34.1,35.3,20.2,22.7,5372,5856,,,
5219,44984,44180,44917,29800,1800000,1800000,86,3926000,Discharging,29.4,31.9,28.3,31.8,26.2,5262,5852,,,
5221,45587,44247,45051,29800,1800000,1800000,86,3927000,Discharging,29.0,31.9,20.1,39.0,24.9,5006,5729,,,
5223,45989,44917,44984,29800,1800000,1800000,86,3923000,Discharging,29.2,26.0,18.2,41.9,31.5,4992,5688,,,
5226,45855,45051,44783,29800,1800000,1800000,86,3933000,Discharging,28.7,35.2,15.2,36.6,28.0,3419,3879,,,
5228,45587,44515,44984,29800,1800000,1800000,86,3928000,Discharging,29.7,31.6,18.6,35.8,31.5,5192,5833,,,
5230,45855,44515,45319,29800,1800000,1800000,86,3925000,Discharging,29.8,36.3,15.4,41.0,26.7,5148,5998,,,
5232,45922,44783,45118,29800,1800000,1800000,86,3911000,Discharging,28.3,27.2,29.2,28.8,28.1,4886,5679,,,
5234,45989,44850,45252,29800,1800000,1800000,86,3928000,Discharging,28.8,21.3,17.8,27.4,48.1,5023,5734,,,
5236,44649,44247,43845,29800,1800000,1800000,86,3938000,Discharging,25.5,29.0,15.2,28.5,29.6,5350,5602,,,
5239,43845,43443,43242,29800,1800000,1800000,86,3939000,Discharging,21.8,21.3,16.2,29.8,20.3,3827,3888,,,
5241,43577,43041,43443,29700,1800000,1800000,86,3951000,Discharging,22.9,25.7,16.5,24.5,24.9,5910,5906,,,
5243,44046,43577,43644,29800,1800000,1800000,86,3929000,Discharging,24.1,22.0,18.9,29.6,25.5,5949,5980,,,
5245,41500,42103,41701,29700,1800000,1800000,86,3930000,Discharging,18.6,23.7,11.3,22.3,17.8,4194,4295,,,
5247,40428,41701,40897,29700,1416000,1800000,86,3945000,Discharging,15.2,25.2,11.0,10.4,15.0,2572,2774,,,
5249,40160,40964,40495,29700,1416000,1800000,86,3950000,Discharging,14.8,21.9,10.1,13.6,12.6,2234,2621,,,
5251,39758,40897,40562,29700,1608000,1800000,86,3948000,Discharging,14.9,25.0,10.0,13.6,11.8,2190,2597,,,
5254,39557,40629,40026,29700,1608000,1800000,86,3942000,Discharging,16.1,24.8,14.6,14.8,10.0,1562,1767,,,
5256,39557,40696,39825,29700,1608000,1800000,86,3937000,Discharging,14.3,23.8,9.6,11.9,11.5,2226,2640,,,
5258,39691,39959,40026,29700,1608000,1800000,86,3944000,Discharging,15.6,23.0,13.2,11.4,14.7,2580,2785,,,
5260,39490,40495,40026,29700,1608000,1800000,86,3950000,Discharging,15.3,24.5,12.8,10.4,13.7,2320,2715,,,
5262,39892,40562,39825,29700,1200000,1800000,86,3951000,Discharging,16.2,26.9,11.5,12.4,13.1,2228,2617,,,
5264,39691,40562,39758,29700,1608000,1800000,86,3944000,Discharging,14.8,25.1,12.2,9.9,12.3,2314,2681,,,
5266,39423,40562,39758,29700,1416000,1800000,86,3953000,Discharging,15.0,23.9,8.2,15.4,12.4,2208,2630,,,
5269,39624,39959,39825,29700,1608000,1800000,86,3951000,Discharging,15.6,22.2,12.7,16.5,10.5,1708,1862,,,
5271,39557,40227,39691,29700,1608000,1800000,86,3946000,Discharging,14.9,22.5,13.7,11.3,11.9,2196,2628,,,
5273,39490,39892,39892,29700,1608000,1800000,86,3950000,Discharging,15.9,25.5,10.5,11.4,16.6,2340,2682,,,
5275,38954,40227,39892,29700,1416000,1800000,86,3953000,Discharging,14.3,23.0,11.4,13.1,10.0,2209,2620,,,
5277,39356,40361,39557,29700,1416000,1800000,86,3936000,Discharging,15.1,24.2,10.5,15.4,11.3,2202,2602,,,
5279,39557,40428,39959,29700,1608000,1800000,86,3945000,Discharging,14.8,22.5,14.3,8.5,14.2,2402,2660,,,
5281,39088,40294,39892,29700,1416000,1800000,86,3945000,Discharging,14.9,25.2,7.7,10.4,15.8,2214,2612,,,
5284,39356,40227,39892,29700,1608000,1800000,86,3940000,Discharging,16.1,22.7,11.0,17.0,13.6,1504,1758,,,
5286,38954,40160,39758,29700,1608000,1800000,86,3947000,Discharging,15.0,22.6,12.3,16.2,9.0,2304,2661,,,
5288,39088,39825,39758,29700,1800000,1800000,86,3949000,Discharging,15.7,24.6,12.8,10.5,15.1,2533,2712,,,
5290,38887,40495,39490,29700,1200000,1800000,86,3950000,Discharging,15.0,24.4,10.0,11.0,13.7,2348,2690,,,
5292,39423,40562,39423,29700,1416000,1800000,86,3951000,Discharging,15.1,24.9,12.3,13.2,10.9,2270,2672,,,
5294,39289,40629,39490,29700,1800000,1800000,86,3952000,Discharging,15.6,23.6,11.9,11.0,15.2,2211,2586,,,
5296,41098,41500,41098,29700,1608000,1800000,86,3936000,Discharging,21.7,28.7,19.2,25.5,13.4,5183,5195,,,
5298,42237,41902,41902,29800,1608000,1608000,86,3929000,Discharging,26.4,30.5,20.9,23.3,31.4,5596,5566,,,
5301,41902,41634,42371,29700,1200000,1200000,86,3936000,Discharging,27.7,31.0,16.4,34.6,27.8,3580,3748,,,
5303,41232,41902,41433,29700,1008000,1008000,86,3940000,Discharging,30.1,33.0,21.1,34.7,32.9,5264,5654,,,
5305,40361,41500,40495,29700,1008000,1008000,86,3940000,Discharging,23.2,35.6,15.7,25.1,16.7,4078,4990,,,
5307,40495,41835,41232,29700,1800000,1800000,86,3945000,Discharging,22.1,31.9,15.5,23.8,16.7,4774,5512,,,
5309,41165,41701,40964,29700,1608000,1608000,86,3941000,Discharging,22.0,30.4,18.6,20.3,19.1,6238,6058,,,
5312,43912,42572,42639,29800,1800000,1800000,86,3931000,Discharging,27.7,41.8,22.3,14.2,32.5,3552,3655,,,
5314,44917,43510,44448,29800,1800000,1800000,86,3924000,Discharging,31.0,42.5,28.9,33.0,20.0,4561,4934,,,
5316,45118,43778,43577,29700,1800000,1800000,86,3920000,Discharging,30.4,34.3,27.4,40.6,19.8,4716,5342,,,
5318,46324,43711,44381,29800,1800000,1800000,86,3931000,Discharging,30.8,52.6,23.7,25.0,21.8,4816,5394,,,
5320,46190,43376,44783,29800,1800000,1800000,86,3928000,Discharging,30.7,52.9,12.4,36.2,21.5,4536,4926,,,
5322,45922,43778,45252,29800,1800000,1800000,86,3933000,Discharging,31.2,33.3,27.7,26.1,37.4,4628,5104,,,
5324,45855,44113,44783,29700,1800000,1800000,86,3929000,Discharging,30.8,41.3,24.8,28.9,28.6,4544,4969,,,
5327,45520,44381,45118,29800,1800000,1800000,86,3919000,Discharging,30.7,36.2,14.7,44.3,27.6,3018,3324,,,
5329,46123,44180,44984,29800,1608000,1800000,86,3918000,Discharging,31.0,57.3,24.4,26.2,17.5,4756,4982,,,
5331,45520,44448,45252,29800,1800000,1800000,86,3928000,Discharging,30.5,43.1,17.1,14.6,47.4,4389,4702,,,
5333,46123,44247,45453,29800,1800000,1800000,86,3922000,Discharging,30.7,24.8,15.0,23.2,59.4,4285,4632,,,
5335,46056,44180,44649,29800,1800000,1800000,86,3925000,Discharging,31.4,42.7,27.1,21.8,34.0,4762,5103,,,
5337,45922,44515,44582,29800,1800000,1800000,86,3932000,Discharging,30.7,32.7,43.2,13.3,33.6,4571,4951,,,
5340,46525,43845,44917,29800,1800000,1800000,86,3921000,Discharging,30.9,57.3,17.7,17.8,30.5,3132,3348,,,
5342,45989,44381,44716,29800,1800000,1800000,86,3935000,Discharging,27.9,36.3,15.4,36.8,23.0,5182,5534,,,
5344,46056,44180,44716,29800,1800000,1800000,86,3923000,Discharging,30.9,36.6,25.9,33.5,27.1,4935,5688,,,
5346,45922,44716,45051,29800,1800000,1800000,86,3918000,Discharging,30.3,22.6,20.6,19.8,59.0,4882,5609,,,
5348,45788,44917,45721,29800,1800000,1800000,86,3923000,Discharging,30.9,22.8,19.1,12.9,66.7,4671,5530,,,
5350,46726,45386,45587,29800,1800000,1800000,86,3923000,Discharging,30.2,22.7,26.3,43.0,29.1,4888,5628,,,
5352,45721,45051,45587,29800,1800000,1800000,86,3919000,Discharging,30.3,38.6,11.3,33.9,37.2,4737,5548,,,
5355,46592,45319,45520,29800,1800000,1800000,86,3923000,Discharging,31.3,28.0,14.6,55.8,26.2,3229,3738,,,
5357,46056,44716,45319,29800,1800000,1800000,86,3922000,Discharging,30.6,30.5,17.9,43.5,30.4,4926,5722,,,
5359,46525,44582,45855,29900,1800000,1800000,86,3924000,Discharging,30.2,23.8,37.4,31.8,27.6,5086,5827,,,
5361,45453,44515,45386,29800,1800000,1800000,86,3946000,Discharging,27.7,28.4,17.8,30.3,34.6,5179,5526,,,
5363,44046,44113,44247,29800,1800000,1800000,86,3933000,Discharging,22.1,26.7,14.8,28.2,19.1,5884,5817,,,
5365,43376,43108,43242,29800,1608000,1800000,86,3944000,Discharging,22.3,26.6,13.3,25.6,23.8,5892,5878,,,
5368,44716,43778,44113,29800,1800000,1800000,86,3925000,Discharging,24.1,26.3,15.2,30.2,24.9,3690,3777,,,
5370,44448,43778,44113,29800,1800000,1800000,86,3921000,Discharging,25.5,21.4,15.7,37.6,26.5,6081,5973,,,
5372,40763,41634,41366,29800,1416000,1800000,86,3936000,Discharging,12.8,24.4,7.5,10.5,9.4,2048,2399,,,
5374,40696,40897,40428,29800,1416000,1800000,85,3948000,Discharging,15.9,26.5,12.6,11.3,11.5,2283,2632,,,
5376,40227,41098,40495,29700,1608000,1800000,85,3944000,Discharging,14.7,22.1,13.7,10.4,13.2,2257,2628,,,
5378,39758,41165,40294,29700,1608000,1800000,85,3936000,Discharging,15.7,25.5,11.5,9.1,16.8,2280,2656,,,
5380,39892,40830,40093,29800,1608000,1800000,85,3931000,Discharging,15.0,23.3,11.8,13.6,11.8,2554,2746,,,
5383,39423,40428,40562,29800,1416000,1800000,85,3944000,Discharging,15.2,26.3,9.9,15.4,9.5,1523,1751,,,
5385,39624,40830,39825,29800,1416000,1800000,85,3946000,Discharging,16.0,20.6,14.3,14.7,13.6,2264,2622,,,
5387,39490,39959,39758,29700,1416000,1800000,85,3945000,Discharging,14.5,23.8,13.2,12.3,9.5,2197,2592,,,
5389,39691,40696,40026,29700,1608000,1800000,85,3940000,Discharging,15.8,27.0,13.9,11.3,10.8,2356,2725,,,
5391,39624,40562,40026,29700,1416000,1800000,85,3950000,Discharging,14.4,23.6,10.4,12.8,10.9,2472,2737,,,
5393,39758,40629,40093,29700,1608000,1800000,85,3947000,Discharging,14.8,23.0,9.4,12.4,14.6,2260,2640,,,
5395,39557,40361,39825,29700,1416000,1800000,85,3944000,Discharging,15.3,24.5,8.6,16.8,11.8,2237,2672,,,
5398,39423,40361,39758,29700,1608000,1800000,85,3944000,Discharging,15.1,23.9,10.9,11.4,13.6,1526,1777,,,
5400,39490,40026,39691,29700,1416000,1800000,85,3943000,Discharging,15.7,22.3,10.5,17.1,13.3,2220,2600,,,
5402,39624,40629,40093,29700,1800000,1800000,85,3935000,Discharging,14.7,22.9,11.4,11.4,12.7,2434,2714,,,
5404,39959,40294,39959,29700,1608000,1800000,85,3945000,Discharging,16.2,25.2,13.9,12.7,13.5,2188,2608,,,
5406,39356,40294,40026,29800,1608000,1800000,85,3948000,Discharging,14.3,22.1,12.9,11.4,10.0,2304,2642,,,
5408,39557,40361,39557,29700,1416000,1800000,85,3936000,Discharging,14.7,24.5,10.4,12.4,11.9,2206,2604,,,
5410,39557,40093,39892,29700,1416000,1800000,85,3945000,Discharging,16.0,24.6,12.9,15.2,11.3,2334,2672,,,
5412,39155,40093,39758,29800,1416000,1800000,85,3948000,Discharging,15.0,24.2,10.3,12.7,13.5,2537,2769,,,
5415,39155,40227,39758,29700,1416000,1800000,85,3945000,Discharging,15.3,24.2,10.5,11.4,14.8,1534,1776,,,
5417,39289,40093,39624,29700,1608000,1800000,85,3949000,Discharging,14.3,26.1,10.4,11.4,8.7,2282,2640,,,
5419,39222,40160,39624,29700,1800000,1800000,85,3948000,Discharging,15.5,26.7,14.0,11.8,10.8,2276,2641,,,
5421,40696,40897,40026,29700,1800000,1800000,85,3947000,Discharging,18.9,29.4,10.0,14.6,20.8,3774,3966,,,
5423,41232,41433,41366,29700,1800000,1800000,85,3914000,Discharging,23.6,29.2,14.8,24.3,26.0,5162,5316,,,
5425,43845,42639,42840,29800,1800000,1800000,85,3931000,Discharging,26.5,26.0,13.6,21.8,44.4,5756,5738,,,
5428,43443,43041,42706,29800,1800000,1800000,85,3930000,Discharging,25.3,17.2,18.5,37.4,27.7,3697,3850,,,
5430,41701,42505,41835,29800,1608000,1800000,85,3934000,Discharging,25.2,24.8,15.6,28.8,32.6,5225,5472,,,
5432,42974,42304,42170,29800,1800000,1800000,85,3932000,Discharging,22.2,26.2,12.7,22.6,27.0,6327,6178,,,
5434,42974,43309,43041,29800,1800000,1800000,85,3926000,Discharging,24.2,28.6,12.6,28.6,26.3,5699,5886,,,
5436,44314,43577,43376,29800,1800000,1800000,85,3920000,Discharging,23.1,27.7,14.6,28.0,23.0,5309,5760,,,
5438,40830,41768,42840,29700,1416000,1800000,85,3937000,Discharging,17.5,21.5,8.0,25.2,14.6,3565,3862,,,
5440,40562,41031,40830,29700,1416000,1800000,85,3942000,Discharging,15.8,23.1,9.5,14.0,16.5,2252,2641,,,
5443,40093,40495,40093,29700,1416000,1800000,85,3946000,Discharging,14.7,25.0,10.0,11.3,12.5,1672,1864,,,
5445,39892,40562,39959,29800,1800000,1800000,85,3939000,Discharging,15.9,25.1,11.4,11.8,15.2,2259,2654,,,
5447,39624,40227,40294,29700,1608000,1800000,85,3943000,Discharging,15.6,24.5,10.0,14.1,13.6,2293,2644,,,
5449,39758,40361,40026,29700,1416000,1800000,85,3935000,Discharging,15.0,21.5,13.7,11.4,13.7,2289,2694,,,
5451,39423,40093,39758,29700,1608000,1800000,85,3945000,Discharging,16.0,28.3,11.0,11.8,12.9,2304,2674,,,
5453,39289,40629,39624,29800,1416000,1800000,85,3943000,Discharging,14.6,23.7,11.4,11.5,12.3,2499,2746,,,
5455,39557,40294,39624,29700,1608000,1800000,85,3937000,Discharging,15.5,24.6,11.6,10.0,15.9,2336,2668,,,
5458,39289,39959,39557,29700,1416000,1800000,85,3947000,Discharging,14.9,22.9,11.1,11.8,13.7,1443,1722,,,
5460,39423,40026,39356,29700,600000,1800000,85,3945000,Discharging,16.1,25.0,17.5,12.2,10.0,2368,2688,,,
5462,39088,40562,39423,29800,1608000,1800000,85,3945000,Discharging,14.8,23.0,11.0,12.3,12.3,2484,2743,,,
5464,39289,40227,39624,29700,1416000,1800000,85,3944000,Discharging,15.2,24.9,11.7,11.9,12.0,2192,2598,,,
5466,38686,40093,39959,29800,1608000,1800000,85,3945000,Discharging,15.8,25.0,10.5,17.4,10.8,2346,2692,,,
5468,39490,40093,39758,29700,1800000,1800000,85,3949000,Discharging,14.2,22.7,11.9,8.6,13.7,2260,2622,,,
5470,39356,40160,39624,29700,1608000,1800000,85,3942000,Discharging,16.0,24.4,11.4,14.4,12.9,2332,2652,,,
