# fw=zero workload=sf2 start=2026-09-14 09:24:32 soak=99C prelaunch=schedutil/1800000 launch_up=8528.59 max0=1416000 gov=schedutil devfreq=none,none backlight=none
elapsed_s,cpu_mc,gpu_mc,ddr_mc,bat_mc,cur_khz,max_khz,batt_pct,batt_uv,status,cpu_busy,c0_busy,c1_busy,c2_busy,c3_busy,irq_s,ctxt_s,df0_hz,df1_hz,backlight
8541,36944,38485,37815,28300,1416000,1416000,76,3835000,Discharging,,,,,,,,,,
8543,38686,38887,38016,28300,1008000,1008000,76,3832000,Discharging,27.9,31.8,39.2,18.0,23.1,4116,5055,,,
8546,37681,38284,37480,28300,1008000,1008000,76,3832000,Discharging,28.7,39.6,30.5,10.3,33.6,2232,2774,,,
8548,36810,37815,37212,28300,816000,816000,76,3838000,Discharging,28.4,26.0,34.9,32.9,20.0,2134,2526,,,
8550,36609,37681,37346,28300,816000,816000,76,3845000,Discharging,30.9,34.9,32.0,18.1,37.9,2121,2446,,,
8552,36810,37547,37145,28300,816000,816000,76,3844000,Discharging,28.2,25.6,35.3,44.2,7.4,2091,2468,,,
8554,36944,37748,37011,28300,816000,816000,76,3846000,Discharging,29.6,32.6,32.4,35.0,18.8,2240,2510,,,
8557,36475,37882,37078,28300,816000,816000,76,3847000,Discharging,29.7,36.1,28.2,35.8,19.2,1411,1627,,,
8559,36877,37547,37078,28300,816000,816000,76,3835000,Discharging,29.1,25.5,38.6,40.0,13.3,2091,2457,,,
8561,36609,37413,36877,28300,816000,816000,76,3835000,Discharging,32.6,23.4,46.3,28.4,32.3,2136,2486,,,
8563,37145,38351,37078,28300,816000,816000,76,3841000,Discharging,29.7,41.0,28.1,23.6,25.9,2951,3902,,,
8565,37346,38150,37011,28300,816000,816000,76,3846000,Discharging,32.1,30.5,37.3,51.8,8.2,2399,2724,,,
8568,37212,37949,37480,28300,816000,816000,76,3843000,Discharging,29.7,36.4,29.7,6.4,47.3,1928,2609,,,
8570,37748,38016,37882,28300,600000,600000,76,3829000,Discharging,32.1,34.7,53.7,13.3,25.6,4742,7296,,,
8572,38150,38753,38150,28300,600000,600000,76,3832000,Discharging,39.7,41.1,60.2,18.1,39.4,3916,5178,,,
8574,37949,38954,38351,28300,600000,600000,76,3832000,Discharging,40.9,19.7,83.3,16.5,42.9,4032,5316,,,
8577,37815,39222,38217,28300,600000,600000,76,3832000,Discharging,40.3,31.6,70.8,17.2,42.3,2598,3511,,,
8579,37614,38954,38016,28300,600000,600000,76,3834000,Discharging,38.0,37.2,57.0,20.0,37.5,3716,4906,,,
8581,38217,39155,38217,28300,600000,600000,76,3835000,Discharging,39.2,41.3,56.0,40.2,19.4,3722,4954,,,
8584,38351,39423,38552,28300,600000,600000,76,3830000,Discharging,39.6,35.2,65.8,13.6,43.2,2598,3477,,,
8586,38485,39021,38552,28300,600000,600000,76,3827000,Discharging,39.5,66.7,34.3,32.6,25.0,3924,4995,,,
8588,38418,39155,38753,28300,600000,600000,76,3838000,Discharging,39.4,31.7,69.2,18.9,37.3,3834,5182,,,
8591,38351,39222,38820,28300,600000,600000,76,3834000,Discharging,40.5,43.7,58.4,24.2,36.1,2639,3499,,,
8593,37882,38820,38619,28300,600000,600000,76,3844000,Discharging,35.4,40.5,48.4,15.8,36.2,4046,5697,,,
8595,37346,37815,37145,28300,600000,600000,76,3846000,Discharging,33.0,33.2,39.5,29.0,30.8,2941,3729,,,
8597,36810,37480,37212,28300,600000,600000,76,3844000,Discharging,32.4,31.2,35.5,9.0,53.3,2664,3398,,,
8600,37011,38150,37212,28300,600000,600000,76,3844000,Discharging,26.5,35.1,35.1,20.1,15.2,2725,4271,,,
8602,37547,38552,37681,28300,600000,600000,76,3832000,Discharging,37.2,30.1,58.5,29.1,30.7,3114,3911,,,
8604,37748,38954,37949,28300,600000,600000,76,3837000,Discharging,35.0,37.4,46.7,15.7,39.5,3127,3785,,,
8607,36743,37547,37547,28300,600000,600000,76,3845000,Discharging,32.6,41.1,30.3,38.8,20.7,1511,1755,,,
8609,37346,37547,36810,28300,600000,600000,76,3845000,Discharging,31.6,35.7,31.3,41.0,19.3,2170,2492,,,
8611,37011,37748,37011,28300,600000,600000,76,3841000,Discharging,31.4,37.9,31.3,7.2,48.6,2146,2493,,,
8613,36274,38150,36743,28200,600000,600000,76,3845000,Discharging,31.3,28.9,38.2,36.7,21.3,2156,2474,,,
8616,36207,37681,36944,28300,600000,600000,76,3846000,Discharging,32.3,37.4,34.5,49.3,7.2,1511,1673,,,
8618,36542,37547,37011,28300,600000,600000,76,3846000,Discharging,31.8,25.1,45.4,6.8,50.5,2114,2444,,,
8620,36609,37279,36743,28300,600000,600000,76,3844000,Discharging,32.6,29.1,41.7,51.4,8.5,2131,2456,,,
8622,36944,38284,37480,28300,600000,600000,76,3841000,Discharging,33.3,41.8,33.9,39.2,17.9,2922,3752,,,
8625,36542,37547,36944,28300,600000,600000,76,3842000,Discharging,32.7,29.1,40.6,27.6,33.9,1659,1894,,,
8627,36475,37949,37011,28300,600000,600000,76,3845000,Discharging,33.0,39.7,32.7,45.3,14.9,2588,3144,,,
8629,37145,38418,37279,28300,600000,600000,76,3832000,Discharging,31.7,44.2,43.4,22.9,15.9,4754,7340,,,
8632,37748,38552,38418,28300,600000,600000,76,3831000,Discharging,39.8,32.0,68.6,20.9,37.1,2520,3359,,,
8634,37614,38887,38351,28300,600000,600000,76,3829000,Discharging,37.5,53.9,40.8,20.1,34.2,3714,4910,,,
8636,38150,39021,38016,28300,600000,600000,76,3830000,Discharging,39.7,59.5,42.5,28.1,27.6,4012,5110,,,
8638,38485,39222,38016,28300,600000,600000,76,3832000,Discharging,39.3,53.5,46.7,23.6,33.5,3926,5183,,,
8641,38351,39021,38753,28300,600000,600000,76,3832000,Discharging,40.0,33.8,69.6,18.0,37.9,2529,3371,,,
8643,37949,39356,38887,28300,600000,600000,76,3831000,Discharging,40.2,20.5,84.9,19.0,36.6,3914,5284,,,
8645,37748,38954,38954,28300,600000,600000,76,3832000,Discharging,40.3,17.8,84.6,12.2,45.8,3977,5339,,,
8648,37480,38619,37614,28300,600000,600000,76,3842000,Discharging,33.4,30.1,52.9,18.6,32.1,2494,3623,,,
8650,36877,37614,37078,28300,600000,600000,76,3838000,Discharging,32.8,29.2,37.8,34.2,29.1,2517,3173,,,
8652,36743,37949,36877,28300,600000,600000,76,3843000,Discharging,31.4,34.8,36.6,34.1,20.2,3230,4556,,,
8654,36676,37748,36609,28300,600000,600000,76,3846000,Discharging,26.9,30.8,35.8,8.6,33.2,3351,4941,,,
8657,37480,38820,37949,28300,600000,600000,76,3835000,Discharging,37.6,36.3,58.9,33.9,20.5,2330,2883,,,
8659,37748,38753,37748,28300,600000,600000,76,3832000,Discharging,34.5,31.3,50.7,23.7,32.3,2902,3603,,,
8661,37011,37480,36743,28300,600000,600000,76,3841000,Discharging,31.4,32.6,36.9,19.7,36.9,2164,2488,,,
8664,36944,37480,36676,28300,600000,600000,76,3843000,Discharging,33.2,41.6,27.0,9.0,54.9,1424,1592,,,
8666,36475,37413,36877,28300,600000,600000,76,3842000,Discharging,31.8,37.4,29.5,9.3,51.1,2271,2518,,,
8668,36408,37614,37011,28300,600000,600000,76,3842000,Discharging,32.1,38.1,31.4,41.8,17.2,2196,2540,,,
8670,36743,37346,37078,28300,600000,600000,76,3841000,Discharging,30.3,33.2,33.0,48.9,5.9,2129,2510,,,
8673,36609,37145,36542,28300,600000,600000,76,3843000,Discharging,33.7,42.2,30.5,51.1,11.8,1437,1602,,,
8675,36408,37346,36408,28300,600000,600000,76,3845000,Discharging,32.6,31.9,38.8,35.7,24.0,2193,2518,,,
8677,36676,37949,37346,28200,600000,600000,76,3843000,Discharging,35.6,43.2,37.9,29.0,30.8,3051,3747,,,
8679,37011,37882,37011,28300,600000,600000,76,3840000,Discharging,32.6,40.5,28.2,46.9,15.2,2409,2859,,,
8682,36944,37949,37078,28300,600000,600000,76,3847000,Discharging,31.2,33.6,38.8,7.6,44.9,2429,3545,,,
8684,37212,38619,37346,28300,600000,600000,76,3833000,Discharging,36.5,57.1,37.2,20.8,31.1,4073,5674,,,
8686,37681,38887,37614,28300,600000,600000,76,3823000,Discharging,40.2,34.2,67.1,24.7,34.5,3984,5224,,,
8689,38552,38887,38284,28300,600000,600000,76,3830000,Discharging,39.6,19.5,81.8,24.8,32.6,2617,3549,,,
8691,37681,38887,38820,28300,600000,600000,76,3830000,Discharging,39.3,22.0,78.5,14.7,41.4,3840,5180,,,
8693,37748,38820,38485,28300,600000,600000,76,3831000,Discharging,40.0,36.1,67.0,21.2,35.8,3838,5212,,,
8695,38016,39021,37949,28400,600000,600000,76,3829000,Discharging,39.6,39.7,63.0,20.4,35.4,3931,5320,,,
8698,37949,39088,38217,28300,600000,600000,76,3831000,Discharging,40.6,45.1,60.0,30.1,27.0,2759,3563,,,
8700,38284,39021,38083,28300,600000,600000,76,3831000,Discharging,40.3,24.8,78.6,16.5,40.8,3846,5153,,,
8702,37949,38753,38485,28300,600000,600000,76,3828000,Discharging,39.9,25.0,78.7,29.1,26.9,3892,5253,,,
8705,37815,39021,37949,28300,600000,600000,76,3828000,Discharging,39.8,18.9,83.6,10.3,46.0,2588,3569,,,
8707,37815,38820,37949,28300,600000,600000,76,3844000,Discharging,34.0,29.3,54.2,23.2,29.5,4036,5720,,,
8709,37145,37681,37346,28300,600000,600000,76,3840000,Discharging,33.6,39.0,31.1,10.7,54.1,2579,3216,,,
8712,36743,37614,37078,28300,600000,600000,76,3841000,Discharging,32.3,35.0,35.8,5.9,52.0,2156,3019,,,
8714,36341,37547,37011,28300,600000,600000,76,3844000,Discharging,28.5,34.8,35.6,16.8,25.6,3292,4832,,,
8716,37413,38887,37949,28300,600000,600000,76,3837000,Discharging,36.7,35.1,55.4,20.5,35.7,3236,4033,,,
8718,37279,38418,37681,28300,600000,600000,76,3838000,Discharging,35.7,27.8,58.1,20.7,36.0,2899,3452,,,
8721,36676,37748,37078,28300,600000,600000,76,3842000,Discharging,32.0,23.2,45.7,13.9,45.5,1423,1641,,,
8723,36676,37815,36944,28300,600000,600000,76,3841000,Discharging,32.8,35.3,35.6,36.0,24.4,2173,2424,,,
8725,35872,37279,36609,28300,600000,600000,76,3840000,Discharging,32.5,25.4,43.8,37.8,23.1,2140,2441,,,
8727,36207,37346,37212,28300,600000,600000,76,3840000,Discharging,32.7,40.0,31.4,8.8,51.1,2299,2490,,,
8730,36408,37346,37078,28300,600000,600000,76,3845000,Discharging,32.5,30.3,38.8,53.5,5.9,1442,1636,,,
8732,36475,37212,36676,28300,600000,600000,76,3842000,Discharging,31.9,37.9,30.0,8.1,51.3,2123,2426,,,
8734,36609,37748,36810,28200,600000,600000,76,3843000,Discharging,32.4,38.0,34.3,27.2,30.5,2242,2558,,,
8737,36810,37614,37547,28200,600000,600000,76,3838000,Discharging,33.1,42.0,31.4,22.0,37.2,1931,2496,,,
8739,36944,37480,36810,28300,600000,600000,76,3841000,Discharging,34.1,32.1,40.3,54.7,8.5,2440,2722,,,
8741,36542,37681,36676,28300,600000,600000,76,3847000,Discharging,29.5,36.7,33.3,24.9,22.7,3478,5076,,,
8743,37279,38552,37413,28300,600000,600000,76,3832000,Discharging,36.6,66.7,31.3,33.2,14.9,4326,6152,,,
8746,37815,38552,37882,28300,600000,600000,76,3825000,Discharging,40.5,49.1,53.5,20.4,39.9,2667,3498,,,
8748,37748,38887,38217,28300,600000,600000,76,3829000,Discharging,40.8,28.8,77.8,18.8,36.4,4063,5318,,,
8750,38217,38753,38418,28300,600000,600000,76,3830000,Discharging,40.1,36.7,67.0,15.4,41.5,3948,5316,,,
8753,38150,38753,38686,28300,600000,600000,76,3830000,Discharging,39.3,50.9,47.4,19.9,39.0,2464,3248,,,
8755,38083,38954,38351,28300,600000,600000,76,3830000,Discharging,40.3,45.6,55.4,27.7,31.9,4018,5329,,,
8757,37614,39155,38351,28300,600000,600000,76,3831000,Discharging,39.9,26.2,74.7,17.3,40.8,3950,5309,,,
8759,37748,39088,38284,28300,600000,600000,76,3825000,Discharging,40.1,34.8,67.7,17.9,40.0,3954,5109,,,
8762,38418,38820,38217,28300,600000,600000,76,3828000,Discharging,39.1,41.2,58.3,22.7,34.2,2582,3469,,,
8764,38820,39155,37949,28300,600000,600000,76,3827000,Discharging,40.6,34.4,70.9,20.1,36.2,3981,5292,,,
8766,37815,38284,37480,28300,600000,600000,76,3841000,Discharging,34.6,36.2,52.6,14.9,34.5,4053,5812,,,
8769,37011,37815,36609,28300,600000,600000,76,3840000,Discharging,32.7,37.6,32.8,16.3,44.1,1802,2202,,,
8771,37078,37547,37011,28300,600000,600000,76,3835000,Discharging,33.0,33.3,36.1,8.6,53.1,2930,3939,,,
8773,36810,38150,37078,28300,600000,600000,75,3841000,Discharging,27.9,33.6,36.0,11.7,29.9,3577,5334,,,
8775,37212,38686,37681,28300,600000,600000,75,3831000,Discharging,37.1,35.7,57.0,24.6,31.3,3364,4296,,,
8778,37346,38619,37413,28300,600000,600000,75,3831000,Discharging,34.0,27.1,55.3,11.7,41.3,1919,2416,,,
8780,36877,37748,37145,28300,600000,600000,75,3840000,Discharging,31.7,32.6,36.8,39.0,19.1,2314,2545,,,
8782,36475,37681,36743,28300,600000,600000,75,3839000,Discharging,31.8,32.7,34.7,50.9,8.2,2150,2441,,,
8784,36542,37145,36408,28300,600000,600000,75,3838000,Discharging,31.9,32.0,38.8,48.9,8.4,2160,2496,,,
8787,36140,37480,36274,28300,600000,600000,75,3839000,Discharging,32.7,29.8,37.4,54.0,8.6,1411,1595,,,
8789,36408,37078,36810,28300,600000,600000,75,3842000,Discharging,31.8,32.6,38.4,12.9,44.1,2282,2539,,,
8791,36073,37145,36676,28300,600000,600000,75,3842000,Discharging,31.5,31.7,34.3,34.8,24.5,2144,2477,,,
8794,36073,37346,36341,28300,600000,600000,75,3839000,Discharging,32.6,40.9,31.5,49.8,8.5,1468,1671,,,
8796,36810,37547,36810,28300,600000,600000,75,3839000,Discharging,33.3,38.9,36.0,22.8,35.8,2948,3780,,,
8798,36810,37547,36676,28300,600000,600000,75,3842000,Discharging,33.3,38.5,30.2,8.2,55.8,2322,2679,,,
8800,36877,37614,37212,28300,600000,600000,75,3831000,Discharging,31.4,34.1,37.7,35.6,17.1,3492,4833,,,
8803,37145,38418,37815,28300,600000,600000,75,3826000,Discharging,34.6,45.1,45.1,14.8,33.6,2831,4104,,,
8805,37480,38485,37748,28300,600000,600000,75,3827000,Discharging,40.0,46.7,55.7,26.5,31.4,3874,5116,,,
8807,37882,38619,37882,28300,1416000,1416000,75,3827000,Discharging,35.9,31.8,59.2,19.1,33.0,3997,5332,,,
8809,39423,39222,38284,28400,1416000,1416000,75,3825000,Discharging,28.0,33.3,42.3,23.6,12.3,5338,6436,,,
8812,38016,39021,38887,28300,1008000,1008000,75,3825000,Discharging,29.0,32.1,44.3,13.4,26.1,3112,4121,,,
8814,38217,38887,38016,28300,1008000,1008000,75,3833000,Discharging,28.9,35.3,41.2,11.9,26.7,4492,6126,,,
8816,37815,39222,38217,28300,1008000,1008000,75,3820000,Discharging,29.0,40.6,38.1,16.4,21.2,4547,6122,,,
8818,38351,39088,37949,28300,1008000,1008000,75,3827000,Discharging,30.4,27.4,53.2,17.1,23.0,4364,6048,,,
8820,37949,39088,38887,28300,1008000,1008000,75,3827000,Discharging,30.5,39.1,41.2,16.0,26.1,4628,6104,,,
8823,38150,39088,38217,28300,1008000,1008000,75,3825000,Discharging,30.1,22.4,58.3,9.9,29.0,2910,4024,,,
8825,38619,39021,38686,28300,1008000,1008000,75,3825000,Discharging,31.1,22.9,57.3,18.2,25.4,4189,5724,,,
8827,36944,38284,37614,28300,1008000,1008000,75,3840000,Discharging,28.1,35.5,30.7,29.9,16.7,3858,5302,,,
8829,36609,37614,36877,28300,1008000,1008000,75,3836000,Discharging,32.1,33.5,35.8,27.4,31.5,2926,3600,,,
8831,36073,37547,36676,28300,1008000,1008000,75,3843000,Discharging,25.1,34.6,32.3,16.3,16.8,4738,7034,,,
8834,36877,37480,37212,28300,1008000,1008000,75,3831000,Discharging,29.2,26.3,42.2,7.0,41.0,2098,2605,,,
8836,37078,38217,37547,28300,1008000,1008000,75,3839000,Discharging,30.1,37.3,39.0,8.8,35.3,3694,4694,,,
8838,37145,37748,37145,28300,1008000,1008000,75,3840000,Discharging,30.5,31.8,36.4,8.3,46.0,2960,3572,,,
8840,36743,37212,37011,28300,1008000,1008000,75,3833000,Discharging,29.5,32.9,33.5,8.4,42.7,2775,3078,,,
8842,36542,37212,36877,28300,1008000,1008000,75,3838000,Discharging,28.1,30.7,31.5,5.1,45.5,2668,3068,,,
8844,36542,37279,36944,28300,1008000,1008000,75,3835000,Discharging,31.7,36.6,36.1,48.1,6.5,2678,2994,,,
8847,36274,37078,36408,28300,1008000,1008000,75,3838000,Discharging,29.5,31.6,31.3,16.0,38.7,1726,1973,,,
8849,35939,37078,36810,28300,1008000,1008000,75,3837000,Discharging,30.5,35.3,30.3,49.8,5.7,2615,2967,,,
8851,36274,37212,36743,28300,1008000,1008000,75,3831000,Discharging,31.3,31.4,39.4,49.5,5.6,2814,3071,,,
8853,36207,37413,36944,28300,1008000,1008000,75,3822000,Discharging,31.6,35.2,33.2,50.7,6.5,2670,3082,,,
8855,36944,37681,36810,28300,1008000,1008000,75,3840000,Discharging,30.6,40.9,31.5,27.3,22.5,3304,4228,,,
8858,36676,37480,37212,28300,1008000,1008000,75,3840000,Discharging,31.1,33.6,31.8,51.6,7.4,1845,2127,,,
8860,36877,37681,36743,28300,1008000,1008000,75,3830000,Discharging,29.3,42.5,26.7,31.5,16.3,3902,5354,,,
8862,37480,38418,37614,28300,1008000,1008000,75,3825000,Discharging,27.5,32.7,41.6,20.3,14.4,5056,7251,,,
8864,37480,39155,38083,28300,1008000,1008000,75,3826000,Discharging,31.0,18.6,64.1,17.6,24.8,4260,5982,,,
8866,38150,38887,38418,28300,1008000,1008000,75,3825000,Discharging,30.5,29.7,52.9,18.7,19.7,4274,5831,,,
8869,37614,39021,38753,28300,816000,816000,75,3826000,Discharging,31.6,31.3,50.0,25.8,19.1,2679,3705,,,
8871,37547,38887,38083,28300,600000,600000,75,3826000,Discharging,41.2,20.8,84.6,22.2,36.1,4142,5385,,,
8873,37614,38887,38284,28300,600000,600000,75,3825000,Discharging,40.4,18.6,84.9,10.5,46.4,3948,5394,,,
8875,38083,38954,37882,28300,600000,600000,75,3824000,Discharging,40.8,26.9,78.5,22.7,36.0,3970,5326,,,
8878,38083,38887,38485,28300,600000,600000,75,3817000,Discharging,38.8,43.9,53.7,21.3,36.6,2624,3458,,,
8880,37882,39088,37815,28300,600000,600000,75,3824000,Discharging,40.9,21.1,84.3,20.2,37.3,3910,5342,,,
8882,37614,39222,38552,28400,600000,600000,75,3822000,Discharging,40.6,27.0,76.7,18.1,41.0,4050,5360,,,
8885,38083,38820,38217,28300,600000,600000,75,3832000,Discharging,35.3,38.1,51.1,13.1,38.6,2746,3890,,,
8887,36810,38217,37413,28300,600000,600000,75,3838000,Discharging,33.6,29.5,43.7,34.1,26.5,2754,3604,,,
8889,36609,37078,36743,28300,600000,600000,75,3839000,Discharging,33.1,36.9,31.2,55.4,8.9,2579,3249,,,
8891,36542,36810,36609,28300,600000,600000,75,3837000,Discharging,28.8,40.4,37.7,16.4,20.6,4270,6461,,,
8894,37614,38217,37346,28300,600000,600000,75,3830000,Discharging,34.4,43.5,38.8,22.9,31.5,2048,2518,,,
8896,36944,38284,37614,28300,600000,600000,75,3826000,Discharging,36.9,45.9,46.3,16.7,38.9,3170,4016,,,
8898,36609,37480,37145,28300,600000,600000,75,3832000,Discharging,32.2,31.2,36.0,34.1,26.6,2136,2461,,,
8901,36140,36944,36743,28300,600000,600000,75,3834000,Discharging,32.9,40.8,30.1,8.1,53.1,1452,1605,,,
8903,36207,37212,36877,28300,600000,600000,75,3834000,Discharging,31.9,34.4,33.5,9.9,49.1,2302,2560,,,
8905,36475,37480,37279,28300,600000,600000,75,3835000,Discharging,33.3,39.1,31.6,27.2,35.0,2135,2438,,,
8907,36542,37078,35939,28300,600000,600000,75,3835000,Discharging,32.2,35.9,30.0,10.2,52.6,2138,2438,,,
8910,36408,37145,36140,28300,600000,600000,75,3838000,Discharging,32.1,35.4,33.3,42.9,15.9,1436,1640,,,
8912,36475,37346,36341,28300,600000,600000,75,3837000,Discharging,33.1,37.2,36.5,51.4,8.1,2253,2501,,,
8914,36944,37748,37078,28300,600000,600000,75,3827000,Discharging,34.0,34.5,41.1,50.0,10.3,2874,3658,,,
8916,36877,37413,37145,28300,600000,600000,75,3828000,Discharging,34.9,44.7,28.6,43.6,22.0,2338,2676,,,
8919,36408,37279,36475,28300,600000,600000,75,3830000,Discharging,32.5,29.9,38.6,45.4,17.2,1686,2090,,,
8921,37346,38485,37279,28300,600000,600000,75,3825000,Discharging,33.3,48.0,42.8,18.9,22.1,4707,7226,,,
8923,37547,38753,38016,28300,600000,600000,75,3827000,Discharging,39.2,29.6,70.2,19.5,38.7,3910,5234,,,
8926,37078,38887,37413,28300,600000,600000,75,3824000,Discharging,40.6,44.2,57.3,23.0,37.4,2598,3437,,,
8928,37949,38686,38083,28300,600000,600000,75,3825000,Discharging,40.1,40.5,61.6,25.2,33.0,3980,5224,,,
8930,37748,38820,37748,28300,600000,600000,75,3832000,Discharging,40.5,21.3,81.9,20.4,38.2,3924,5272,,,
8932,37681,38284,38619,28300,600000,600000,75,3819000,Discharging,40.2,26.0,76.9,13.5,42.9,3968,5250,,,
8935,37882,38753,38217,28300,600000,600000,75,3822000,Discharging,37.4,47.6,44.5,21.1,36.6,2412,3211,,,
8937,37882,38083,38016,28300,600000,600000,75,3824000,Discharging,38.9,56.4,43.6,19.1,36.1,3776,4980,,,
8939,37882,39155,38083,28300,600000,600000,75,3821000,Discharging,38.6,36.6,60.1,29.9,27.0,3747,4931,,,
8942,38217,38887,37949,28300,600000,600000,75,3823000,Discharging,38.3,31.0,64.6,34.7,22.9,2387,3171,,,
8944,37011,38485,37681,28300,600000,600000,75,3834000,Discharging,30.3,33.6,36.4,30.8,20.6,3538,4930,,,
8946,37078,37614,37145,28300,600000,600000,75,3836000,Discharging,34.0,34.7,36.4,55.9,9.0,2512,3200,,,
8948,36274,37413,36676,28300,600000,600000,75,3841000,Discharging,27.5,35.9,36.1,13.1,23.8,4214,6640,,,
8951,36408,37547,36743,28300,600000,600000,75,3825000,Discharging,33.4,35.2,43.2,26.6,28.9,1777,2178,,,
8953,36877,37882,37480,28300,600000,600000,75,3827000,Discharging,37.2,32.6,59.6,15.1,41.3,3358,4169,,,
8955,36542,37480,36810,28300,600000,600000,75,3835000,Discharging,32.1,36.9,32.9,27.3,31.1,2300,2669,,,
8958,36810,37212,36609,28300,600000,600000,75,3831000,Discharging,34.6,44.4,29.6,9.0,55.1,1419,1585,,,
8960,36207,36609,36676,28300,600000,600000,75,3832000,Discharging,30.3,28.2,36.2,8.4,48.6,2154,2501,,,
8962,36408,36743,36542,28300,600000,600000,75,3832000,Discharging,32.3,30.8,38.7,13.2,44.9,2138,2456,,,
8964,36140,37011,36743,28300,600000,600000,75,3834000,Discharging,31.1,33.2,33.6,33.2,25.7,2294,2534,,,
8967,35872,36944,36609,28300,600000,600000,75,3835000,Discharging,32.3,38.8,31.9,7.6,50.4,1410,1640,,,
8969,36140,36810,37078,28300,600000,600000,75,3837000,Discharging,31.1,38.2,29.8,7.2,49.1,2143,2484,,,
8971,36609,37547,37078,28200,600000,600000,75,3837000,Discharging,33.0,40.3,34.8,22.8,34.7,2960,3856,,,
8973,36609,37547,37078,28200,600000,600000,75,3834000,Discharging,33.9,38.1,34.4,27.7,35.1,2502,2804,,,
8976,36408,37681,36743,28300,600000,600000,75,3837000,Discharging,32.5,31.9,37.0,18.0,43.1,1599,1893,,,
8978,36341,37547,36810,28300,600000,600000,75,3824000,Discharging,30.2,42.4,40.2,16.7,20.5,4698,7422,,,
8980,37279,38150,37346,28300,600000,600000,75,3823000,Discharging,39.8,42.0,60.1,30.8,26.0,3996,5245,,,
8983,37815,38552,38485,28300,600000,600000,75,3821000,Discharging,40.5,35.0,70.0,13.7,42.5,2630,3502,,,
8985,37815,38887,37547,28300,600000,600000,75,3824000,Discharging,39.7,27.5,75.9,17.0,38.9,4058,5358,,,
8987,38083,38820,37815,28300,600000,600000,75,3827000,Discharging,39.4,31.7,70.0,23.2,31.7,3853,5150,,,
8990,37480,38887,37949,28300,600000,600000,75,3831000,Discharging,38.6,52.2,46.1,30.2,25.4,2581,3432,,,
8992,36609,38284,37480,28300,600000,600000,75,3834000,Discharging,32.6,42.1,37.4,14.9,35.9,3644,5220,,,
8994,36475,37614,36877,28300,600000,600000,75,3834000,Discharging,33.1,38.3,33.0,15.3,45.7,2659,3176,,,
8996,36743,37614,37346,28200,600000,600000,75,3836000,Discharging,29.0,36.7,34.2,11.3,33.5,3962,6050,,,
8999,36743,37413,36609,28300,600000,600000,75,3838000,Discharging,32.5,47.2,30.4,35.0,16.8,1842,2361,,,
9001,37145,38418,37614,28300,600000,600000,75,3830000,Discharging,36.5,43.1,46.3,17.1,39.6,3281,4170,,,
9003,37212,37748,37279,28300,600000,600000,75,3828000,Discharging,35.3,33.2,50.9,9.8,47.3,2789,3450,,,
9005,36207,37346,36810,28300,600000,600000,75,3837000,Discharging,33.1,33.9,36.6,7.7,53.1,2266,2459,,,
9008,36140,37279,36408,28300,600000,600000,75,3828000,Discharging,33.2,34.8,38.2,11.6,47.8,1409,1609,,,
9010,36140,37279,36475,28200,600000,600000,75,3831000,Discharging,30.7,29.0,36.4,49.8,7.2,2159,2504,,,
9012,35872,36944,36676,28300,600000,600000,75,3833000,Discharging,31.3,33.5,35.1,7.6,49.8,2197,2542,,,
9015,35939,37078,36408,28300,600000,600000,75,3831000,Discharging,32.6,31.6,38.3,20.7,39.0,1516,1672,,,
9017,36140,37145,36743,28300,600000,600000,75,3831000,Discharging,31.3,35.0,31.9,48.2,9.5,2159,2477,,,
9019,36341,37346,36743,28300,600000,600000,75,3825000,Discharging,32.7,32.0,43.2,22.0,33.5,2563,3222,,,
9021,36676,37681,37078,28200,600000,600000,75,3833000,Discharging,34.4,30.4,44.9,44.4,17.4,2533,3042,,,
