# fw=zero-pin1008 workload=gradius start=2026-09-14 14:22:38 soak=99C prelaunch=schedutil/600000 launch_up=2513.90 max0=1008000 gov=schedutil devfreq=none,none backlight=none
elapsed_s,cpu_mc,gpu_mc,ddr_mc,bat_mc,cur_khz,max_khz,batt_pct,batt_uv,status,cpu_busy,c0_busy,c1_busy,c2_busy,c3_busy,irq_s,ctxt_s,df0_hz,df1_hz,backlight
2527,35470,36877,35470,26300,1008000,1008000,93,4020000,Discharging,,,,,,,,,,
2529,35671,37145,36274,26300,1008000,1008000,93,4019000,Discharging,23.0,20.3,11.0,29.3,31.5,3268,3900,,,
2531,35537,36944,36073,26300,1008000,1008000,93,4020000,Discharging,23.2,27.1,12.5,20.5,32.7,3400,3901,,,
2533,35872,36944,35939,26300,1008000,1008000,93,4020000,Discharging,22.0,16.7,12.7,38.4,20.2,3416,3945,,,
2535,35470,36877,36207,26300,1008000,1008000,93,4014000,Discharging,23.1,22.0,12.9,29.2,27.9,3340,3910,,,
2538,35738,37212,36274,26300,1008000,1008000,93,4019000,Discharging,22.4,18.9,10.6,28.7,31.8,2181,2583,,,
2540,35939,37011,36274,26300,1008000,1008000,93,4019000,Discharging,22.6,24.9,12.4,29.5,23.6,3362,3862,,,
2542,35805,36743,35872,26300,1008000,1008000,93,4019000,Discharging,23.0,30.6,18.6,21.4,20.6,3258,3814,,,
2544,35805,37011,36073,26300,1008000,1008000,93,4019000,Discharging,23.1,21.2,10.5,43.4,17.0,3464,3977,,,
2546,35805,37078,36207,26300,1008000,1008000,93,4019000,Discharging,22.2,23.7,22.3,29.0,14.7,3382,3933,,,
2549,35805,37212,36207,26300,1008000,1008000,93,4018000,Discharging,22.3,24.3,10.6,32.9,21.1,2212,2591,,,
2551,35604,37011,36274,26300,1008000,1008000,93,4019000,Discharging,22.3,18.1,14.7,31.2,24.5,3307,3898,,,
2553,35738,36944,35939,26400,1008000,1008000,93,4018000,Discharging,23.1,30.2,10.6,27.3,24.1,3544,3942,,,
2555,36341,37212,36207,26400,1008000,1008000,93,4015000,Discharging,22.8,23.3,8.8,29.6,30.6,3348,3890,,,
2557,35604,36609,36073,26400,1008000,1008000,93,4019000,Discharging,22.6,29.5,10.1,31.9,18.6,3380,3898,,,
2560,35939,37145,36274,26400,1008000,1008000,93,4019000,Discharging,22.6,14.5,7.5,44.3,23.0,2129,2567,,,
2562,35738,36676,36073,26300,1008000,1008000,93,4019000,Discharging,22.1,22.6,10.2,22.8,32.7,3302,3908,,,
2564,36006,36944,36073,26400,1008000,1008000,93,4018000,Discharging,22.1,27.2,12.0,33.2,16.5,3486,3924,,,
2566,35939,37078,36475,26400,1008000,1008000,93,4019000,Discharging,22.2,22.3,11.2,34.6,19.9,3277,3878,,,
2568,35939,37346,36207,26400,1008000,1008000,93,4017000,Discharging,22.0,24.5,11.6,34.6,17.9,3244,3846,,,
2571,35805,36743,36006,26400,1008000,1008000,93,4014000,Discharging,22.5,19.4,8.4,35.6,26.7,2132,2556,,,
2573,35872,36877,36341,26400,1008000,1008000,93,4019000,Discharging,22.8,20.1,11.6,25.3,33.6,3270,3846,,,
2575,35872,37078,35805,26300,1008000,1008000,93,4028000,Discharging,22.2,19.2,12.8,32.9,24.2,3235,3662,,,
2577,35537,37011,36073,26400,1008000,1008000,93,4018000,Discharging,17.4,33.6,13.0,11.7,10.8,2977,3334,,,
2579,33929,35403,35738,26300,1008000,1008000,93,4027000,Discharging,15.7,25.6,15.3,9.8,11.3,1726,1635,,,
2582,34264,35805,34666,26300,1008000,1008000,93,4028000,Discharging,17.0,28.8,17.1,6.0,15.3,1148,1161,,,
2584,35805,36475,35671,26300,1008000,1008000,93,4020000,Discharging,20.8,32.2,19.1,9.3,23.0,3528,3960,,,
2586,35738,37145,35872,26400,1008000,1008000,93,4020000,Discharging,21.1,34.1,12.7,21.7,16.5,3322,3908,,,
2588,36006,36944,36274,26400,1008000,1008000,93,4014000,Discharging,20.6,32.4,12.8,20.0,17.0,3396,3946,,,
2590,36073,37212,35671,26400,1008000,1008000,93,4016000,Discharging,21.6,33.5,12.4,18.6,22.2,3362,3889,,,
2592,36274,36944,36073,26400,1008000,1008000,93,4018000,Discharging,20.5,34.0,10.7,22.9,14.4,3424,3962,,,
2595,35805,37078,36006,26400,1008000,1008000,93,4014000,Discharging,21.2,28.0,16.1,25.7,14.9,2359,2651,,,
2597,35805,37011,36073,26400,1008000,1008000,93,4019000,Discharging,21.6,33.6,8.8,24.9,19.2,3422,3954,,,
2599,35805,37145,36676,26400,1008000,1008000,93,4020000,Discharging,21.6,26.4,16.4,21.8,22.0,3338,3874,,,
2601,36006,37346,36475,26400,816000,1008000,93,4019000,Discharging,22.6,24.5,15.2,35.6,14.7,3390,3948,,,
2603,35939,37078,36408,26400,1008000,1008000,93,4019000,Discharging,22.2,29.6,11.1,25.6,23.0,3376,3875,,,
2606,36207,37078,36341,26400,1008000,1008000,93,4013000,Discharging,22.8,25.9,9.1,28.4,28.0,2373,2648,,,
2608,35872,37078,36207,26400,1008000,1008000,93,4019000,Discharging,22.2,16.3,10.6,42.2,21.1,3302,3898,,,
2610,36274,37413,36073,26400,1008000,1008000,93,4018000,Discharging,22.9,18.9,6.1,36.7,28.6,3259,3868,,,
2612,35939,37145,36341,26400,1008000,1008000,93,4017000,Discharging,22.8,19.0,8.3,30.6,33.2,3308,3908,,,
2614,35805,37480,36475,26400,1008000,1008000,93,4018000,Discharging,22.6,21.4,11.1,22.7,35.0,3468,3920,,,
2617,35805,36877,36341,26400,1008000,1008000,93,4017000,Discharging,23.0,18.5,14.9,30.9,27.4,2171,2569,,,
2619,35872,37279,36140,26400,1008000,1008000,93,4016000,Discharging,22.1,17.8,8.8,40.7,20.4,3250,3844,,,
2621,36073,37480,36274,26400,1008000,1008000,93,4017000,Discharging,22.5,18.9,14.4,38.7,18.4,3269,3871,,,
2623,35671,37413,36207,26400,1008000,1008000,93,4016000,Discharging,22.5,24.3,15.3,21.2,28.2,3295,3857,,,
2625,35738,37279,36877,26400,1008000,1008000,93,4016000,Discharging,22.1,19.2,12.1,32.1,24.7,3389,3884,,,
2628,36073,37145,36274,26400,816000,1008000,93,4018000,Discharging,22.9,24.5,17.4,31.8,18.8,2208,2587,,,
2630,36274,37279,36140,26400,1008000,1008000,93,4015000,Discharging,23.2,21.8,15.9,30.3,24.2,3330,3918,,,
2632,35872,37145,36073,26400,1008000,1008000,93,4018000,Discharging,23.1,17.8,11.2,39.0,24.5,3300,3900,,,
2634,35738,37346,36743,26400,1008000,1008000,93,4017000,Discharging,23.1,19.6,7.4,32.1,32.0,3250,3816,,,
2636,35872,37279,36542,26400,1008000,1008000,93,4018000,Discharging,20.9,20.7,10.1,38.0,16.1,3176,3642,,,
2639,34197,35939,35269,26400,1008000,1008000,93,4027000,Discharging,17.6,35.5,7.3,13.6,13.1,1308,1328,,,
2641,34331,35738,35001,26400,1008000,1008000,93,4022000,Discharging,17.0,33.6,11.2,11.7,11.9,1646,1620,,,
2643,35403,36073,35470,26400,1008000,1008000,93,4017000,Discharging,19.8,31.0,14.2,15.9,18.6,2740,3089,,,
2645,35537,36609,36006,26400,1008000,1008000,93,4018000,Discharging,22.6,18.5,20.5,24.2,27.4,3451,3949,,,
2647,35537,36743,36073,26400,1008000,1008000,93,4018000,Discharging,23.2,22.5,9.7,36.4,23.6,3272,3877,,,
2650,35671,37011,36408,26400,1008000,1008000,93,4017000,Discharging,22.7,17.5,9.7,39.7,23.1,2182,2603,,,
2652,36006,37413,35872,26400,1008000,1008000,92,4017000,Discharging,22.5,19.2,15.4,37.4,17.6,3346,3902,,,
2654,36073,37011,36408,26400,1008000,1008000,92,4017000,Discharging,22.3,20.1,8.3,28.8,32.1,3246,3898,,,
2656,36140,37145,36341,26400,1008000,1008000,92,4019000,Discharging,22.5,17.8,10.4,33.2,28.3,3437,3950,,,
2658,35939,37279,36341,26500,1008000,1008000,92,4016000,Discharging,23.0,19.0,15.9,32.6,24.1,3312,3898,,,
2661,35805,37413,36609,26400,1008000,1008000,92,4017000,Discharging,22.5,15.5,11.2,38.7,24.7,2118,2551,,,
2663,36341,37279,36475,26400,1008000,1008000,92,4018000,Discharging,21.6,21.8,12.4,31.7,19.8,3308,3894,,,
2665,35939,36877,36609,26500,1008000,1008000,92,4012000,Discharging,22.1,27.7,15.1,26.1,20.1,3374,3880,,,
2667,35872,37279,36073,26500,1008000,1008000,92,4016000,Discharging,23.1,29.1,18.8,27.2,16.9,3529,3934,,,
2669,35939,37212,36207,26400,1008000,1008000,92,4017000,Discharging,22.0,23.9,11.9,29.7,23.4,3340,3906,,,
2672,35738,37078,36676,26400,1008000,1008000,92,4018000,Discharging,22.1,24.0,13.5,28.6,21.5,2245,2619,,,
2674,36073,37078,36274,26400,1008000,1008000,92,4017000,Discharging,22.6,19.5,14.2,32.7,24.0,3238,3852,,,
2676,36609,37346,36140,26500,1008000,1008000,92,4011000,Discharging,22.5,12.7,11.6,38.8,27.3,3294,3862,,,
2678,35872,37279,36207,26500,1008000,1008000,92,4015000,Discharging,21.8,19.3,16.6,31.8,18.9,3236,3872,,,
2680,36006,37011,36408,26500,1008000,1008000,92,4016000,Discharging,21.8,13.3,10.6,36.6,26.1,3266,3868,,,
2683,36073,37413,36073,26500,1008000,1008000,92,4017000,Discharging,23.0,23.7,8.9,37.2,22.2,2199,2586,,,
2685,35939,37145,36006,26500,1008000,1008000,92,4016000,Discharging,22.3,18.4,7.0,35.8,28.6,3230,3879,,,
2687,36073,37212,36408,26500,1008000,1008000,92,4012000,Discharging,22.9,15.0,15.0,33.9,27.1,3438,3939,,,
2689,36408,37748,36609,26500,1008000,1008000,92,4017000,Discharging,22.1,12.3,19.4,19.0,37.2,3312,3893,,,
2691,36274,37145,36341,26500,1008000,1008000,92,4015000,Discharging,23.6,17.8,9.2,47.2,19.9,3286,3906,,,
2694,36006,37212,36408,26500,1008000,1008000,92,4015000,Discharging,22.5,18.8,11.1,36.9,22.9,2221,2611,,,
2696,35470,37011,35939,26400,1008000,1008000,92,4024000,Discharging,21.3,22.0,11.0,30.2,21.7,3097,3614,,,
2698,35403,36475,35738,26500,1008000,1008000,92,4017000,Discharging,19.1,32.6,10.7,15.6,18.0,2851,2974,,,
2700,34666,35537,35537,26500,1008000,1008000,92,4021000,Discharging,15.5,26.2,18.3,7.5,9.8,1735,1655,,,
2702,34867,35872,34800,26500,1008000,1008000,92,4017000,Discharging,18.4,26.0,24.3,14.8,7.5,1988,2082,,,
2704,35470,37011,36274,26500,1008000,1008000,92,4017000,Discharging,22.2,20.3,8.8,43.4,16.7,3306,3892,,,
2707,35135,36743,36207,26500,1008000,1008000,92,4017000,Discharging,23.4,16.6,9.7,37.7,29.0,2327,2631,,,
2709,35738,36877,36341,26500,816000,1008000,92,4019000,Discharging,22.9,17.0,10.6,45.2,18.6,3234,3876,,,
2711,35403,37212,36207,26500,1008000,1008000,92,4017000,Discharging,22.7,18.7,16.5,27.7,27.6,3313,3920,,,
2713,36341,37346,36475,26500,1008000,1008000,92,4017000,Discharging,22.7,24.8,13.8,21.7,30.6,3327,3862,,,
2715,35671,37212,36006,26500,1008000,1008000,92,4016000,Discharging,22.1,29.3,14.7,23.3,21.7,3345,3888,,,
2718,36006,37212,36006,26500,1008000,1008000,92,4017000,Discharging,23.2,21.5,15.3,27.1,29.1,2333,2628,,,
2720,36073,36944,36341,26500,1008000,1008000,92,4017000,Discharging,23.0,15.9,9.1,43.3,23.6,3294,3890,,,
2722,36207,37078,36341,26500,1008000,1008000,92,4017000,Discharging,23.2,16.9,14.3,25.2,35.6,3162,3770,,,
2724,35537,36944,36475,26500,1008000,1008000,92,4015000,Discharging,22.3,25.8,8.9,30.1,24.8,3328,3904,,,
2726,36207,37346,36609,26500,1008000,1008000,92,4015000,Discharging,22.8,23.2,8.8,32.4,27.1,3330,3896,,,
2729,35872,37145,36274,26500,1008000,1008000,92,4015000,Discharging,23.4,20.0,23.5,29.1,20.4,2271,2602,,,
2731,36073,37212,36542,26500,1008000,1008000,92,4014000,Discharging,22.7,15.0,9.7,39.3,26.5,3341,3888,,,
2733,36274,37279,36207,26500,1008000,1008000,92,4016000,Discharging,22.0,18.9,8.8,24.7,35.5,3186,3827,,,
2735,36408,37815,36609,26500,1008000,1008000,92,4009000,Discharging,22.5,22.8,9.3,17.9,39.6,3236,3822,,,
2737,36341,37212,36140,26500,1008000,1008000,92,4016000,Discharging,23.0,20.2,12.4,32.6,27.1,3414,3884,,,
2740,35939,37413,36475,26500,1008000,1008000,92,4015000,Discharging,22.4,19.2,12.6,26.7,30.0,2199,2597,,,
2742,36542,37279,36341,26600,1008000,1008000,92,4014000,Discharging,22.5,20.3,15.3,29.0,26.0,3228,3834,,,
2744,36006,37212,36408,26500,1008000,1008000,92,4013000,Discharging,22.1,17.8,20.8,26.6,23.0,3304,3882,,,
2746,36207,36877,36274,26500,1008000,1008000,92,4011000,Discharging,22.2,14.5,7.8,40.0,26.7,3250,3882,,,
2748,36475,37547,36743,26500,1008000,1008000,92,4017000,Discharging,23.9,19.8,10.1,42.0,23.5,3465,3953,,,
2751,36475,37212,36676,26500,1008000,1008000,92,4016000,Discharging,22.6,28.3,17.0,21.9,23.1,2157,2543,,,
2753,36274,37279,36609,26500,1008000,1008000,92,4016000,Discharging,22.5,17.1,14.4,32.1,27.1,3222,3839,,,
2755,35939,37212,36207,26500,1008000,1008000,92,4016000,Discharging,22.0,11.8,9.2,40.5,25.5,3166,3812,,,
2757,35872,36676,36274,26500,1008000,1008000,92,4014000,Discharging,21.3,22.4,19.2,23.1,20.5,3134,3571,,,
2759,34800,35403,35202,26500,1008000,1008000,92,4024000,Discharging,15.7,29.8,16.9,8.9,7.5,1882,1722,,,
2762,34264,35872,35202,26500,1008000,1008000,92,4024000,Discharging,16.5,35.3,10.2,7.4,11.9,1123,1093,,,
2764,35738,36676,35671,26500,1008000,1008000,92,4015000,Discharging,21.7,27.8,7.0,29.0,22.8,2982,3387,,,
2766,35336,36944,36207,26500,1008000,1008000,92,4016000,Discharging,22.1,24.3,18.3,26.3,19.9,3317,3897,,,
2768,36341,37145,36542,26500,1008000,1008000,92,4016000,Discharging,22.8,17.1,10.6,34.1,29.5,3382,3898,,,
2770,36207,37145,36274,26600,1008000,1008000,92,4010000,Discharging,22.5,22.4,12.5,41.6,12.6,3288,3871,,,
2773,36140,37480,36274,26600,1008000,1008000,92,4015000,Discharging,22.8,28.1,13.0,25.1,25.6,2238,2600,,,
2775,36140,37011,36609,26600,1008000,1008000,92,4014000,Discharging,22.3,27.2,10.6,25.2,26.3,3238,3834,,,
2777,35872,37279,36609,26600,1008000,1008000,92,4013000,Discharging,22.5,23.3,8.9,35.0,22.6,3280,3888,,,
2779,36475,37413,36140,26600,1008000,1008000,92,4014000,Discharging,22.4,20.2,11.2,34.7,22.6,3482,3922,,,
2781,35939,37212,36408,26600,1008000,1008000,92,4013000,Discharging,23.1,21.6,12.3,27.9,30.5,3252,3828,,,
2784,36006,37145,36207,26600,1008000,1008000,92,4016000,Discharging,23.0,21.2,8.7,40.1,21.9,2184,2582,,,
2786,36207,37011,35939,26600,1008000,1008000,92,4015000,Discharging,22.3,16.8,11.1,35.9,25.0,3222,3878,,,
2788,36140,37614,36408,26600,1008000,1008000,92,4015000,Discharging,23.1,20.8,8.5,45.2,17.2,3266,3858,,,
2790,36006,37480,36743,26600,1008000,1008000,92,4015000,Discharging,22.6,20.2,17.1,33.5,19.6,3414,3928,,,
2792,35872,37078,36408,26600,1008000,1008000,92,4014000,Discharging,23.0,20.5,12.5,35.0,23.3,3288,3890,,,
2795,36073,37480,36140,26600,1008000,1008000,92,4015000,Discharging,22.5,16.4,8.8,43.1,21.6,2144,2566,,,
2797,36274,37078,36408,26600,1008000,1008000,92,4015000,Discharging,22.0,23.4,13.4,18.2,33.5,3374,3909,,,
2799,36207,37078,36341,26600,1008000,1008000,92,4017000,Discharging,22.8,26.6,21.8,25.1,17.0,3507,3938,,,
2801,36006,37413,36743,26600,1008000,1008000,92,4016000,Discharging,22.5,22.4,11.1,32.6,23.4,3330,3900,,,
2803,36140,37279,36743,26600,1008000,1008000,92,4014000,Discharging,22.8,20.0,10.6,32.1,29.0,3216,3840,,,
2805,35872,37145,36207,26600,1008000,1008000,92,4010000,Discharging,21.8,18.2,9.8,32.6,26.0,3164,3813,,,
2808,36140,37346,36609,26600,1008000,1008000,92,4013000,Discharging,22.8,24.8,7.9,27.1,31.3,2204,2559,,,
2810,36140,37681,36341,26600,1008000,1008000,92,4013000,Discharging,22.6,22.5,7.3,32.3,29.1,3450,3914,,,
2812,36341,37346,36676,26600,1008000,1008000,92,4011000,Discharging,22.8,20.4,12.0,31.2,27.6,3224,3883,,,
2814,36408,37279,36944,26600,816000,1008000,92,4014000,Discharging,23.0,19.2,13.8,26.9,32.7,3228,3866,,,
2816,35537,37212,36542,26600,816000,1008000,92,4023000,Discharging,21.7,18.3,20.7,22.9,24.4,3147,3652,,,
2819,35269,36341,35135,26600,1008000,1008000,92,4020000,Discharging,18.0,24.9,9.0,25.5,11.6,1687,1752,,,
2821,34599,35537,35202,26700,1008000,1008000,92,4024000,Discharging,15.8,27.3,13.8,13.0,8.4,1766,1684,,,
2823,35202,36609,35738,26700,1008000,1008000,92,4013000,Discharging,19.7,34.6,12.4,25.1,7.8,2268,2472,,,
2825,35537,36944,36140,26600,1008000,1008000,92,4014000,Discharging,23.1,24.9,16.1,28.4,23.1,3248,3855,,,
2827,36073,37413,36408,26700,1008000,1008000,92,4014000,Discharging,22.8,22.4,11.5,36.2,20.9,3280,3882,,,
2830,35604,37279,36207,26700,1008000,1008000,92,4009000,Discharging,23.6,22.5,10.5,36.2,25.0,2295,2621,,,
2832,36140,37145,36542,26600,1008000,1008000,92,4015000,Discharging,22.5,18.1,13.0,30.4,28.2,3348,3899,,,
2834,36274,37279,36743,26700,1008000,1008000,92,4014000,Discharging,22.7,23.4,11.2,32.9,24.1,3316,3886,,,
2836,35805,37547,36408,26700,1008000,1008000,92,4014000,Discharging,21.9,15.1,13.8,34.3,24.7,3221,3874,,,
2838,35805,37346,36475,26700,1008000,1008000,92,4013000,Discharging,23.2,11.0,16.7,44.1,19.9,3323,3891,,,
2841,36408,36877,36810,26700,1008000,1008000,92,4009000,Discharging,22.0,25.2,11.0,34.9,17.2,2338,2618,,,
2843,36140,37547,36207,26700,1008000,1008000,92,4014000,Discharging,23.2,14.0,15.7,38.4,24.7,3276,3914,,,
2845,36207,37346,36542,26700,1008000,1008000,92,4015000,Discharging,21.8,16.0,11.2,29.5,30.3,3187,3816,,,
2847,36073,37413,36676,26700,816000,1008000,92,4015000,Discharging,22.0,22.9,13.4,28.5,23.3,3275,3872,,,
2849,36408,37413,36475,26700,1008000,1008000,92,4014000,Discharging,23.2,17.7,14.3,40.8,19.6,3410,3902,,,
2852,36274,37279,36207,26700,1008000,1008000,92,4014000,Discharging,22.2,20.5,8.4,32.4,27.2,2143,2557,,,
2854,36006,37145,36341,26700,1008000,1008000,92,4013000,Discharging,22.5,19.7,11.2,37.7,20.4,3268,3879,,,
2856,36140,37480,36274,26700,1008000,1008000,92,4013000,Discharging,22.5,16.9,12.0,34.9,27.1,3225,3860,,,
2858,36475,37212,36609,26700,1008000,1008000,92,4012000,Discharging,21.9,21.3,12.5,27.1,26.6,3257,3860,,,
2860,36743,37614,36676,26700,1008000,1008000,92,4010000,Discharging,21.9,19.0,11.3,28.9,27.7,3414,3894,,,
2863,36542,37748,36743,26700,1008000,1008000,92,4012000,Discharging,22.3,16.6,12.5,27.3,32.7,2165,2587,,,
2865,36274,37614,36609,26700,1008000,1008000,92,4012000,Discharging,23.2,20.4,10.5,36.2,25.8,3286,3860,,,
2867,36207,37413,36542,26700,1008000,1008000,92,4011000,Discharging,22.1,19.0,14.2,33.0,22.4,3345,3892,,,
2869,35872,37480,36877,26700,1008000,1008000,92,4011000,Discharging,22.7,16.0,7.9,35.3,31.0,3228,3844,,,
2871,36609,37480,36341,26700,1008000,1008000,92,4012000,Discharging,23.2,20.9,5.1,31.9,34.8,3483,3948,,,
2874,36341,37614,36408,26700,1008000,1008000,92,4009000,Discharging,23.5,24.1,12.5,34.4,23.2,2241,2601,,,
2876,36140,37815,36877,26700,1008000,1008000,92,4005000,Discharging,20.9,22.4,12.5,24.7,23.3,3182,3696,,,
2878,35872,37346,36341,26700,1008000,1008000,92,4019000,Discharging,17.6,34.1,8.8,14.9,12.2,3056,3500,,,
2880,34733,35939,35269,26700,1008000,1008000,92,4019000,Discharging,15.9,25.5,5.7,14.4,18.3,1862,1719,,,
2882,34331,35805,35470,26700,1008000,1008000,92,4016000,Discharging,15.2,26.5,14.3,12.6,7.4,1702,1630,,,
2885,35939,37212,35805,26700,1008000,1008000,92,4012000,Discharging,20.6,33.6,12.1,16.6,19.8,2185,2546,,,
2887,36140,37279,36743,26700,1008000,1008000,92,4008000,Discharging,20.8,37.6,12.9,17.3,15.2,3411,3902,,,
2889,36140,37346,36274,26700,1008000,1008000,92,4013000,Discharging,21.0,36.3,13.9,18.4,15.1,3436,3932,,,
2891,36073,37212,35671,26700,1008000,1008000,92,4013000,Discharging,21.0,26.4,8.9,34.9,14.0,3416,3886,,,
2893,35738,37346,36542,26700,1008000,1008000,92,4013000,Discharging,23.1,27.1,9.2,37.6,18.1,3343,3880,,,
2895,36073,37413,36073,26700,1008000,1008000,92,4013000,Discharging,23.3,19.7,13.4,31.8,27.6,3260,3870,,,
2898,36006,37279,36408,26700,1008000,1008000,92,4013000,Discharging,22.2,20.3,13.0,35.8,19.0,2184,2587,,,
2900,36475,37547,36542,26700,1008000,1008000,92,4007000,Discharging,23.0,24.1,11.9,24.7,32.4,3332,3904,,,
2902,36475,37413,36475,26700,1008000,1008000,92,4011000,Discharging,22.9,19.7,11.1,31.3,29.6,3512,3968,,,
2904,36140,37413,36408,26700,1008000,1008000,92,4013000,Discharging,22.7,15.0,15.9,30.7,28.9,3300,3898,,,
2906,36274,37681,36408,26700,1008000,1008000,92,4012000,Discharging,22.3,15.2,6.5,48.2,18.3,3282,3902,,,
2909,36408,37279,36810,26700,1008000,1008000,92,4012000,Discharging,22.9,26.0,9.2,31.5,25.6,2249,2608,,,
2911,36274,37346,36743,26700,1008000,1008000,92,4010000,Discharging,23.0,17.3,11.0,34.9,29.1,3402,3889,,,
2913,36073,37212,36676,26700,1008000,1008000,92,4012000,Discharging,22.2,18.6,10.3,35.9,23.7,3244,3875,,,
2915,36006,37346,36475,26700,1008000,1008000,92,4012000,Discharging,22.7,15.0,8.8,44.4,21.8,3188,3809,,,
2917,36274,37279,36810,26800,1008000,1008000,92,4011000,Discharging,22.6,16.9,8.3,37.0,28.4,3232,3886,,,
2920,36341,37413,36877,26700,1008000,1008000,92,4011000,Discharging,22.7,21.6,13.4,23.8,31.7,2225,2583,,,
2922,36475,38016,36542,26700,1008000,1008000,92,4012000,Discharging,22.7,17.5,6.9,49.3,16.1,3392,3914,,,
2924,35872,37212,36877,26800,1008000,1008000,92,4011000,Discharging,23.2,21.3,10.6,30.0,31.2,3314,3900,,,
2926,36274,37614,36676,26700,1008000,1008000,92,4012000,Discharging,22.2,16.9,11.6,44.0,15.7,3231,3868,,,
2928,36207,37346,36408,26700,1008000,1008000,92,4012000,Discharging,22.4,12.1,10.6,42.9,24.2,3150,3828,,,
2931,36073,37681,36341,26700,1008000,1008000,92,4012000,Discharging,23.4,17.2,13.0,34.6,28.2,2165,2598,,,
2933,36341,37681,36810,26700,1008000,1008000,92,4008000,Discharging,23.4,19.4,7.8,31.7,34.5,3378,3898,,,
2935,36743,37614,36743,26800,1008000,1008000,92,4006000,Discharging,22.9,21.4,16.1,33.3,21.4,3320,3878,,,
2937,36140,37614,36542,26700,1008000,1008000,92,4012000,Discharging,20.3,26.7,10.0,29.6,14.2,3037,3625,,,
2939,35068,36877,35872,26700,1008000,1008000,92,4021000,Discharging,18.4,27.8,10.6,25.0,11.6,2144,2190,,,
2942,34599,35872,35269,26700,1008000,1008000,92,4020000,Discharging,16.3,37.2,7.8,14.4,4.7,1191,1105,,,
2944,35470,36810,36140,26800,1008000,1008000,92,4013000,Discharging,18.7,33.8,10.7,14.4,15.8,2579,2859,,,
2946,36140,37145,36274,26800,1008000,1008000,92,4011000,Discharging,22.8,25.9,9.8,33.8,21.3,3276,3872,,,
2948,36408,37413,36408,26800,1008000,1008000,92,4011000,Discharging,22.1,22.6,12.8,28.8,24.2,3371,3942,,,
2950,36207,37279,36609,26800,1008000,1008000,92,4011000,Discharging,21.6,23.8,12.6,28.9,20.8,3399,3959,,,
2953,35805,37011,36877,26800,1008000,1008000,92,4012000,Discharging,21.7,27.4,9.8,19.1,30.9,2380,2684,,,
2955,36475,37346,36207,26800,1008000,1008000,92,4013000,Discharging,22.8,26.5,7.9,30.2,26.4,3310,3874,,,
2957,35872,37480,36609,26800,1008000,1008000,92,4012000,Discharging,22.1,27.7,16.7,17.1,26.9,3294,3859,,,
2959,36609,37815,36542,26800,1008000,1008000,92,4010000,Discharging,21.1,32.3,12.4,20.3,19.2,3432,3944,,,
2961,36408,37413,37212,26800,1008000,1008000,92,4012000,Discharging,22.5,21.3,7.9,35.0,25.6,3238,3897,,,
2964,36341,37346,36475,26800,408000,1008000,92,4011000,Discharging,22.0,23.8,13.4,22.8,27.5,2311,2616,,,
2966,35939,37346,36609,26800,1008000,1008000,92,4011000,Discharging,22.2,19.5,9.7,36.1,23.7,3244,3862,,,
2968,36140,37480,36542,26800,1008000,1008000,92,4011000,Discharging,22.3,16.4,16.4,27.4,28.7,3278,3912,,,
2970,36408,37346,36743,26800,1008000,1008000,92,4003000,Discharging,23.1,25.0,9.3,38.4,19.7,3348,3937,,,
2972,36609,37815,36676,26800,1008000,1008000,92,4009000,Discharging,21.8,26.5,11.0,27.2,22.9,3502,3966,,,
2975,36609,37346,36408,26800,1008000,1008000,92,4011000,Discharging,21.3,33.6,17.9,20.0,12.6,2269,2586,,,
2977,36542,37547,36743,26800,1008000,1008000,92,4010000,Discharging,23.3,22.3,15.0,25.1,32.4,3280,3860,,,
2979,36475,37547,36676,26800,1008000,1008000,92,4010000,Discharging,21.9,14.1,6.5,32.4,33.6,3172,3807,,,
2981,36542,38016,36609,26800,1008000,1008000,92,4010000,Discharging,22.5,24.5,16.5,31.7,17.7,3351,3916,,,
2983,36542,37413,37011,26800,1008000,1008000,92,4010000,Discharging,22.4,19.2,8.4,37.1,24.9,3398,3892,,,
2986,36341,37748,36743,26800,1008000,1008000,92,4009000,Discharging,22.2,25.0,8.3,27.3,27.9,2231,2582,,,
2988,36274,38150,36341,26800,1008000,1008000,92,4010000,Discharging,22.1,25.1,9.4,32.9,20.7,3328,3880,,,
2990,36609,37212,36877,26800,1008000,1008000,92,4010000,Discharging,23.5,18.8,10.2,39.9,24.4,3264,3852,,,
2992,36274,37547,36743,26800,1008000,1008000,92,4009000,Discharging,22.2,14.2,11.1,34.0,29.5,3234,3871,,,
2994,36341,37547,36609,26800,1008000,1008000,92,4009000,Discharging,22.7,22.9,8.8,30.6,28.4,3564,3952,,,
2997,36743,37815,36743,26800,1008000,1008000,92,4009000,Discharging,21.4,20.6,8.8,31.5,25.8,2068,2434,,,
2999,36140,37212,36341,26800,1008000,1008000,92,4018000,Discharging,18.4,25.8,10.3,23.4,13.4,2783,3107,,,
3001,34733,35738,35336,26800,1008000,1008000,92,4019000,Discharging,17.1,28.4,16.1,12.0,11.7,1657,1606,,,
3003,34800,35805,34800,26800,1008000,1008000,92,4019000,Discharging,17.9,32.1,21.4,8.8,9.2,2042,1996,,,
3005,36140,37279,35939,26800,1008000,1008000,92,4006000,Discharging,23.3,24.3,9.8,42.9,16.1,3276,3888,,,
3008,36140,37145,36140,26800,1008000,1008000,92,4010000,Discharging,23.0,19.9,9.3,33.9,29.0,2150,2552,,,
